Artist Name,Singer ID
015b,id10000
10000_Maniacs,id10001
10_000_Maniacs,id10002
10_Years,id10003
10cc,id10004
112,id10005
12,id10006
12_Stones,id10007
1349,id10008
14_Bis,id10009
17,id10010
1725,id10011
1741,id10012
182,id10013
1828,id10014
1910_Fruitgum_Company,id10015
1927,id10016
1937,id10017
1961,id10018
1974_AD,id10019
1974_ad_pahilo_junema,id10020
1_God,id10021
1st_Retro,id10022
2,id10023
20_Fingers,id10024
2Jam_feat_MC_Junior_JC,id10025
2NE1,id10026
2Pac,id10027
2_Brothers_On_The_4th_Floor,id10028
2_Fabiola,id10030
2_In_A_Room,id10031
2_Pac,id10032
2_Unlimited,id10033
311,id10036
360_gradi,id10037
36_CrazyFists,id10038
38_Special,id10040
3LW,id10041
3_Doors_Down,id10042
3_Feet_Smaller,id10043
3_Inches_Of_Blood,id10044
3oh3_Feat_Katy_Perry,id10045
3rd_Storee,id10046
4,id10047
49,id10048
4_Family,id10049
4_Fun,id10050
4_Him,id10051
4_Non_Blondes,id10052
4_PM,id10053
4_The_Cause,id10054
5000_Volts,id10055
500_And_China_Blue,id10056
50_Cent,id10058
50_Cent_Feat_Justin_Timberlake,id10059
50_Cent_ft_Olivia,id10060
52s,id10061
549,id10062
5_Hi5,id10063
5_Seconds_Of_Summer,id10064
5_voices,id10065
5ive,id10066
5th_Dimension,id10067
69_Eyes,id10068
69ers,id10069
69ers_The,id10070
702,id10071
71,id10072
78_Bit,id10073
808_State,id10074
883,id10075
88_Fingers_Louie,id10076
8_Foot_Sativa,id10077
911,id10078
98_Degrees,id10079
98__Stevie_Wonder,id10080
98_ft_Stevie_Wonder,id10081
99_Posse,id10082
9_To_5_Cast,id10083
ABBA,id10084
ABBA_Tischmusikversion,id10085
ABC,id10086
ACDC,id10087
AC_DC,id10088
AFI,id10089
ANGELES_DEL_INFIERNO,id10090
ATB,id10091
ATC,id10092
AX,id10093
AX__Fedez,id10094
A_Belén_Y_V_Manuel,id10095
A_Bocelli__M_Sanchez,id10096
A_Chorus_Line_Soundtrack_Cast,id10097
A_F_I,id10098
A_Flock_Of_Seagulls,id10099
A_H_Palmer,id10100
A_Ha,id10101
A_J_Fynn,id10102
A_Jag,id10103
A_Jenkins,id10104
A_K_Williams,id10105
A_Little_Mermaid,id10106
A_Parker,id10107
A_Perfect_Circle,id10108
A_R_Rahman__Pussycat_Dolls,id10109
A_Taste_Of_Honey,id10110
A_Teens_ABBA_Teens,id10112
A_Touch_of_Class,id10113
Aage_Eliasson,id10114
Aaliyah,id10115
Aaron_Carter,id10116
Aaron_Goodvin,id10117
Aaron_Lindsey,id10118
Aaron_Lines,id10119
Aaron_Neville,id10120
Aaron_Pritchett,id10121
Aaron_Tippin,id10122
Aaron_Trippin,id10123
Aaron_Williams,id10124
Abel,id10127
Abel_Carl_Friedrich,id10128
Abig_Adolphé,id10129
Abigail,id10130
Aborted,id10131
Aboyan_Gayk,id10132
Abraham_Maxim,id10133
Abraham_Wood,id10134
Abreu_Zequinha,id10135
Absent_Friends,id10136
Absolom,id10137
Absurd,id10138
Abt_Franz,id10139
Abundio_Antonelli,id10140
Abyss_The,id10141
Accept,id10143
Accoustic_Alchemy,id10144
Acda_en_de_Munnik,id10145
Ace,id10146
Ace_Cats,id10147
Ace_Frehley,id10148
Ace_Of_Base,id10149
Achille_Lauro,id10151
Achille_Lauro_ft_Boss_Doms,id10152
Achim_Reichel,id10153
Acid_Death,id10154
Acker_Bilk,id10155
Acoustic_Alchemy,id10156
Acoustic_Version,id10157
Across_The_Universe_Soundtrack,id10158
Ada_Mori,id10159
Adam_Brand,id10160
Adam_Brand_And_The_Outlaws,id10161
Adam_Clayton__Larry_Mullen,id10162
Adam_Clayton__Larry_Mullen_Jr,id10163
Adam_Faith,id10164
Adam_Geibel,id10165
Adam_Green,id10166
Adam_Gregory,id10167
Adam_Gumpelzhaimer,id10168
Adam_Harvey,id10169
Adam_Krieger,id10170
Adam_Lambert,id10171
Adam_Levine,id10172
Adam_Mansell_Orchestra,id10173
Adam_Mansell_Orchestra__The_Broadway_Singers,id10174
Adam_Michna,id10175
Adam_Rener,id10176
Adam_Rickitt,id10177
Adam_Sandler,id10178
Adam_Wade,id10179
Adam_de_Antiquis,id10180
Adam_de_la_Halle,id10181
Adam_of_Fulda,id10182
Adamo,id10183
Adams_Bryan,id10184
Adams_Ryan,id10185
Adams_Stefan,id10186
Adamski,id10187
Adele,id10188
Adeva,id10189
Adiemus,id10190
Adina_Howard,id10191
Adje__Theo,id10192
Admiral_Hook_and_his_Magic_Sax,id10193
Adolescentes,id10194
Adolescents_Orquesta,id10195
Adolf_Eduard_Marschner,id10196
Adolfo_Kaim,id10197
Adolphe,id10198
Adoniram_Judson_Gordon,id10199
Adriaenssen_Emanuel,id10200
Adrian_Batten,id10201
Adrian_Cuello,id10202
Adrian_Guerra,id10203
Adrian_Wall,id10204
Adrian_Willaert,id10205
Adriana_Calcanhoto,id10206
Adriana_Ruocco,id10207
Adriano_Banchieri,id10208
Adriano_Celentano,id10209
Adriano_Celentano__Milena_Cantù,id10210
Adriano_Celentano__Mina,id10211
Adriano_Celentano__Pilade,id10212
Adriano_Celentano_e_Claudia_Mori,id10213
Adriano_Celentano_e_Nada,id10214
Adriano_Pappalardo,id10215
Adrianus_Petit_Coclico,id10216
Adson_John,id10217
Aegis,id10218
Aeroplanitaliani,id10219
Aerosmith,id10220
Afric_Simone,id10221
Afro_Medusa,id10222
Afroman,id10223
After_7,id10224
After_All,id10225
After_Forever,id10226
Against_All_Authority,id10227
Against_Me,id10228
Agalloch,id10229
Agathodaimon,id10230
Agazzari_Agostino,id10231
Agnaldo_Baêta,id10232
Agnes,id10233
Agnes_Carlsson,id10234
Agnes_Zimmermann,id10235
Agneta_Feltskog,id10236
Agony_Scene,id10237
Agony_Scene_The,id10238
Agostini_Paolo,id10239
Agostino_Acquaviva,id10240
Agostino_Agazzari,id10241
Agostino_Agresta,id10242
Agostino_Sanna,id10243
Agostino_Steffani,id10244
Agrell_Johan,id10245
Agricola_Alexander,id10246
Agricola_Johann_Friedrich,id10247
Agua_Azucarillos_Y_Aguardiente_Zarzuela,id10248
Agua_Marina,id10249
Aguado_Dionisio,id10250
Aguilera_de_Heredia_Sebastián,id10251
Agustín_Pantoja,id10252
Ah_Feeling,id10253
Aha,id10254
Ahle_Johann_Rudolf,id10255
Ahmed_Ghulamali_Chagla,id10256
Aichinger_Gregor,id10257
Ailee,id10258
Air,id10259
Air_Supply,id10260
Airbag,id10261
Ajattara,id10262
Akb_48,id10263
Akcent,id10264
Akercocke,id10265
Akina_Nakamori,id10266
Akon,id10267
Akon_ft_Colby_ODonis__Kardinal_Offishall,id10268
Al_Bano,id10269
Al_Bano_Carrisi,id10270
Al_Bano_Toto_Cutugno__Fausto_Leali,id10271
Al_Bano__Romina_Power,id10272
Al_Caiola,id10273
Al_Di_Meola,id10274
Al_Di_Meola__Les_Paul,id10275
Al_Dimeola__Paco_Delucia,id10276
Al_Green,id10277
Al_Jarreau,id10278
Al_Jolson,id10279
Al_Martino,id10280
Al_Martino_Feat_The_Glenn_Miller_Orchestra,id10281
Al_Piantadosi,id10282
Al_Stewart,id10283
Al_Wilson,id10284
Ala_Jaza,id10285
Alabama,id10286
Alain_Barriere,id10287
Alain_Barrière,id10288
Alain_Caron,id10289
Alain_Clark,id10290
Alain_Delon__Phyllis_Nelson,id10291
Alan_Carr,id10292
Alan_Gray,id10293
Alan_Jackson,id10294
Alan_Jackson_And_Alison_Krauss,id10295
Alan_Jackson_Feat_Jimmy_Buffett,id10296
Alan_ODay,id10297
Alan_Parsons,id10299
Alan_Parsons_Project,id10300
Alan_Price,id10301
Alan_Sorrenti,id10302
Alan_Sorrenti__Jenny_B,id10303
Alan_Struck,id10304
Alan_Walker,id10305
Alana_Dante,id10306
Alanah_Myles,id10307
Alanis_Morissette,id10308
Alanis_Morrisette,id10309
Alannah_Myles,id10310
Alaska,id10311
Alaska_Y_Dinarama,id10312
Alaska_Y_Los_Pegamoides,id10313
Alazán,id10314
Albatros,id10315
Albert_Becker,id10316
Albert_Collins,id10317
Albert_Cummings,id10318
Albert_H_RoSewig,id10319
Albert_Hammond,id10320
Albert_Heinrich,id10321
Albert_Lee,id10322
Albert_Morris,id10323
Albert_Prince_Consort,id10324
Albert_West,id10325
Alberti_Johann_Friedrich,id10326
Albertin,id10327
Alberto_Anelli,id10328
Alberto_Barea,id10329
Alberto_Camerini,id10330
Alberto_Cortez,id10331
Alberto_Fortis,id10332
Alberto_Lupo,id10333
Alberto_Mussotto,id10334
Alberto_Nepomuceno,id10335
Alberto_Radius,id10336
Alberto_Sordi,id10337
Alberto_Urso,id10338
Alberto_da_lOcca,id10339
Alberto_Álvarez_Calero,id10340
Albin_Rasch,id10341
Albinoni_Tomaso,id10342
Albrechtsberger_Johann_Georg,id10343
Albrici_Vincenzo,id10344
Albéniz_Isaac,id10345
Alcazar,id10346
Alcock_Jr_John,id10347
Alcock_Sr_John,id10348
Aldo_Donati,id10349
Aldo_Nova,id10350
Aldo_Rossi,id10351
Aldo_Tagliapietra,id10352
Aldrovandini_Giuseppe_Antonio_Vincenzo,id10353
Aleandro_Baldi,id10354
Aleandro_Baldi__Marco_Guerzoni,id10355
Aled_Jones,id10356
Alejandra_Guzman,id10357
Alejandro_Conde,id10358
Alejandro_Fernández,id10359
Alejandro_Sanz,id10360
Alencar_Gabriel,id10361
Alesha_Dixon,id10362
Alessandra_Amoroso,id10363
Alessandro_Bono,id10364
Alessandro_Canino,id10365
Alessandro_Casillo,id10366
Alessandro_Costantini,id10367
Alessandro_Effrem,id10368
Alessandro_Errico,id10369
Alessandro_Grandi,id10370
Alessandro_Kirschner,id10371
Alessandro_Orologio,id10372
Alessandro_Parisotti,id10373
Alessandro_Pitoni,id10374
Alessandro_Romano,id10375
Alessandro_Safina,id10376
Alessandro_Scarlatti,id10377
Alessandro_Stradella,id10378
Alessandro_Striggio,id10379
Alessandro_Tadei,id10380
Alessi_Brothers,id10381
Alessia_Cara,id10382
Alessio_Bernabei,id10383
Alessio_Bonomo,id10384
Alessio_Caraturo,id10385
Alesso,id10386
Alex,id10387
Alex_Baroni,id10388
Alex_Britti,id10389
Alex_De_La_Nuez,id10390
Alex_Ferrari__Michel_Telo,id10391
Alex_Gaudino,id10392
Alex_Lloyd,id10393
Alex_Parks,id10394
Alex_Party,id10395
Alex_Swings_Oscar_Sings_Eurovision_DE_2009,id10396
Alex_Ubago,id10397
Alex_Wilson_ft_Aquilla_Fearon,id10398
Alexander_Agricola,id10399
Alexander_Arkhangelsky,id10400
Alexander_Campbell_Mackenzie,id10401
Alexander_Courage,id10402
Alexander_Ennulat,id10403
Alexander_Ertl,id10404
Alexander_Fesca,id10405
Alexander_Gillet,id10406
Alexander_Gretchaninoff,id10407
Alexander_Johnson,id10408
Alexander_ONeal,id10409
Alexander_Utendal,id10411
Alexander_Zonjic,id10412
Alexandra_Burke,id10413
Alexandra_Burke_ft_Flo_Rida,id10414
Alexandra_Stan,id10415
Alexandre_Guilmant,id10416
Alexei_Lvov,id10417
Alexia,id10418
Alexio_Neandro,id10419
Alfonso_Dalla_Viola,id10420
Alfonso_Ferrabosco_I,id10421
Alfonso_Ferrabosco_II,id10422
Alfonso_Fontanelli,id10423
Alfonso_Maria_de_Liguori,id10424
Alfonso_Preti,id10425
Alfonso_X_el_Sabio,id10426
Alfonso_X_of_Castile,id10427
Alfonso_el_Sabio,id10428
Alford_Kenneth_J,id10429
Alfred_Bryan_Fisher,id10430
Alfred_Hause,id10431
Alfred_James_Caldicott,id10432
Alfred_Robert_Gaul,id10433
Algiva,id10434
Ali_Gatie,id10435
Ali_Ollie_Woodson,id10436
Ali_Rıza_Bey_Kaptanzade,id10437
Ali_Woodson,id10438
Alias,id10439
Alice,id10440
Alice_Cooper,id10441
Alice_Deejay,id10442
Alice_In_Chains,id10443
Alice_In_Wonderland,id10444
Alice_Tegnér,id10445
Alici_Guido,id10447
Alicia,id10448
Alicia_Adelaide_Needham,id10449
Alicia_Bridges,id10450
Alicia_Keys,id10451
Alicia_Keys_Feat_Nicki_Minaj,id10452
Alicia_Scott,id10453
Alien_Ant_Farm,id10454
Alishas_Attic,id10455
Alison_Krauss,id10456
Alison_Krauss__Union_Station,id10457
Alison_Limerick,id10458
Alison_Moyet,id10459
Alistair_Griffin,id10460
Alive__Kicking,id10461
Alizée,id10462
All_4_One,id10463
All_Along_The_Watchtower,id10464
All_American_Rejects,id10465
All_Saints,id10466
All_That_Jazz_Cast,id10467
All_That_Remains,id10468
All_Time_Low,id10469
Allan_Holdsworth,id10470
Allan_Jackson_And_Jimmy_Buffett,id10471
Allan_Olsen,id10472
Allan_Theo,id10473
Alle_Farben_ft_Graham_Candy,id10474
Allegra,id10475
Allegri_Gregorio,id10476
Allegri_Lorenzo,id10477
Allen_Chester_G,id10478
Allen_George_Benjamin,id10479
Allen_George_Nelson,id10480
Allen_H_Simon,id10481
Allen_Thomas_S,id10482
Allison_Moorer,id10483
Allister,id10484
Allman_Brothers_Band,id10485
Allstars,id10486
Allunati,id10487
Allure,id10488
Alma_Cogan,id10489
Almond_Woolf,id10490
Aloe_Blacc,id10491
Alok__Bruno_Martini_ft_Zeeba,id10492
Alonso_Lobo,id10493
Alonso_Mudarra,id10494
Alonso_de_Cobaleda,id10495
Alphabeat,id10496
Alphaville,id10497
Alt__The_Lost_Civilization,id10498
Altar_Boyz_2_Cast,id10499
Altenburg_Johann_Ernst,id10500
Altenburg_Michael,id10501
Alter_Bridge,id10502
Althea_Rene,id10503
Altnikol_Johann_Christoph,id10504
Alunni_del_Sole,id10505
Alvaro_Soler,id10506
Alvaro_Soler__Morat,id10507
Alvaro_Soler_ft_Emma,id10508
Alvin_Cash,id10509
Alvin_Slaughter,id10510
Alvin_Stardust,id10511
Alvise_Balbi,id10512
Alyabyev_Aleksandr,id10513
Alzedo_José_Bernardo,id10514
Alıcıoğlu_Şafak,id10515
Amadeo_Gaetano,id10516
Amadeu_Vives,id10517
Amadio_Freddi,id10518
Amaia_Montero,id10519
Amalia_Anna,id10520
Amalia_Gre,id10521
Amalia_Grè,id10522
Amanda_Lear,id10523
Amanda_Marshall,id10524
Amanda_Perez,id10525
Amara,id10526
Amaral,id10527
Amber,id10528
Amber_Holcomb,id10529
Ambra,id10530
Ambrosia,id10531
Amedeo_Minghi,id10532
Amedeo_Minghi__Mariella_Nava,id10533
Amedeo_Minghi_e_Mietta,id10534
Amelio_Alberto,id10535
Amen_Corner,id10536
America,id10537
American_Authors,id10538
American_Breed,id10539
American_Made,id10540
American_Rejects,id10541
Amerie,id10542
Ames_Brothers,id10543
Amiel,id10544
Amigos_De_Ginés,id10545
Amii_Stewart,id10546
Amii_Stewart__Randy_Crawford,id10547
Amistades_Peligrosas,id10548
Ammons_Johnson,id10549
Amon_Amarth,id10550
Amorphis,id10551
Amos_Bull,id10552
Amos_Pilsbury,id10553
Amos_Tori,id10554
Amparanoia,id10555
Amparo_Sandino,id10556
Amy_Beach,id10557
Amy_Grant,id10558
Amy_MacDonald,id10559
Amy_Shark,id10561
Amy_Studt,id10562
Amy_Sudt,id10563
Amy_Winehouse,id10564
Amzi_Chapin,id10565
Ana_Belén,id10566
Ana_Gabriel,id10567
Ana_Reverte,id10568
Ana_Torroja,id10569
Anacker_August_Ferdinand,id10570
Ananias_Davisson,id10571
Anastacia,id10572
Anastacia__Eros_Ramazzotti_duet,id10573
Anastacia__Kekko,id10574
Anastasia,id10575
Anastasia_Cast_Recording,id10576
Anathema,id10577
Ancient_Rites,id10578
Anders_Frandsen,id10579
Andlauer_Louis_Marie_François,id10580
Andras_Cserny,id10581
Andre_Brasseur,id10582
Andre_Hazes,id10583
Andre_Stade,id10584
Andrea_Angelini,id10585
Andrea_Antico,id10586
Andrea_Berg,id10587
Andrea_Bianchi,id10588
Andrea_Bocelli,id10589
Andrea_Bocelli_And_Celine_Dion,id10590
Andrea_Bocelli__Gerardina_Trovato,id10591
Andrea_Bocelli__Giorgia,id10592
Andrea_Bocelli__Judy_Weiss,id10593
Andrea_Bocelli__Katharine_McPhee,id10594
Andrea_Bocelli__Laura_Pausini,id10595
Andrea_Bocelli__Sarah_Brightman,id10596
Andrea_Bocelli_con_Eros_Ramazzotti,id10597
Andrea_Cardillo,id10598
Andrea_Falconieri,id10599
Andrea_Febo,id10600
Andrea_Gabrieli,id10601
Andrea_Lucchetta,id10602
Andrea_Maria_Ottavini,id10603
Andrea_Mazzacavallo,id10604
Andrea_Mcardle,id10605
Andrea_Mingardi,id10606
Andrea_Mingardi__la_Blues_Brothers_Band,id10607
Andrea_Mirò,id10608
Andrea_Rota,id10609
Andrea_Saladi,id10610
Andrea_Sannino,id10611
Andrea_Stella,id10612
Andrea_True_Connection,id10613
Andrea_Vitello,id10614
Andrea_e_Nicole,id10615
Andreas_Berger,id10616
Andreas_Hakenberger,id10617
Andreas_Hammerschmidt,id10618
Andreas_Johnson,id10619
Andreas_Martin,id10620
Andreas_Pevernage,id10621
Andreas_Rauch,id10622
Andreas_Stenberg,id10623
Andreas_Stieger,id10624
Andreas_de_Silva,id10625
Andrew_Gold,id10626
Andrew_Johnson,id10627
Andrew_Llod_Webber,id10628
Andrew_Lloyd_Webber,id10629
Andrew_Miller,id10630
Andrew_Strong,id10631
Andrews_Sisters,id10632
Andris_Solims,id10633
Andru_Donalds,id10634
Andrè_Rieu,id10635
André,id10636
André_Campra,id10637
André_Hazes,id10638
André_Moss,id10639
André_Vierendeels,id10640
André_van_Duin,id10641
André_van_den_Heuvel_en_Leen_Jongewaard,id10642
Andrés_Calamaro,id10643
Andy,id10644
Andy_Borg,id10645
Andy_Dunne,id10646
Andy_Grammer,id10647
Andy_Griggs,id10648
Andy_Kim,id10649
Andy_Sheppard,id10650
Andy_Williams,id10651
Andy_Y_Lucas,id10652
Aneka,id10653
Anepeta_Luigi,id10654
Anerio_Felice,id10655
Anerio_Giovanni_Francesco,id10656
Anet_Jean_Baptiste,id10657
Angel_Embil,id10658
Angel_Villoldo,id10659
Angel_Viloria,id10660
Angela_Carrasco,id10661
Angela_María_Forero,id10662
Angela_Wiedl,id10663
Angele_Durand,id10664
Angelika_Milster,id10666
Angelito,id10667
Angelo_A_Asher,id10668
Angelo_Branduardi,id10669
Angelo_Fabiani,id10670
Angelo_Jay__Jasper,id10671
Angelo_Notari,id10672
Angelo_Venuto,id10673
Angels,id10674
Anggun,id10675
Angie_Mcmahon,id10676
Angie_Stone,id10677
Angra,id10678
Ani_Difranco,id10679
Aniceto_Molina,id10680
Anika_Paris,id10681
Animals,id10682
Animotion,id10683
Anita_Baker,id10684
Anita_Harris,id10685
Anita_Meyer,id10686
Anita_Ward,id10687
Anja_Baesch,id10688
Anja_Yelles,id10689
Ann_Christy,id10690
Ann_Lee,id10691
Ann_Peebles,id10692
Ann_Wilson,id10693
Anna_Betz,id10694
Anna_Identici,id10695
Anna_Johnson,id10696
Anna_Kendrick,id10697
Anna_Kendrick__Justin_Timberlake,id10698
Anna_Marchetti,id10699
Anna_Oxa,id10700
Anna_Russano,id10701
Anna_Tatangelo,id10702
Anna_Tatangelo_e_Gigi_DAlessio,id10703
Anna_Tatangelo_ft_Geolier,id10704
Anna_Wilson,id10705
Annalisa,id10706
Annalisa_Minetti,id10707
Annalisa_Scarrone,id10708
Annalisa_ft_Mr_Rain,id10709
Annalisa_ft_Rkomi,id10710
Annarita_Spinaci,id10711
Anne_Dorte_Michelsen,id10712
Anne_Gadegaard,id10713
Anne_Marie,id10714
Anne_Murray,id10715
Annibale_Coma,id10716
Annibale_Marchesini_e_Gisella_Viaro,id10717
Annibale_Meloni,id10718
Annibale_Orgas,id10719
Annibale_Padovano,id10720
Annibale_Stabile,id10721
Annibale_Zoilo,id10722
Annie,id10723
Annie_Get_Your_Gun,id10724
Annie_Lennox,id10725
Annie_Lennox__Al_Green,id10726
Annie_Villeneuve,id10727
Annihilator,id10728
Anonimo_Italiano,id10729
Anonymous,id10730
Another_Level,id10731
Anouk,id10732
Anselm_Schubiger,id10733
Anselmo_Genovese,id10734
Ant__Dec,id10735
Antegnati_Costanzo,id10736
Anthoine_de_Bertrand,id10737
Anthonis_Vermeeren,id10738
Anthony_Callea,id10739
Anthony_David,id10740
Anthony_Gomes,id10741
Anthony_Newley,id10742
Anthony_Werner,id10743
Anthrax,id10744
Antiloop,id10745
Antique,id10746
Antoine,id10747
Antoine_Boesset,id10748
Antoine_Brumel,id10749
Antoine_Busnois,id10750
Antoine_Cartier,id10751
Antoine_Charpentier,id10752
Antoine_Muret,id10753
Antoine_de_Févin,id10754
Antoine_de_Mornable,id10755
Anton_Bruckner,id10756
Anton_Foerster,id10757
Anton_Gosswin,id10758
Anton_Karas,id10759
Anton_Stepanovich_Arensky,id10760
Anton_Webern,id10761
Antonella_Arancio,id10762
Antonella_Bucci,id10763
Antonella_Ruggiero,id10764
Antonello_Rondi,id10765
Antonello_Venditti,id10766
Antonino,id10767
Antonino_Barges,id10768
Antonino_Spadaccino,id10769
Antonio,id10770
Antonio_Bertali,id10771
Antonio_Brunelli,id10772
Antonio_Caldara,id10773
Antonio_Caprioli,id10774
Antonio_Carlos_Jobim,id10775
Antonio_Carmona,id10776
Antonio_Cebrián,id10777
Antonio_Cesti,id10778
Antonio_Cifra,id10779
Antonio_Flores,id10780
Antonio_Gualtieri,id10781
Antonio_José,id10782
Antonio_Lotti,id10783
Antonio_Maria_Pacchioni,id10784
Antonio_Morari,id10785
Antonio_Morsolino,id10786
Antonio_Nola,id10787
Antonio_Orozco,id10788
Antonio_Ottaiano,id10789
Antonio_Salieri,id10790
Antonio_Scandello,id10791
Antonio_Soler,id10792
Antonio_Vega,id10793
Antonio_Vivaldi,id10794
Antonio_de_Cabezón,id10795
Antonio_de_Ribera,id10796
Antonio_de_Salazar,id10797
Antonio_e_Marcello,id10798
Antonius_Divitis,id10799
Antony_Santos,id10800
Antonín_Dvořák,id10801
Anuncio_Cerveza,id10802
Anuncio_Once,id10803
Anuncio_Peugeot_306,id10804
Anzen_Chitai,id10805
Aphrodites_Child,id10806
Apocalyptica,id10807
Apollo_2000,id10808
Apollo_440,id10809
Appleton,id10810
Appletons,id10811
April_Stevens,id10812
Après_Ski_Hut,id10813
Aqua,id10814
Arabella,id10815
Arakain,id10816
Aram_Quartet,id10817
Arbeau_Thoinot,id10818
Arcade_Fire,id10819
Arcadelt_Jacob,id10820
Arcangelo_Bergamasco,id10821
Arcangelo_Borsaro,id10822
Arcangelo_Crivello,id10823
Arcas_Julián,id10824
Arch_Enemy,id10825
Archie_Bell__The_Drells,id10826
Archies,id10827
Archimbaud_Louis,id10828
Archinuè,id10829
Arckanum,id10830
Arctic_Monkeys,id10831
Arcturus,id10832
Ardijah,id10833
Arditi_Luigi,id10834
Arensky_Anton,id10835
Aretha_Franklin,id10836
Aretha_Franklin__Eurythmics,id10837
Aretha_Franklin__Mariah_Carey,id10838
Argent,id10839
Ariana_Grande,id10840
Arianna,id10841
Arianna_Cleri,id10842
Arie_Fokkens,id10843
Arie_Ribbens,id10844
Ariel_e_Stefano_Centomo,id10845
Arijit_Singh,id10846
Arisa,id10847
Aristotle_Aure_Esguerra,id10848
Arlo_Guthrie,id10849
Arman_Azemoon,id10850
Armando_Savini,id10851
Armando_Trovajoli,id10852
Armik,id10853
Armonia_Dies,id10854
Armonium,id10855
Armor_For_Sleep,id10856
Armsdorf_Andreas,id10857
Armstrong_Luis,id10858
Armstrong_Peter_McKenzie,id10859
Army_of_Lovers,id10860
Arndt_Felix,id10861
Arne_Thomas_Augustine,id10862
Arnhemsgewijs,id10863
Arnold_Bax,id10864
Arnold_Mendelssohn,id10865
Arnold_de_Lantins,id10866
Arnold_von_Bruck,id10867
Aronchupa,id10868
Arr_Per_Big_Band,id10869
Arrangiata,id10870
Arrested_Development,id10871
Arresti_Floriano,id10872
Arrow,id10873
Art_Garfunkel,id10874
Art_Of_Noise,id10875
Art_Of_Noise_Feat_Duane_Eddy,id10876
Art_Porter,id10877
Art__Toddy,id10878
Artful_Dodger,id10879
Arthur_A_Penn,id10880
Arthur_Berridge,id10881
Arthur_Brown,id10882
Arthur_Carnall,id10883
Arthur_Conley,id10884
Arthur_H_Mann,id10885
Arthur_H_Messiter,id10886
Arthur_Henry_Brown,id10887
Arthur_Henry_Mann,id10888
Arthur_Marshall,id10889
Arthur_Prysock,id10890
Arthur_Somervell,id10891
Arthur_Sullivan,id10892
Arthur_W_Finer,id10893
Arthur_Warrell,id10894
Arthur_William_Marchant,id10895
Articolo_31,id10896
Artie_Shaw,id10897
Artiesten_Met_Een_Hart,id10898
Artiesten_voor_Azie,id10899
Artisti_Uniti_Per_LAbruzzo,id10900
Artists_for_Grenfell,id10901
Artur_C_Ferdinand,id10902
Arty_Shaw,id10903
As_I_Lay_Dying,id10904
Asa,id10905
Asahel_Benham,id10906
Ascanio_Trombetti,id10907
Ascher_Joseph,id10908
Asesino,id10909
Ash,id10910
Asha_Puthli,id10911
Ashante_Moore,id10912
Ashanti,id10913
Ashe,id10914
Ashford_Emma_Louise,id10915
Ashford__Simpson,id10916
Ashlee_Simpson,id10917
Asia,id10918
Aslan,id10919
Asleep_At_The_Wheel,id10920
Asola_Giammateo,id10921
Aspects_Of_Love,id10922
Association,id10923
Aston_Hugh,id10924
Aston_Merrygold,id10925
Astrid__Freddy_Brecht,id10926
Astroline,id10927
Astrud_Gilberto,id10928
Aswad,id10929
At_The_Gates,id10930
Atanas_Badev,id10931
Ataris,id10932
Atheist,id10933
Athlete,id10934
Atie_Bernet,id10935
Atkins_Chet,id10936
Atlanta_Rhythm_Section,id10937
Atlantic_Star,id10938
Atlantic_Starr,id10939
Atomic_Kitten,id10940
Atomik_Harmonik,id10941
Atrocity,id10942
Attaque_77,id10943
Attwood_Thomas,id10944
Aubrey_Lovejoy,id10945
Audio_2,id10946
Audio_2__Mina,id10947
Audio_Adrenaline,id10948
Audioslave,id10949
Audrey_Landers,id10950
August_De_Boeck,id10951
Auguste_Chérion,id10952
Auguste_Gevaert,id10953
Auguste_de,id10954
Augustin_Pfleger,id10955
Augusto_Daolio_e_Aida_Satta_Flores,id10956
Augusto_Martelli,id10957
Aurelio_Fierro,id10958
Aurora,id10959
Austin_De_Lone,id10960
Australian_Crawl,id10961
Australian_National_Anthem,id10962
Ava_Max,id10963
Ava__Stone,id10964
Avantasia,id10965
Avenged_Sevenfold,id10966
Aventura,id10967
Average_White_Band,id10968
Avicii,id10969
Avicii_ft_Agnes_Carlsson_Vargas__Lagola,id10970
Avicii_ft_Aloe_Blacc,id10971
Avicii_ft_Rita_Ora,id10972
Avicii_vs_Conrad_Sewell,id10973
Avion_Travel,id10974
Avishai_Cohen,id10975
Avril_Lavigne,id10976
Awolnation,id10977
Ax__Bianca_Atzei,id10979
Ax__Loredana_Bertè,id10981
Axe_Bahia,id10982
Axel_Becker,id10983
Axelle_Red,id10984
Axiom,id10985
Axle_Whitehead,id10986
Aya_Hirano,id10987
Ayer_Nathaniel_Davis,id10988
Ayo,id10989
Ayreon,id10990
AzYet,id10991
Az_Yet,id10992
Azaghal,id10993
Azevedo,id10994
Azul_Azul,id10995
Azúcar_Moreno,id10996
B2k_Feat_Pdiddy,id10997
B52,id10998
BAP,id10999
BAU,id11000
BBMak,id11001
BBOTI,id11002
BB_Birdy,id11003
BB_King,id11004
BC_52s,id11005
BED,id11006
BERRY_CHUCK,id11007
BG_the_Prince_of_Rap,id11008
BHM_Pezzy,id11009
BJ_Thomas,id11010
BJ_vs_Govinda,id11011
BLACPEPPERS,id11012
BOWIE_DAVID,id11013
BT,id11014
BTS,id11015
BT_Express,id11016
BW_Stevenson,id11017
BWitched,id11018
BZN,id11019
B_Bumble__Stingers,id11020
B_Herrmann,id11021
B_J_Thomas,id11022
B_Kjaer__J_Logan,id11023
B_Letantius,id11024
B_Witched,id11025
Babasonicos,id11026
Babe_Ruth,id11027
Babou_Thomas,id11028
Baby_Animals,id11029
Baby_Bash,id11030
Baby_Bird,id11031
Baby_D,id11032
Baby_Face,id11033
Baby_K,id11034
Baby_K__Chiara_Ferragni,id11035
Baby_K_ft_Giusy_Ferreri,id11036
Babybird,id11037
Babyface,id11038
Babylon_Zoo,id11039
Babyy_Bumpstock,id11040
Baccara,id11041
Baccio_Moschini,id11042
Baccusi_Ippolito,id11043
Bach,id11044
Bach_Carl_Philipp_Emanuel,id11045
Bach_Gounod,id11046
Bach_Heinrich,id11047
Bach_Johann_Bernhard,id11048
Bach_Johann_Christian,id11049
Bach_Johann_Christoph,id11050
Bach_Johann_Christoph_Friedrich,id11051
Bach_Johann_Michael,id11052
Bach_Johann_Sebastian,id11053
Bach_Wilhelm_Friedemann,id11054
Bachelor_Girl,id11055
Bachman_Turner_Overdrive,id11056
Bachmann_Georges,id11057
Back_To_The_Future,id11058
Backend_Casey,id11059
Backstreet_Boys,id11060
Bad_Boys_Blue,id11061
Bad_Company,id11062
Bad_English,id11063
Bad_Finger,id11064
Bad_Logic,id11065
Bad_Manners,id11066
Bad_Religion,id11067
Baddiel_Skinner_And_The_Lightning_Seeds,id11068
Baddiel_Skinner__The_Lightning_Seeds,id11069
Badfinger,id11071
Badly_Drawn_Boy,id11072
Bagatelle,id11073
Baha_Men,id11074
Baier_Peter,id11075
Baillie__The_Boys,id11076
Baini_Giuseppe,id11077
Baja_Marimba_Band,id11078
Bakfark_Bálint,id11079
Bal,id11080
Balakirev_Mily,id11081
Balbi_Ludovico,id11082
Bald_N_Spikey,id11083
Baldassare_Donato,id11084
Baldassare_Galuppi,id11085
Balfe_Michael_William,id11086
Ball_Ernest_Roland,id11087
Balladori_Angelo,id11088
Ballard_Christophe,id11089
Ballione_Gerolamo,id11090
Balthasar_Resinarius,id11091
Baltimora,id11092
Bamble_B_disco,id11093
Bamboo,id11094
Bamse,id11095
Bamses_Venner,id11096
Bananafishbones,id11097
Bananarama,id11098
Banararama,id11099
Banaroo,id11100
Banchieri_Adriano,id11101
Banco_del_Mutuo_Soccorso,id11102
Band,id11103
Band_Aid,id11104
Band_Aid_UK,id11105
Band_Aid_USA,id11106
Band__Chor,id11107
Band_ohne_Namen,id11108
Banda_Blanca,id11109
Banda_Sonora,id11110
Bandit,id11111
Bandolero,id11112
Banghra,id11113
Bangles,id11114
Banister_The_Younger_John,id11115
Baptista_Francisco_Xavier,id11116
Baptiste,id11117
Baptiste_Faure,id11118
Baptiste_Lully,id11119
Baranowska_Tekla,id11120
Barathrum,id11121
Barbados,id11122
Barbara,id11123
Barbara_Baldieri,id11124
Barbara_Cola,id11125
Barbara_Cooper,id11126
Barbara_Dex,id11127
Barbara_Dickson,id11128
Barbara_Law,id11129
Barbara_Lewis,id11130
Barbara_Mandrell,id11131
Barbara_McNair,id11132
Barbara_Mills,id11133
Barbara_Rosen,id11134
Barbara_Strozzi,id11135
Barbetta_Giulio_Cesare,id11136
Barbieri_Girolamo,id11137
Barbireau_Jacobus,id11138
Barbour_F_W,id11139
Barbra_Streisand,id11140
Barbra_Streisand__Barry_Gibb,id11141
Barbra_Streisand__Bryan_Adams_duet,id11142
Barbra_Streisand__Celine_Dion,id11143
Barclay_James_Harvest,id11144
Bardot,id11145
Barenaked_Ladies,id11146
Bargnani_Ottavio,id11147
Barlow_Gary,id11148
Barnabas_McKyes,id11149
Barnby_Joseph,id11150
Barnes_Edward_Shippen,id11151
Baron,id11152
Barrabas,id11153
Barrabbas,id11154
Barricada,id11155
Barrios_Mangoré_Agustín,id11156
Barry,id11157
Barry_And_The_Tamerlanes,id11158
Barry_Blue,id11159
Barry_Crocker,id11160
Barry_Gray_Orchestra,id11161
Barry_Hughes,id11162
Barry_Manilow,id11163
Barry_Mann,id11164
Barry_McGuire,id11165
Barry_Ryan,id11166
Barry_White,id11167
Barry_White_Orchestra,id11168
Barry__Eileen,id11169
Barryae_ft_Bryson_Tiller_x_Chris_Brown,id11170
Bart_Bosch,id11171
Bart_Herman,id11172
Bart_Howard,id11173
Bart_Kaell,id11174
Bart_Kaëll,id11175
Bart_Peeters,id11176
Bart_Peeters__De_Radios,id11177
Bart_Van_Den_Bossche,id11178
Bart_Willard,id11179
Bartalus_István,id11180
Bartholomeus_Gesius,id11181
Bartlett_Homer_Newton,id11182
Bartolomeo_Barbarino,id11183
Bartolomeo_Cordans,id11184
Bartolomeo_Roy,id11185
Bartolomeo_Spighi_da_Prato,id11186
Bartolomeo_Spontone,id11187
Bartolomeo_Tromboncino,id11188
Bartolomeo_de_Mutiis,id11189
Bartolomé_de_Escobedo,id11190
Bartomeu_Carceres,id11191
Bartók_Béla,id11192
Bartłomiej_Pękiel,id11193
Basement_Jaxx,id11194
Basford_Benjamin,id11195
Basilio,id11196
Bassano_Jerome,id11197
Basshunter,id11198
Bastille,id11199
Bata_Illic,id11200
Bateson_Thomas,id11201
Bathory,id11202
Batten_Adrian,id11203
Battleaxe,id11204
Battlelore,id11205
Bauhaus,id11206
Bauldeweyn_Noel,id11207
Baur_Jean,id11208
Baustelle,id11209
Baustelle_ft_Valeria_Golino,id11210
Baxter_John,id11211
Bay_City_Rollers,id11212
Bb_Mak,id11214
BeBe__CeCe_Winans,id11215
Bea_Bronchal,id11216
Beach_Boys,id11217
Beady_Eye,id11218
Beagle_Music_Ltd,id11219
Beano,id11220
Beans,id11221
Beastie_Boys,id11222
Beatallica,id11223
Beatles,id11224
Beatles_The,id11225
Beaumont,id11226
Beautiful_South,id11227
Beauty_And_The_Beast,id11228
Bebe,id11229
Bebe_Winans,id11230
Beccy_Cole,id11231
Beck,id11232
Beck_Franz_Ignaz,id11233
Beck_Jeff,id11234
Becker_Carl_Ferdinand,id11235
Becker_Dietrich,id11236
Becker_Jason,id11237
Beckmann_Gustav,id11238
Beckwith_John,id11239
Becky_Hill__Sigala,id11240
Bed__Breakfast,id11241
Bedetti_Tiziano,id11242
Bee_Gees,id11243
Beethoven,id11244
Beethoven_Ludwig_van,id11245
Behemoth,id11246
Beherit,id11247
Belafonte_Harry,id11248
Belanova,id11249
Belen_Arjona_Y_Mana,id11250
Belenos,id11251
Belinda_Carlisle,id11252
Bell_Book__Candle,id11253
Bellak_James,id11254
Bellamy_Brothers,id11255
Bellando_Domenico,id11256
Bellasio_Paolo,id11257
Bellavere_Vincenzo,id11258
Belle_Perez,id11259
Belle_Perez__Jody_Bernal,id11260
Bellefire,id11261
Bellini,id11262
Bellini_Vincenzo,id11263
Bellstedt_Herman,id11264
Belouis_Some,id11265
Beloved,id11266
Beloved_The,id11267
Belphegor,id11268
Ben_Cramer,id11269
Ben_E_King,id11270
Ben_E_King__The_Drifters,id11271
Ben_Folds_Five,id11272
Ben_Haenow,id11273
Ben_Harper,id11274
Ben_Heffer,id11275
Ben_Lee,id11276
Ben_Moody_feat_Anastacia,id11277
Ben_Rector,id11278
Ben_Tankard,id11279
Ben_Watt,id11280
Benda_Georg,id11281
Bendel_Franz,id11282
Bendelari_Alfredo,id11283
Bendinelli_Agostino,id11284
Benedetto_Ferrari,id11285
Benedetto_Marcello,id11286
Benedetto_Pallavicino,id11287
Benedetto_Re,id11288
Benedictus_Buns,id11289
Benedictus_Ducis,id11290
Benedikt_Faber,id11291
Benet_Julià,id11292
Bengels,id11293
Bengt_Bäckestrand,id11294
Beniamino_Gigli,id11295
Benjamin_Cooke,id11296
Benjamin_Cuzens,id11297
Benjamin_Hanby,id11298
Benjamin_Ipavec,id11299
Benjamin_Longmire,id11300
Benjamin_Milgrove,id11301
Benjamin_Orr,id11302
Benjamin_Rogers,id11303
Benji__Fede,id11304
Benji__Fede_ft_Annalisa,id11305
Benji__Fede_ft_Xriz,id11306
Bennet_John,id11307
Bennett_Mintern_Swaffield,id11308
Bennie_K,id11309
Benny,id11310
Benny_Blanco,id11311
Benny_Hill,id11312
Benny_Neyman,id11313
Benny_Quick,id11314
Benoist,id11315
Benoist_François,id11316
Benoit_Peter,id11317
Bense,id11318
Beppe_Junior,id11319
Berchem_Jacquet_de,id11320
Bergamo_Davide_da,id11321
Berggreen_Andreas_Peter,id11322
Bering_Strait,id11323
Berkahn_Samuel_James,id11324
Berlin,id11325
Berlin_Irving,id11326
Berlioz_Hector,id11327
Bernard_Fanning,id11328
Bernard_Herrmann,id11329
Bernard_de_la_Monnoye,id11330
Bernardino_Mosto,id11331
Bernardino_Vannini,id11332
Bernardo_Lanzetti,id11333
Bernd_Clüver,id11334
Bernd_Spier,id11335
Berner_Friedrich_Wilhelm,id11336
Bernhard_Brink,id11337
Bernhard_Christoph,id11338
Bernhard_Klein,id11339
Bernie_Paul,id11340
Bernie_Paul__Friends,id11341
Berserk,id11343
Bert_Kaempfert,id11344
Bertali_Antonio,id11345
Bertas,id11346
Berthold_Tours,id11347
Bertie_Higgins,id11348
Bertin_Osborne,id11349
Bertini_Henri,id11350
Berto_Pisano,id11351
Bertrandus_Vaqueras,id11352
Berzerker,id11353
Berzerker_The,id11354
Besozzi_Alessandro,id11355
Besset_Julian_Raoul,id11356
Best_William_Thomas,id11357
Betagarri,id11358
Beth,id11359
Bethel_Christian_Center_Choir,id11360
Bette_Midler,id11361
Better_Than_Ezra,id11362
Betty,id11363
Betty_Boop,id11364
Betty_Curtis,id11365
Betty_Everett,id11366
Betty_Missiego,id11367
Between_The_Buried_And_Me,id11368
Beurle_Johannes_Christian,id11369
Bev_Harrell,id11370
Beverley_Craven,id11371
Beverley_Knight,id11372
Beverly_Craven,id11373
Bevin_Elway,id11374
Bewitched,id11375
Bextor,id11376
Beyonce,id11377
Beyonce_Knowles,id11378
Beyonce_Knowles_Feat_Sean_Paul,id11379
Beyonce_Knowles_Ft_Shakira,id11380
Beyonce_Y_Alejandro_Fernandez,id11381
Beyonce__Childish_Gambino,id11382
Beyonce__Shakira,id11383
Beyoncé,id11384
Beyoncé_feat_Jennifer_Lopez,id11385
Beyond,id11386
Biagio_Antonacci,id11387
Biagio_Antonacci__Luca_Carboni,id11388
Biagio_Antonacci_ft_Leona_Lewis,id11389
Bianca,id11390
Bianca_Atzei,id11391
Bianca_Atzei__Alex_Britti,id11392
Bianca__Ray,id11393
Bic_Runga,id11394
Bienvenido_Rodriguez,id11395
Biezebaaze,id11396
Biffy_Clyro,id11397
Bifrost,id11398
Big_Bad_Voodoo_Daddy,id11399
Big_Band,id11400
Big_Band_Version,id11401
Big_Bopper,id11403
Big_Country,id11404
Big_Fat_Snake,id11405
Big_Head_Todd_And_The_Monsters,id11406
Big_House,id11407
Big_Joe_Turner,id11408
Big_Mountain,id11409
Big_Punisher,id11410
Big__Rich_Feat_Gretchen_Wilson,id11411
Bilk_Mr_Acker__His_Orchestra,id11412
Bill_And_Gloria_Gaithersburg,id11413
Bill_Conti,id11414
Bill_Deal__the_Rhondels,id11415
Bill_Doggett,id11416
Bill_Evans,id11417
Bill_Haley__His_Comets,id11418
Bill_Haley_and_the_Comets,id11420
Bill_Justis__Orchestra,id11421
Bill_Medley__Jennifer_Warnes,id11422
Bill_Monroe,id11423
Bill_Ramsey,id11424
Bill_Whelan,id11425
Bill_Withers,id11426
Bill__Ben,id11427
Bill__Kim_Nash,id11428
Billema_Raffaele,id11429
Billie_Eilish,id11430
Billie_Holiday,id11431
Billie_Jo_Spears,id11432
Billie_Myers,id11433
Billie_Piper,id11434
Billy_Crawford,id11435
Billy_Cross,id11436
Billy_Currington,id11437
Billy_Dean,id11438
Billy_Eckstine,id11439
Billy_Elliot_Cast,id11440
Billy_Field,id11441
Billy_Fury,id11442
Billy_Hill,id11443
Billy_Idol,id11444
Billy_J_Kramer__The_Dakotas,id11445
Billy_J_Kramer_with_The_Dakotas,id11446
Billy_Jkramer,id11447
Billy_Jo_Spears,id11448
Billy_Joel,id11449
Billy_Joel__Ray_Charles,id11450
Billy_More,id11451
Billy_Ocean,id11452
Billy_Paul,id11453
Billy_Preston,id11454
Billy_Preston__Syreeta,id11455
Billy_Ray_Cyrus,id11456
Billy_Squier,id11457
Billy_Swan,id11458
Billy_Talent,id11459
Billy_Thorpe__The_Aztecs,id11460
Billy_Vaughn,id11461
Billy_Vera__The_Beaters,id11462
Billy_Wallace,id11463
Billy_Ward_And_His_Dominoes,id11464
Bilo_Y_Sus_Típicos,id11465
Bimbo_Jet,id11466
Bing_Crosby,id11467
Bing_Crosby__Grace_Kelly_duet,id11468
Bino,id11469
Biohazard,id11470
Biohazrad,id11471
Birds_Of_Tokyo,id11472
Birdy,id11473
Birgit_Lystager,id11474
Birthe_Kjaer,id11475
Biscardi_Luigi,id11476
Bishop_Henry_Rowley,id11477
Bishop_John,id11478
Bisonti,id11479
Bitter_Blue,id11480
Bitti_Martino,id11481
Bitty_McLean,id11482
Biva_Jamatia__Subhajit_Debbarma,id11483
Bizarre_Inc_ft_Angie_Brown,id11484
Bizet_Georges,id11485
Bizzy_Bone,id11486
Bjerre_Klaus,id11487
Bjoern_Afselius,id11488
Bjoern_Tidmann,id11489
Bjoern__Okay,id11490
Bjork,id11491
Bjorn__Benny,id11492
Björk,id11493
Black,id11494
BlackHawk,id11495
Black_Box,id11496
Black_Crowes,id11497
Black_Crowes_The,id11498
Black_Dahlia_Murder,id11499
Black_Dahlia_Murder_The,id11500
Black_Eyed_Peas,id11501
Black_Eyed_Peas_Feat_Justin_Timberlake,id11502
Black_Flag,id11503
Black_Keys,id11504
Black_Lace,id11505
Black_Pearl,id11506
Black_Sabbath,id11507
Blackfeather,id11508
Blackfield,id11509
Blackmore_Ritchie,id11511
Blackmores_Night,id11512
Blackout_JA_Ted_Ganung,id11513
Blackstreet,id11514
Blagoje_Bersa,id11515
Blair,id11516
Blair_Douglas,id11517
Blake_Shelton,id11518
Blake_Shelton_ft_Gwen_Stefani,id11519
Blancmange,id11520
Blaque,id11521
Blaque_Ivory,id11522
Blas,id11523
Blas_de_Castro_Juan,id11524
Blasius_Ammon,id11525
Blaze_Ya_Dead_Homie,id11526
Bleeding_Through,id11527
Blenco,id11528
Blessid_Union_of_Souls,id11529
Blied_Jakob,id11530
Blind_Guardian,id11531
Blind_Melon,id11532
Blink_182,id11533
Bliss_Philip_Paul,id11534
Blitheman_John,id11535
Blobster_Blobby,id11536
Bloc_Party,id11537
Block,id11538
Blockster,id11539
Bloem,id11540
Blondie,id11541
Blood_Brothers,id11542
Blood_Sweat_And_Tears,id11543
Blood_Sweat__Tears,id11544
Bloodbath,id11546
Bloodhound_Gang,id11547
Bloodhound_Gang_The,id11548
Bloodstone,id11549
Blossoms,id11550
Blossoms_Gin,id11551
Blow_John,id11552
Blow_Monkeys,id11553
Blu_Cantrell,id11554
Blue,id11555
Blue_4u,id11556
Blue_Angels,id11557
Blue_Diamonds,id11558
Blue_Haze,id11559
Blue_Lagoon,id11560
Blue_Magic,id11561
Blue_Mink,id11562
Blue_Nature,id11563
Blue_Oyster_Cult,id11564
Blue_Rodeo,id11565
Blue_Rondo_A_La_Turk,id11566
Blue_Star,id11567
Blue_Swede,id11568
Blue_System,id11569
Blue__Elton_John,id11570
Blue_feat_Stevie_Wonder,id11571
Blue_ft_Kool_and_the_Gang__Lil_Kim,id11572
Bluebells,id11573
Blues,id11574
Blues_Arrangement,id11575
Blues_Brothers,id11576
Blues_Brothers__Aretha_Franklin,id11577
Blues_Busters,id11578
Blues_Image,id11579
Blues_Traveler,id11580
Blues_Traveller,id11581
Bluetones,id11582
Blunt_James,id11583
Blur,id11584
Bluvertigo,id11585
Bläck_Fööss,id11586
Bløf,id11587
Bløf__Kodo,id11588
Blümchen,id11589
Bo_Young,id11590
Bob,id11591
Bob_Azzam,id11592
Bob_Carlisle,id11593
Bob_Carlislie,id11594
Bob_Crosby,id11595
Bob_Dylan,id11596
Bob_Dylan__Johnny_Cash,id11597
Bob_Feat_Rivers_Cuomo,id11598
Bob_Feat_Taylor_Swift,id11599
Bob_Featuring_Bruno_Mars,id11600
Bob_Featuring_Hayley_Williams,id11601
Bob_Gaynor,id11602
Bob_Geldof,id11603
Bob_Graham,id11604
Bob_James,id11605
Bob_James__Earl_Klugh,id11606
Bob_Mace,id11607
Bob_Marley,id11608
Bob_Marley__The_Wailers,id11609
Bob_Marley_vs_Funkstar_de_Luxe,id11610
Bob_Seger,id11611
Bob_Seger__The_Silver_Bullet_Band,id11612
Bob_Sinclair,id11614
Bob_Sinclar,id11615
Bob_Sinclar_ft_Steve_Edwards,id11616
Bob_The_Builder,id11617
Bob_Welch,id11618
Bob_Wills__His_Texas_Playboys,id11619
Bob_de_Bouwer,id11620
Bobbettes,id11621
Bobbi_Martin,id11622
Bobbie_Gentry,id11623
Bobbie_Martin,id11624
Bobbie_Vee,id11625
Bobby_Bare,id11626
Bobby_Blue_Bland,id11627
Bobby_Borris_Picket_And_The_Crypt_Kickers,id11628
Bobby_Brexel__The_Morris_Avenue_Band,id11629
Bobby_Broom,id11630
Bobby_Brown,id11631
Bobby_Burke,id11632
Bobby_Caldwell,id11633
Bobby_Darin,id11634
Bobby_Day,id11635
Bobby_Fox,id11636
Bobby_Freeman,id11637
Bobby_Goldsboro,id11638
Bobby_Hebb,id11639
Bobby_Helms,id11640
Bobby_James,id11641
Bobby_Lewis,id11642
Bobby_McFerrin,id11643
Bobby_Mcfadden__Whitehead,id11644
Bobby_Prins,id11646
Bobby_Rydell,id11647
Bobby_Setter_Band,id11648
Bobby_Solo,id11649
Bobby_Solo_e_Little_Tony,id11650
Bobby_Vee,id11651
Bobby_Vinton,id11652
Bobby_Womack,id11653
Bobby__Laurie,id11654
Bobos_Band,id11655
Boccherini_Luigi,id11656
Bodeans,id11657
Bodinus_Sebastian,id11658
Bodro_Carlo,id11659
Body_Count,id11660
Bodybangers,id11661
Bodyrockers,id11662
Boeck_August_de,id11663
Bohannon,id11664
Bohuslav_Matěj_Černohorský,id11665
Boismortier_Joseph_Bodin_de,id11666
Boleyn_Anne,id11667
Bolt_Thrower,id11668
Bom_Bom_Chip,id11669
Bombalurina,id11670
Bomfunk_MCs,id11671
Bon_Jovi,id11672
Bond,id11673
Bond_Carrie,id11674
Bondi_Cigars,id11675
Bone,id11676
Bone_Thugs_N_Harmony,id11677
Boney_James,id11678
Boney_M,id11679
Boney_M_2000,id11680
Boney_M_vs_Sash,id11681
Bongo_Botrako,id11682
Bonhomme_Pierre,id11683
Boni_Sepada,id11684
Bonifazio_Graziani,id11685
Bonnet_Joseph,id11686
Bonnie_Pink,id11687
Bonnie_Pointer,id11688
Bonnie_Raitt,id11689
Bonnie_Tyler,id11690
Bonolis_Vs_Laurenti,id11691
Bononcini_Giovanni,id11692
Bononcini_Giovanni_Maria,id11693
Booker_Newberry_III,id11694
Booker_Newbury,id11695
Booker_T__Mgs,id11696
Booker_T__The_MGs,id11697
Boomdabash,id11700
Boomdabash_ft_Alessandra_Amoroso,id11701
Boomdabash_ft_Loredana_Bertè,id11702
Boomtown_Rats,id11703
Boots_Randolph,id11704
Boris,id11705
Boris_Gardiner,id11706
Boris_Gardner,id11707
Borknagar,id11708
Born,id11709
Bortniansky_Dmytro,id11710
Bossa_Nova_arrangement,id11711
Bosson,id11712
Boston,id11713
Bots,id11714
Bottagisio_Angelo,id11715
Bottazzo_Luigi,id11716
Boudewijn_De_Groot,id11717
Boulnois_Joseph,id11719
Bourgois,id11720
Bowling_For_Soup,id11722
Bowman_Euday_L,id11723
Box,id11724
Box_Car_Racer,id11725
Boy_George,id11726
Boy_George__Culture_Club,id11727
Boy_Howdy,id11728
Boy_Meets_Girl,id11729
Boyce_Avenue,id11730
Boyce_William,id11731
Boys_2_Men,id11732
Boys_Like_Girls,id11733
Boysband,id11734
Boystown_Gang,id11735
Boyvin_Jacques,id11736
Boyz_11_Men,id11737
Boyz_II_Men,id11738
Boyzone,id11740
Boyzone__Mr_Bean,id11741
Boz_Scaggs,id11742
Boëllmann_Léon,id11743
Brackett_Joseph,id11744
Brad_Paisley,id11745
Brad_Paisley__Vince_Gill,id11746
Bradbury_William_Batchelder,id11747
Braga_Antonio_Correa,id11748
Braham_David,id11749
Brahms_Johannes,id11750
Braiden_Sunshine,id11751
Brainstorm,id11752
Bran_Van_3000,id11753
Brand_New_Heavies,id11754
Brandon_Flowers,id11755
Brandy,id11756
Brandy_And_Monica,id11757
Brandy__Monica,id11758
Brandy__Ray_J,id11759
Branford_Marsalis,id11760
Brantley_Gilbert,id11761
Brassens_Georges,id11762
Brassin_Louis,id11763
Bratton_John_Walter,id11764
Braun_Johann_Georg_Franz,id11765
Bravenz_Rose,id11766
Bravo_All_Stars,id11767
Bread,id11768
Breaking_Benjamin,id11769
Breathe,id11770
Breathe_Carolina,id11771
Brenda_Lee,id11772
Brenda_Russell,id11773
Brenda_e_Daniele_Battaglia,id11774
Brendan_Fraser,id11775
Brendan_Grace,id11776
Brendan_Shine,id11777
Brenton_Wood,id11778
Brescianello_Giuseppe_Antonio,id11779
Brett_Eldrege,id11780
Brett_Young,id11781
Brewster_McCloud_soundtrack,id11782
Brian_Adams,id11783
Brian_Auger,id11784
Brian_Auger_Julie_Driscoll__the_Trinity,id11785
Brian_Cadd,id11786
Brian_Cadd_And_The_Bootleg_Family_Band,id11787
Brian_Culbertson,id11788
Brian_Doerksen,id11789
Brian_Hyland,id11790
Brian_Marble,id11791
Brian_May,id11792
Brian_McFadden,id11793
Brian_McKnight,id11794
Brian_Mcfadden_And_Delta_Goodrem,id11796
Brian_Poole__The_Tremeloes,id11797
Brian_Reitzell,id11798
Brian_Setzer_Orchestra,id11799
Brian_Tyler,id11800
Brian_Wilson,id11801
Brian__The_Hi_Five,id11802
Brida_Giano,id11803
Bridgit_Mendler,id11804
Briegel_Wolfgang_Carl,id11805
BriganTony,id11806
Brigard,id11807
Brimstone,id11808
Brings,id11809
Brinley_Richards,id11810
Brisson_Frédéric,id11811
British_Jigsaw,id11812
British_Whale,id11813
Britney_Spears,id11814
Britney_Spears_Feat_Madonna,id11815
Britney_Spears__Madonna,id11816
Britney_Spears_ft_Madonna,id11817
Brito_Estêvão_de,id11818
Brits_99,id11819
Britt_Nicole,id11820
Brittany_Snow_from_movie_Hairspray,id11821
BroSis,id11822
Broadway,id11823
Brockman_and_Vincent_Kendis,id11824
Brodersen_Fritz,id11825
Brodrene_Olsen,id11826
Broedrene_Ibberbent,id11827
Bronislau_Kaper,id11828
Bronski_Beat,id11829
Bronson_Pinchot,id11830
Brook_Benton,id11831
Brook_Benton__Dinah_Washington,id11832
Brooklyn_Bounce,id11833
Brooklyn_Bridge,id11834
Brooks_And_Dunn,id11835
Brooks_Garth,id11836
Brooks_Shelton,id11837
Brooks__Dunn,id11838
Bros,id11839
Brossard_Sébastien_de,id11840
Brother_Phelps,id11841
Brother__Brother,id11842
Brotherhood_Of_Man,id11843
Brown_James,id11845
Brown_June_Elizabeth,id11846
Brown_Nacio_Herb,id11847
Bruce_Channel,id11848
Bruce_Hornsby,id11849
Bruce_Springsteen,id11850
Bruce_Springsteen__the_E_Street_Band,id11851
Bruce_Steane,id11852
Bruce_Willis,id11853
Bruch_Max,id11854
Bruck_Arnold_von,id11855
Bruckner_Anton,id11856
Bruhns_Nicolaus,id11857
Brujeria,id11858
Brumann_Conrad,id11859
Brumel_Antoine,id11860
Bruna_Pablo,id11861
Brunner_Eduard,id11862
Brunner_und_Brunner,id11863
Bruno_Filippini,id11864
Bruno_Lauzi,id11865
Bruno_Lomas,id11866
Bruno_Mars,id11867
Bruno_Mars_ft_Cardi_B,id11868
Bruno_Martino,id11869
Bruno_Vlahek,id11870
Bruno_e_Marrone,id11871
Brutal_Truth,id11872
Bryan_Adams,id11873
Bryan_Adams__Mel_C,id11874
Bryan_Adams__Melanie_C,id11875
Bryan_Adams__Sting__Rod_Stewart,id11876
Bryan_Adams__Tina_Turner_duet,id11877
Bryan_Adams_feat_Melanie_C,id11878
Bryan_Ferry,id11879
Bryan_Ferry_Roxy_Music,id11880
Bryan_Hyland,id11881
Bryan_Mcknight,id11882
Bryan_White,id11883
Brückner_Friedrich,id11884
Bso_Aladdin,id11885
Bso_Bhagdad_Café,id11886
Bso_Chicago,id11887
Bso_Priscilla,id11888
Bso_Studio_54,id11889
Bucciali_Joseph,id11890
Buchner_Hans,id11891
Buck_Owens,id11892
Buckcherry,id11893
Buckethead,id11894
Buckley_Jeff,id11895
Bucks_Fizz,id11896
Budapest_Philharmonic_Orchestra,id11897
Budapest_Strings,id11898
Buddy_Guy,id11899
Buddy_Holly,id11900
Buddy_Holly__The_Crickets,id11901
Buddy_Knox,id11903
Buddy_Rich,id11904
Budgie,id11905
Buena_Vista_Social_Club,id11906
Buffalo_Springfield,id11907
Buggles,id11908
Bugo__Morgan,id11909
Bugo_ft_Ermal_Meta,id11910
Bugsy_Malone,id11911
Buhos,id11912
Bull_John,id11913
Bungaro,id11914
Bunny_Sigler,id11915
Buonamente_Giovanni_Battista,id11916
Buongiovanni_Giovanni_Francesco,id11917
Burgio_Emanuele,id11918
Burkhart_M_Schürmann,id11919
Burney_Charles,id11920
Burning,id11921
Burt_Bacharach,id11922
Burt_Bacharach_Mta_Arr,id11923
Burton_Cummings,id11924
Bus_Connection,id11925
Buse,id11926
Bush,id11927
Bush_Kate,id11928
Busnois_Antoine,id11929
Busta_Rhymes,id11930
Busta_Rhymes__Mariah_Carey,id11931
Busted,id11932
Buster_Poindexter,id11933
Butler_Paul,id11934
Butterfingers,id11935
Butterworth_George,id11936
Buttstett_Johann_Heinrich,id11937
Buus_Jacques,id11938
Buxtehude_Dietrich,id11939
Buzz_Clifford,id11940
Bye_Bye_Birdie,id11942
Byerly_William,id11943
Byrd_William,id11944
Byrds,id11945
Byron_Cage,id11946
Byron_Lee__The_Dragonaires,id11947
Bâton_Henri,id11948
Bélier_Gaston,id11949
Bénigne,id11950
Böddecker_Philipp_Friedrich,id11951
Böhm_Georg,id11952
Böhme_Oskar,id11953
Bülow_Johan,id11954
CB_Milton,id11955
CC_Catch,id11956
CC_Music_Factory,id11957
CJ_Lewis,id11958
CSNY_Crosby_Stills_Nash__Young,id11959
C_And_C_Music_Factory,id11960
C_Austin_Miles,id11961
C_Harold_Lowden,id11962
C_Jérôme,id11963
C_Vierez,id11964
Cab_Calloway,id11965
Cabanilles_Juan,id11966
Cabaret,id11967
Cabaret_musical,id11968
Cabballero,id11969
Cabezón_Antonio_de,id11970
Cabezón_Hernando_de,id11971
Cabilliau,id11972
Cabrel_Francis,id11973
Caccini_Giulio,id11974
Cacophony,id11975
Caesars,id11976
Cafe_Tacuba,id11977
Café_Quijano,id11978
Caifanes,id11979
Cake,id11980
Cal_Tjader,id11981
Calamine,id11982
Calcutta,id11983
Calcutta_Tommaso_Paradiso__Jovanotti,id11984
Caldara_Antonio,id11985
Calegari_Francesco_Antonio,id11986
Cali_Y_El_Dandee,id11987
Califfi,id11988
CalipsoDirty_Jims,id11989
Call_Leonhard_von,id11990
Callado_Joaquim,id11991
Calling,id11992
Calling_Card,id11993
Calloway,id11994
Calum_Scott,id11995
Calvin_Harris,id11996
Calvin_Harris_Feat_Ellie_Goulding,id11997
Calvin_Harris__RagnBone_Man,id11998
Calvin_Harris__Sam_Smith,id11999
Calvin_Harris_ft_Dua_Lipa,id12000
Calvin_Harris_ft_Ellie_Goulding,id12001
Calvin_Harris_ft_John_Newman,id12002
Calvin_Harris_ft_Pharrell_Williams_Katy_Perry__Big_Sean,id12003
Calvin_Harris_ft_Rihanna,id12004
Calvisius_Seth,id12005
Calvière_Antoine,id12006
Camaleon,id12007
Camaleonti,id12008
Camaron_De_La_Isla,id12009
Cambini_Giuseppe_Maria,id12010
Cambio_Latino,id12011
Cambio_Perissone,id12012
Camel,id12013
Camela,id12014
Cameo,id12015
Camila_Cabello,id12016
Camila_Cabello_ft_Young_Thug,id12017
Camilla,id12018
Camillo_Zanotti,id12019
Camilo_Sesto,id12020
Camouflage,id12021
Campion_Thomas,id12022
Cana_Brava,id12023
Canario,id12024
Candi_Staton,id12025
Candice_Glover,id12026
Candlebox,id12027
Candlelight_Sisters,id12028
Candlemass,id12029
Candy_Dufler_And_Dave_Stewart,id12030
Candy_Dulfer,id12031
Canelita,id12032
Canned_Heat,id12033
Cannibal_Corpse,id12034
Cannonball_Adderley,id12035
Canon_Crookall,id12036
Cantajuego,id12037
Cantango,id12038
Cantores_De_Hispalis,id12039
Caparezza,id12040
Capdown,id12041
Capital_Cities,id12042
Capitols,id12043
Cappella,id12044
Captain_Beefheart,id12045
Captain_Cook,id12046
Captain_Cook__seine_singenden_Saxophone,id12047
Captain_Cook_und_seine_singenden_Saxophone,id12048
Captain_Hollywood,id12049
Captain_Jack,id12050
Captain_Spalding_Band,id12051
Captain__Tennille,id12052
Captain_and_Tennille,id12053
Cara_Marchetto,id12054
Caradog_Roberts,id12055
Caramba,id12056
Carapicho,id12057
Carcariass,id12058
Carcass,id12059
Carcassi_Matteo,id12060
Cardigans,id12061
Cardillo_Salvatore,id12062
Carelli_Beniamino,id12063
Carey_Henry,id12064
Carey_Mariah,id12065
Carioca_Band,id12066
Carissimi_Giacomo,id12067
Carl_Carlton,id12068
Carl_Czerny,id12069
Carl_Douglas,id12070
Carl_Doy,id12071
Carl_Doy_Arr_Damian_Smith,id12072
Carl_Fittig,id12073
Carl_Friedrich_Zelter,id12074
Carl_Friedrich_Zöllner,id12075
Carl_Gottlieb_Reissiger,id12076
Carl_Hurley_Jr,id12077
Carl_Jackson,id12078
Carl_Loewe,id12079
Carl_Luython,id12080
Carl_Maria_von_Weber,id12081
Carl_Martin_Reinthaler,id12082
Carl_Michael_Bellman,id12083
Carl_Nielsen,id12084
Carl_Perkins,id12085
Carl_Reinecke,id12086
Carl_Smith,id12087
Carl_Stein,id12088
Carl_Teike,id12089
Carl_Thiel,id12090
Carla_Boni,id12091
Carlene_Carter,id12092
Carlinhos_Brown,id12093
Carlito,id12094
Carlo_Carturan,id12095
Carlo_Cozzi,id12096
Carlo_Fava,id12097
Carlo_Gesualdo,id12098
Carlo_Rossini,id12099
Carlo_Verardi,id12100
Carlos_Baute,id12101
Carlos_Baute_Y_Marta_Sanchez,id12102
Carlos_Cano,id12103
Carlos_Nuñez,id12104
Carlos_Patiño,id12105
Carlos_Santana,id12106
Carlos_Santana__Buddy_Miles,id12107
Carlos_Varela,id12108
Carlos_Vives,id12109
Carlotta,id12110
Carlotta_Ferrari,id12111
Carlton_Football_Club_Song,id12112
Carly_Rae_Jepsen,id12113
Carly_Simon,id12114
Carmelo_Zappulla,id12115
Carmen_Consoli,id12116
Carmen_Eric,id12117
Carmen_Rivero_y_Su_Conjunto,id12118
Carmen_Villani,id12119
Carmen__Thompson,id12120
Caro_Emerald,id12121
Caro_Emerald_ft_Giuliano_Palma,id12122
Carolan_Turlough,id12123
Carole_King,id12124
Carolina_Rain,id12125
Caroline_Oconnor,id12126
Carolo,id12127
Carolus_Hacquart,id12128
Carolus_Souliaert,id12129
Carpathian_Forest,id12130
Carpenter_Shirley,id12131
Carpenters,id12132
Carrapicho,id12133
Carrara,id12134
Carreño_Teresa,id12135
Carrie_Underwood,id12136
Carriere,id12137
Carroll_Harry,id12138
Carroll_Roberson,id12139
Cars,id12140
Carter_Family,id12141
Carter_Russel_Kelso,id12142
Cartoons,id12143
Carulli_Ferdinando,id12144
Caruso_Giuseppe,id12145
Casali_Giovanni_Battista,id12146
Cascada,id12147
Cascade,id12148
Cascades,id12149
Casciolini_Claudio,id12150
Casella_Alfredo,id12151
Casey_James,id12152
Casey_Jones_and_the_Governors,id12153
Cash_Backman,id12154
Cash_Johnny,id12155
Casini_Giovanni_Maria,id12156
Casiopea,id12157
Caspar_Ett,id12158
Caspar_Othmayr,id12159
Caspar_Vincent,id12160
Cassandra_Steen,id12161
Cassandra__The_Family_FX,id12162
Cast_Of_Glee,id12163
Cast_Of_Muriels_Wedding,id12164
Cast_Of_On_The_Town,id12165
Castaldi_Giovanni,id12166
Castellano,id12167
Castellina_Pasi,id12168
Castello_Dario,id12169
Castro_Jean_de,id12170
Casuals,id12171
Casulana_Maddalena,id12172
Cat_Stevens,id12173
Cat_Stevens_Mta_Arr,id12174
Catalani_Alfredo,id12175
Catamenia,id12176
Catarina_Atanzio,id12177
Catatonia,id12178
Catch_Me_If_You_Can_The_Musical,id12179
Caterina,id12180
Caterina_Caselli,id12181
Caterina_Valente,id12182
Catharina_van_Rennes,id12183
Cathedral,id12184
Catherine_Deneuve,id12185
Catherine_Spaak,id12186
Cathy_Dennis,id12187
Cato_Diomedes,id12188
Cats,id12189
Cats_musical,id12190
Cattenacci_Gian_Domenico,id12191
Cattivi_Pensieri,id12192
Cattle_Decapitation,id12193
Caturla_Alejandro_García,id12194
Caught_In_The_Act,id12195
Cavaccio_Giovanni,id12197
Cavalli_Francesco,id12198
Cavazzoni_Girolamo,id12199
Cavazzoni_Marco_Antonio,id12200
Cazou,id12201
Cazzati_Maurizio,id12202
Cazzete,id12203
Caña_Brava,id12204
Cañamán,id12205
Cañí,id12206
Cbd,id12207
Ce_Ce_Peniston,id12209
Cecchino_Tommaso,id12210
Cece_Peniston,id12211
Cece_Winans,id12212
Cecilia,id12213
Cecilia_Gayle,id12214
Cee_Lo_Green,id12215
Ceelo_Green,id12216
Celeste,id12217
Celia_Cruz,id12218
Celine_Dion,id12219
Celine_Dion__Andrea_Bocelli,id12220
Celine_Dion__Bee_Gees,id12221
Celine_Dion__Carole_King,id12222
Celine_Dion__Luciano_Pavarotti,id12223
Celine_Dion__Peabo_Bryson,id12224
Celine_Dion__R_Kelly,id12225
Celine_Dion_ft_Lindsey_Stirling,id12226
Cellot_Henri,id12227
Celtas_Cortos,id12228
Celtic_Frost,id12229
Celtic_Legends,id12230
Centory__Turbo_B,id12231
Cerrone,id12232
Cerruti_Giuseppe,id12233
Certon_Pierre,id12234
Cervantes_Ignacio,id12235
Cesar_Franck,id12236
Cesare_Accelli,id12237
Cesare_Creminini,id12238
Cesare_Cremonini,id12239
Cesare_Gussago,id12240
Cest_tout,id12241
Cha_Cha,id12242
Chad_Brock,id12243
Chad_Kroeger_Feat_Josey_Scott,id12244
Chad_Kroeger_ft_Josey_Scott,id12245
Chadwick_L_Thayer,id12246
Chago_Melían,id12247
Chairmen_Of_The_Board,id12248
ChakaKhan,id12249
Chaka_Demus_And_Pliers,id12250
Chaka_Demus__Pliers,id12251
Chaka_Khan,id12252
Chaka_Khan__Dizzy_Gillespe,id12253
Chakachas,id12254
Chambao,id12255
Chambonnières_Jacques_Champion_de,id12256
Chaminade_Cécile,id12257
Champaign,id12258
Champaigne,id12259
Champs,id12260
Chanele_Mcguiness,id12261
Change,id12262
Changò,id12263
Chantal_Kreviazuk,id12264
Chantays,id12265
Chanty,id12266
Chanté_Moore,id12267
Chapman_Steven_Curtis,id12268
Chapman_Tracy,id12269
Charlatan,id12270
Charlene,id12271
Charles_Alexis_Chauvet,id12272
Charles_And_Eddie,id12273
Charles_Aznavour,id12274
Charles_B_Ward,id12275
Charles_D_Lewis,id12276
Charles_Dunbar,id12277
Charles_Gounod,id12278
Charles_H_Gabriel,id12279
Charles_H_Giffen,id12280
Charles_Harford_Lloyd,id12281
Charles_Hubert_Hastings_Parry,id12282
Charles_Jenkins__Fellowship_Chicago,id12283
Charles_Jérôme,id12284
Charles_King,id12285
Charles_L_Williams,id12286
Charles_Lesaffre,id12287
Charles_Macpherson,id12288
Charles_Oberthür,id12289
Charles_Penrose,id12290
Charles_Steggall,id12291
Charles_Tessier,id12292
Charles_Villiers_Stanford,id12293
Charles_Vincent,id12294
Charles_Wesley,id12295
Charles_Wesley_Jr,id12296
Charles_William_Hempel,id12297
Charles_Wood,id12298
Charles__Eddie,id12299
Charley_Pride,id12301
Charli_XCX,id12302
Charlie_Chaplin,id12304
Charlie_Daniels_Band,id12305
Charlie_Hall,id12306
Charlie_Landsborough,id12307
Charlie_Mccoy,id12308
Charlie_Mcgettigan,id12309
Charlie_Mclain,id12310
Charlie_Parker,id12311
Charlie_Puth,id12312
Charlie_Puth_Ft_Meghan_Trainor,id12313
Charlie_Puth_feat_Kehlani,id12314
Charlie_Puth_ft_Boys_II_Men,id12315
Charlie_Puth_ft_Selena_Gomez,id12317
Charlie_Rich,id12318
Charlie_Robison,id12319
Charlie_Wilson,id12320
Charlie_Worsham,id12321
Charlies,id12322
Charlotte_Church,id12323
Charlotte_Gainsbourg,id12324
Charlotte_Nilsson,id12325
Charly_Brunner,id12326
Charly_Garcia,id12327
Charly_Lownoise__Mental_Theo,id12328
Charon,id12329
Chasing_The_Train,id12330
Chaumont_Lambert,id12331
Chauncey_Olcott,id12332
Chayanne,id12333
Cheap_Trick,id12334
Cheat_Codes__Little_Mix,id12335
Checco_Zalone,id12336
Cheeky_Girls,id12337
Chely_Wright,id12338
Chemical_Brothers,id12339
Chemijewski_Wojtek,id12340
Chenoa,id12341
Chenoa_Y_Geno,id12342
Cher,id12343
Cher_Lloyd,id12344
Cherry_Coke,id12345
Cherry_Poppin_Daddies,id12346
Cheryl_Cole,id12347
Cheryl_Cole_ft_william,id12348
Cheryl_Linn,id12349
Cheryl_Lynn,id12350
Cheryl_Lynn_Helm,id12351
Cheryl_Porter,id12352
Chesney_Hawkes,id12353
Chess,id12354
Chess_musical,id12355
Chester_G_Allen,id12356
Chet_Atkins,id12357
Chet_Atkins_And_Mark_Knopfler,id12358
Chet_Atkins__Les_Paul,id12359
Chet_Faker,id12360
Chet_Lott,id12361
Chevelle,id12362
Chiara,id12363
Chiara_Civello,id12364
Chiara_Galiazzo,id12365
Chiara_Grispo,id12366
Chiara_Guerra_e_Giuseppina_Demartis,id12367
Chiara_Luna_Onorati,id12368
Chiara_Margarita_Cozzolani,id12369
Chiara_Piccioli,id12370
Chic,id12371
Chicago,id12372
Chicago_Film_Cast,id12373
Chicago_Stage_Musical,id12374
Chicago_Stage_Show,id12375
Chicago_with_Gipsy_Kings,id12376
Chicane,id12377
Chicane_feat_Bryan_Adams,id12378
Chick_Corea,id12379
Chicken_Charlie,id12380
Chico,id12381
Chicory_Tip,id12382
Chief__Soci,id12383
Chiffons,id12384
Chiffons_The,id12385
Child,id12386
Childish_Gambino,id12387
Children_Of_Bodom,id12388
Children_in_Need,id12389
Chilese_Bastiano,id12391
Chimaira,id12392
Chimo_Bayo,id12393
China,id12394
China_Crisis,id12395
Chingon,id12396
Chingy,id12397
Chino_Yoshio,id12398
Chipper,id12399
Chirimia,id12400
Chistophe,id12401
Chitty_Chitty_Bang_Bang,id12402
Chizuko_Yoshihiro,id12403
Chocobón,id12404
Chocolats,id12405
Chonchi_Heredia,id12406
Chopin_Frédéric,id12407
Chordettes,id12408
Chorus_Line,id12409
Chpz,id12410
Chris_Andrews,id12411
Chris_Andrews__Tobee,id12412
Chris_Barber,id12413
Chris_Botti,id12414
Chris_Botti_Feat_Jill_Scott,id12415
Chris_Botti_ft_Michael_Buble,id12416
Chris_Brown,id12417
Chris_Brown_Featuiring_Juelz_Santana,id12418
Chris_Cagle,id12419
Chris_Carmack,id12420
Chris_Carmack_And_Hayden_Panettiere,id12421
Chris_Cornell,id12422
Chris_Daughtry,id12423
Chris_DeBurgh,id12424
Chris_De_Burgh,id12425
Chris_Dell,id12426
Chris_Farlow__Thunderbirds,id12427
Chris_Farlowe,id12428
Chris_Hillman__Steve_Earle,id12429
Chris_Hutchings,id12430
Chris_Isaak,id12431
Chris_Issac,id12432
Chris_James,id12433
Chris_Kenner,id12434
Chris_Ledoux,id12435
Chris_Mariani,id12436
Chris_Montez,id12437
Chris_Norman,id12438
Chris_Norman__Suzi_Quatro,id12439
Chris_Oleary_Band,id12440
Chris_Rea,id12441
Chris_Rice,id12442
Chris_Roberts,id12443
Chris_Spedding,id12444
Chris_Stapleton,id12445
Chris_Tomlin,id12446
Chris_Wolff,id12447
Chris_Woodward,id12448
Chris_Young,id12449
Christenius_Johann,id12451
Christer_Sjögren,id12452
Christian,id12453
Christian_Anders,id12454
Christian_August_Pohlenz,id12455
Christian_Bruhn_Orchester,id12456
Christian_De_Sica,id12457
Christian_Death,id12458
Christian_Erbach,id12459
Christian_Falk_ft_Robyn_and_Ola_Salo,id12460
Christian_Fink,id12461
Christian_Geist,id12462
Christian_Gregor,id12463
Christian_Hollander,id12464
Christian_Lo_Zito,id12465
Christian_Morris,id12466
Christian_Ritter,id12467
Christian_Walz,id12468
Christian_Wunderlich,id12469
Christian_Wunderlich__Kirstin_Hall,id12470
Christie,id12471
Christie_Moore,id12472
Christina_Aguilera,id12473
Christina_Aguilera_Lil_Kim_Mya__Pink,id12474
Christina_Aguilera_Mya_Lil_Kim__Pink,id12475
Christina_Aguilera__Missy_Elliott,id12476
Christina_Milian,id12477
Christina_Perri,id12478
Christina_Perri_ft_Steve_Kazee,id12479
Christine_Anu,id12480
Christmas,id12481
Christoff,id12482
Christoff__Willeke_Alberti,id12483
Christoph_Bernhard,id12484
Christoph_Buel,id12485
Christoph_Dalitz,id12486
Christoph_Demantius,id12487
Christoph_Koscielny,id12488
Christoph_Peter,id12489
Christoph_Spendel_Trio,id12490
Christoph_Straus,id12491
Christoph_Thomas_Walliser,id12492
Christoph_Willibald_Gluck,id12493
Christophe,id12494
Christopher_Cross,id12495
Christopher_Otcasek,id12496
Christopher_Tye,id12497
Christopher_Upton,id12498
Christopher_W_Hart,id12499
Christopher_Walken,id12500
Christophorus_Barius,id12501
Christy,id12502
Christy_Moore,id12503
Chubby_Carrier,id12504
Chubby_Checker,id12505
Chuck_Berry,id12506
Chuck_Berry_From_Pulp_Fiction,id12507
Chuck_Wllis,id12508
Chumbawamba,id12509
Churchill,id12510
Chutney,id12511
Chynna_Phillips,id12512
Chédeville_Esprit_Philippe,id12513
Chöre_Fischer,id12514
Ci__JoJo,id12515
Ci_and_JoJo,id12516
Ciao_Mamas,id12517
Ciara,id12518
Ciara_ft_Justin_Timberlake,id12519
Cifra_Antonio,id12520
Cilla_Black,id12521
Cima_Giovanni_Andrea,id12522
Cima_Giovanni_Paolo,id12523
Cimarosa_Domenico,id12524
Cindy_Bullens_Grease_Soundtrack,id12525
Cindy_Claudia,id12526
Cindy_Lauper,id12527
Cindy__Bert,id12528
Cinema_2,id12529
Cipriano_de_Rore,id12530
Circus_Custers,id12531
Ciro_Pinsuti,id12532
Ciro_Sciallo,id12533
Ciro_Sebastianelli,id12534
Cirque_du_Soleil,id12535
Cirri_Giovanni_Battista,id12536
City_Of_Angels_Cast,id12537
City_To_City,id12538
Civitareale_Fekice,id12539
Cj_Country,id12540
Claesen_Ludo,id12541
Claire_Sweeney,id12542
Clan,id12543
Clannad_ft_Bono,id12544
Clapton_Eric,id12545
Clara_Angela_Macirone,id12546
Clara_H_Scott,id12547
Clarence_Carter,id12548
Clarence_Clemons__Jackson_Browne,id12549
Clarence_Henry,id12550
Clari_Giovanni_Carlo_Maria,id12551
Clark_Scotson,id12552
Clarke_Jeremiah,id12553
Clash,id12554
Clash_The,id12555
Classical,id12556
Classics_IV,id12557
Claude,id12559
Claude_Barzotti,id12560
Claude_Borelly,id12561
Claude_Debussy,id12562
Claude_Francois,id12563
Claude_François,id12564
Claude_Gervaise,id12565
Claude_Goudimel,id12566
Claude_King,id12567
Claude_Le_Jeune,id12568
Claude_Martin,id12569
Claudia_Casciaro,id12570
Claudia_Jung,id12571
Claudia_Mori,id12572
Claudia_Tellez,id12573
Claudin_de_Sermisy,id12574
Claudio_Baglioni,id12575
Claudio_Baglioni__Gianni_Morandi,id12576
Claudio_Baglioni_e_Orietta_Berti,id12577
Claudio_Casciolini,id12578
Claudio_Cecchetto,id12579
Claudio_Fiori,id12580
Claudio_Macchi,id12581
Claudio_Merulo,id12582
Claudio_Monteverdi,id12583
Claudio_Novelli,id12584
Claudio_Raffi,id12585
Claudio_Saracini,id12586
Claudio_Villa,id12587
Claus_And_Servants,id12588
Clausetti_Carlo,id12589
Clay_Aiken,id12590
Clay_Davidson,id12591
Clay_Walker,id12592
Claydee,id12593
Clayderman_Richard,id12594
Clean_Bandit,id12595
Clean_Bandit_ft_Demi_Lovato,id12596
Clean_Bandit_ft_Jess_Glynne,id12597
Clean_Bandit_ft_Julia_Michaels,id12598
Clean_Bandit_ft_Louisa_Johnson,id12599
Clean_Bandit_ft_Marina__Luis_Fonsi,id12600
Clean_Bandit_ft_Zara_Larsson,id12601
Cleland_Boyd_McAfee,id12602
Clemens_Meier,id12603
Clemens_non_Papa_Jacobus,id12604
Clement_C_Scholefield,id12605
Clement_Cotterill_Scholefield,id12606
Clement_Daniël,id12607
Clementi_Muzio,id12608
Cleopatra,id12609
Cliff_Bennett__The_Rebel_Rousers,id12610
Cliff_Nobles__Co,id12611
Cliff_Richard,id12612
Clifters,id12613
Climax,id12614
Climax_Blues_Band,id12615
Climie_Fisher,id12616
Clint_Black,id12617
Close_II_You,id12618
Clouseau,id12619
Clout,id12620
Club_Dogo_ft_Giuliano_Palma,id12621
Club_House,id12622
Club_Nouveaux,id12623
Clyde_McPhatter,id12624
Clément_Janequin,id12626
Clément_Morel,id12627
Clément_Philibert_Léo_Delibes,id12628
Cmf_Youngeen,id12629
Cnblue,id12630
Coal_Chamber,id12631
Coasters,id12632
Cobb_George_L,id12633
Coburn_Rich,id12634
Cochi_e_Renato,id12635
Cock_Robin,id12636
Cockney_Rebel,id12637
Cocky_Mazzetti,id12638
Coco_Band,id12639
Coco_Jr,id12640
Coco_Montoya,id12641
Cody_Jinks,id12642
Coen_Bais,id12643
Coez,id12644
Cohan_George_Michael,id12645
Cojack,id12646
Col_Joye__The_Joy_Boys,id12647
Cola_M_Carduccio,id12648
Cola_Maria_de_Pizziolis,id12649
Colanardo_de_Monte,id12650
Colbie_Caillat,id12651
Cold,id12652
Cold_Chisel,id12653
Coldplay,id12654
Coldplay__Big_Sean,id12655
Coldplay_ft_Beyonce,id12656
Coldplay_ft_Rihanna,id12657
Cole_Morgan,id12658
Cole_Porter,id12659
Cole_Porter_Mta_Arr,id12660
Coleman_Charles,id12661
Coleman_Hawkins,id12662
Colette,id12663
Colin_Blunstone,id12664
Colin_Raye,id12665
Colin_Rich,id12666
Collage,id12667
Collard_Greens_And_Gravy,id12668
Collective_Soul,id12669
Colleen_Carter,id12670
Collettivo_Soleluna,id12671
Collin_Raye,id12672
Collingwood_Football_Club_Song,id12673
Collins_Phil,id12674
Colombe,id12675
Colonel_Abrams,id12676
Color_Me_Badd,id12677
Colours,id12678
Columbia_Ballroom,id12679
Combes_Paul,id12680
Commodores,id12681
Communards,id12682
Company_B,id12683
Compay_Segundo,id12684
Compère_Loyset,id12685
Con_Hunley,id12686
Conchita,id12687
Concido,id12688
Concrete_Blonde,id12689
Confederate_Railroad,id12690
Confrey_Zez,id12691
Congregation,id12692
Conkarah_And_Rosie_Delmar,id12693
Conner_Reeves,id12694
Connie_Britton__Will_Chase,id12695
Connie_Francis,id12696
Connie_Smith,id12697
Connor,id12698
Conny_Fabry,id12699
Conny_Froboess,id12700
Conny_Vandenbos,id12701
Conor_Maynard,id12702
Conquistador,id12703
Conrad_Con,id12704
Conrad_Hagius,id12705
Conrad_Johann_Christoph,id12706
Conrad_Kocher,id12707
Conrad_Sewell,id12708
Conseil_Jean,id12709
Consolini,id12710
Consorcio,id12711
Constantijn_Huygens,id12712
Consuelo,id12713
Conte_Y_Caro,id12714
Continental,id12715
Control,id12716
Control_Denied,id12717
Converge,id12718
Converse_Charles_Crozat,id12719
Conversi_Girolamo,id12720
Conway_Twitty,id12721
Coolio,id12722
Coolio_feat_LV,id12723
Copacabana_Stage_Musical,id12724
Coperario_John,id12725
Copland_Aaron,id12726
Coral,id12727
Corb_Lund_Band,id12728
Cordalis,id12729
Cordier_Baude,id12730
Corelli_Arcangelo,id12731
Corey_Hart,id12732
Corina_und_Oliver,id12733
Corini_Giovanni,id12734
Corinna_May,id12735
Corinne_Bailey_Rae,id12736
Corkine_William,id12737
Cornelio_Antonelli,id12738
Cornelis_Boscoop,id12739
Cornelis_Schoonhoven,id12740
Cornelis_Vreeswijk,id12741
Cornelius_Brothers_And_Sister_Rose,id12742
Cornelius_Canis,id12743
Cornelius_Freundt,id12744
Cornelius_Peter,id12745
Cornelius_Schuyt,id12746
Cornelius_Verdonck,id12747
Cornershop,id12748
Cornet_Peeter,id12749
Cornysh_William,id12750
Corona,id12751
Coroner,id12752
Corrette_Michel,id12753
Corrie_van_Gorp,id12754
Corrosion_Of_Conformity,id12755
Corrs,id12756
Corry_Konings,id12757
Corteccia_Francesco,id12758
Cortellesi,id12759
Corvi,id12760
Cosimo_Bottegari,id12761
Cosmas_Alder,id12762
Cosmo_Klein,id12763
Costa,id12764
Costa_Cordalis,id12765
Costa_Pasquale_Mario,id12766
Costa_e_Mello_Antonio_Angelo_da,id12767
Costanzo,id12768
Costanzo_Festa,id12769
Costanzo_Porta,id12770
Costarika_feat_Ana_Flora,id12771
Costeley_Guillaume,id12772
Coti,id12773
Coti_Y_Paulina_Rubio,id12774
Coti__El_Canto_Del_Loco,id12775
Cotton_Aaron_Alexander,id12776
Cottrau_Guillaume_Louis,id12777
Cottrau_Teodoro,id12778
Couillart_Dulos,id12779
Coumba_Cawlo,id12780
Count_Basie,id12781
Count_Basie__His_Orchestra,id12782
Countess_Ada_De_Lachau,id12783
Counting_Crows,id12784
Counting_Crows_Feat_Vanessa_Carlton,id12785
Counting_Crows_ft_Vanessa_Carlton,id12786
Country_Exp,id12787
Couperin_François,id12788
Couperin_Louis,id12789
Cousteau,id12790
Couture_Guillaume,id12791
Coven,id12792
Covenant,id12793
Cover_Drive,id12794
Cover_Girls,id12795
Cowboy_Junkies,id12796
Coz,id12797
Cracoviensis_Nicolaus,id12798
Cradle_Of_Filth,id12799
Craig_David,id12801
Craig_David__Sting,id12802
Craig_David_ft_Bastille,id12803
Craig_David_ft_Sting,id12804
Craig_Klampe,id12805
Craig_Mclachlan,id12806
Craig_Morgan,id12807
Cramer_Johann_Baptist,id12808
Cranberries,id12809
Crash_Test_Dummies,id12810
Crato_Bütner,id12811
Crazy_Boys,id12812
Crazy_Elephant,id12813
Crazy_Frog,id12814
Crazy_Town,id12815
Cream,id12816
Cream_Featuring_Eric_Clapton,id12817
Creamy,id12818
Crecquillon_Thomas,id12819
Creed,id12820
Creedence_Clearwater_Revival,id12821
Creedence_Clearwater_Revival_CCR,id12822
Crematory,id12823
Crew_7,id12824
Crickets,id12825
Crisostomo_Rondini,id12826
Crispian_St_Peters,id12827
Cristian_Castro,id12828
Cristian_Gentilini,id12829
Cristiano_De_Andrè,id12830
Cristiano_Malgioglio,id12831
Cristina_DAvena,id12832
Cristina_Donà,id12833
Cristina_Y_Los_S,id12834
Cristo_Pedro_de,id12835
Cristoforo_Malvezzi,id12836
Cristoforo_Montemayor,id12837
Cristoforo_de_Monte,id12838
Cristóbal_de_Morales,id12839
Croatian_Band_Aid,id12840
Croce_Giovanni,id12841
Croft_William,id12842
Crosby_Bing,id12843
Crosby_Stills_Nash__Young,id12844
Crosby_Stills__Nash,id12845
Croubelis_Simoni_dall,id12846
Crow,id12847
Crow_Sheryl,id12848
Crowded_House,id12849
Crown_Heights_Affair,id12850
Cruachan,id12851
Crusaders,id12852
Crusaders_ft_Randy_Crawford,id12853
Cryptopsy,id12854
Crystal_Castles_ft_Robert_Smith,id12855
Crystal_Gayle,id12856
Crystal_Waters,id12857
Crystals,id12858
Crüger_Johann,id12859
Cuba_Libre,id12860
Cue,id12861
Cuello_Piraquibis_Adrián_Antonio,id12862
Cugini_di_Campagna,id12863
Cult,id12865
Culture_Beat,id12866
Culture_Club,id12867
Cummings_William_Hayman,id12868
Cuni,id12869
Cunnie_Williams,id12870
Cupid,id12871
Cure,id12872
Curiosity,id12873
Curly_Putman,id12874
Curtio_Valcampi,id12875
Curtis_Lee,id12876
Curtis_Mayfield,id12877
Curtis_Mayfield__The_Impressions,id12878
Curtis_Peoples,id12879
Curtis_Stigers,id12880
Custard,id12881
Cut__Move,id12882
Cuthbert_Harris,id12883
Cutting_Crew,id12884
Cygnus_X,id12885
Cyndi_Lauper,id12886
Cynic,id12887
Cynthia_Phillips,id12888
Cypress_Hill,id12889
Cyrkle,id12890
Czerny_Carl,id12891
Céline_Dion,id12892
César_Antonovich_Cui,id12893
César_Franck,id12894
D12,id12895
DAmbrosio_Francesco,id12896
DAndrea_Giovanni,id12897
DB_Boulevard,id12898
DC_Talk,id12899
DD_Sound,id12900
DJ_Antoine,id12901
DJ_Bart,id12902
DJ_Bobo,id12903
DJ_Bobo__Irene_Cara,id12904
DJ_Casper,id12905
DJ_Francesco,id12906
DJ_Fridaze,id12907
DJ_Happy_Vibes,id12908
DJ_Jazzy_Jeff,id12909
DJ_Jurgen,id12910
DJ_Maurice,id12911
DJ_Mendez,id12912
DJ_Paul_Elstak,id12913
DJ_Quicksilver,id12914
DJ_Robby,id12915
DJ_Sakin__Friends,id12916
DJ_Sammy,id12917
DJ_Sammy__Yanou_ft_Do,id12918
DJ_Sammy_and_Yanou,id12919
DJ_Snake_ft_Justin_Bieber,id12920
DJ_Visage,id12921
DJ_Yano,id12922
DJ_Ötzi,id12923
DJ_Ötzi__Captain_Jack,id12924
DMX,id12925
DNCE,id12926
DR,id12927
DReam,id12928
D_Bisbal_Y_E_Gadel,id12929
D_J_Kun,id12930
DaWN,id12931
Da_Polenta,id12932
Dacapo,id12933
Dachs_Michael,id12934
Dacre_Harry,id12935
Daddy_Cool,id12936
Daddy_DJ,id12937
Daddy_Dewdrop,id12938
Daddy_Yankee,id12939
Daft_Punk,id12940
Daft_Punk_feat_Julian_Casablancas,id12941
Daft_Punk_feat_Pharrell_Williams,id12942
Dakota_Moon,id12943
Dakotas,id12944
Dale_Hawkins,id12945
Daley,id12946
Dalida,id12947
Dalla_Casa_Girolamo,id12948
Dalla_Gostena_Giovanni_Battista,id12949
Dalton,id12950
Daly_Joseph_M,id12951
Damage,id12952
Damageplan,id12953
Dami_Im,id12954
Damiani_Antonetta,id12955
Damiano_Scarabelli,id12956
Damien_Rice,id12957
Damir_Bunoza,id12958
Damião_de_Góis,id12959
Dan_Emmett,id12960
Dan_Fogelberg,id12961
Dan_Foley,id12962
Dan_Harrow,id12963
Dan_Hartman,id12964
Dan_Hill,id12965
Dan_Seals,id12966
Dan_Sultan,id12967
Dan__Shay,id12968
Dan__Shay__Justin_Bieber,id12969
Dana,id12970
Dana_Dawson,id12971
Dana_Fuchs__Martin_Luther_McCoy,id12972
Dana_International,id12973
Dana_Winner,id12974
Dana_Winner__Frank_Galan,id12975
Dance_arrangement,id12976
Dancla_Charles,id12977
Dandrieu_Pierre,id12978
Dandy_Warhols,id12979
Dani_Daniel,id12980
Daniel_Auber,id12981
Daniel_B_Towner,id12982
Daniel_Bedingfield,id12983
Daniel_Belknap,id12984
Daniel_Bollius,id12985
Daniel_Boone,id12986
Daniel_Butterfield,id12987
Daniel_Diges,id12988
Daniel_Emmet,id12989
Daniel_Friderici,id12990
Daniel_Küblböck_Kueblboeck,id12991
Daniel_Merriweather,id12992
Daniel_Merriweather_ft_Wale,id12993
Daniel_Norcome,id12994
Daniel_Odonnell,id12995
Daniel_Powter,id12996
Daniel_Read,id12997
Daniel_Selich,id12998
Daniel_Sentacruz_Ensemble,id12999
Daniela_Goggi,id13000
Daniela_Pedali,id13001
Daniele_Battaglia,id13002
Daniele_Bengi_Benati,id13003
Daniele_Colla,id13004
Daniele_Groff,id13005
Daniele_Ronda,id13006
Daniele_Serra,id13007
Daniele_Silvestri,id13008
Daniele_Stefani,id13009
Daniele_Vit,id13010
Danilo_Amerio,id13011
Danilo_Napolitano,id13012
Danilo_Sacchi,id13013
Danish_X_Factor_finalists,id13014
Daniël_Clément,id13015
Danko_Jones,id13016
Danni_Úbeda,id13017
Dannii_Minogue,id13018
Danny_And_The_Juniors,id13019
Danny_Daniel,id13020
Danny_Elfman,id13021
Danny_Fabry,id13022
Danny_Fabry__Silvy_Melody,id13023
Danny_Fisher,id13024
Danny_Gatton,id13025
Danny_Kaye,id13026
Danny_Malando,id13027
Danny_Wilson,id13028
Danny__The_Juniors,id13029
Dante_Thomas,id13032
Danyel_Gerard,id13033
Danyel_John,id13034
Danza_De_Las_Alas,id13035
Danza_Invisible,id13036
Danzel,id13037
Danzig,id13038
Dare,id13039
Dari__Max_Pezzali,id13040
Darin,id13041
Dario,id13042
Dario_Baldan_Bembo,id13043
Dario_Fo__Enzo_Jannacci,id13044
Dario_G,id13045
Dario_Vergassola,id13046
Darius,id13047
Darius_Danesh,id13048
Darius_Rucker,id13049
Dark_Angel,id13050
Dark_Funeral,id13051
Dark_Moor,id13052
Dark_Tranquility,id13053
Dark_Tranquillity,id13054
Darkane,id13055
Darkest_Hour,id13056
Darkness,id13057
Darkthrone,id13058
Darlene_Love,id13059
Darlene_Love__The_Ronettes,id13060
Darmstadt,id13061
Darryl_Worley,id13062
Darude,id13063
Darwin_Hobbs,id13064
Daryl_Braithwaite,id13065
Daryl_Coley,id13066
Daryl_Hall,id13067
Das_Modul,id13068
Daser_Ludwig,id13069
Date_Of_Birth,id13070
Daughtry,id13071
Dave_And_Ansil_Collins,id13072
Dave_Arch__Strictly_Come_Dancing_Band,id13073
Dave_Baby_Cortez,id13074
Dave_Berry,id13075
Dave_Brubeck,id13076
Dave_Clark_Five,id13077
Dave_Cronomeyer_Singers,id13078
Dave_Dee_Dozy_Beaky_Mick__Tich,id13079
Dave_Dee__Co,id13080
Dave_Dobbyn,id13081
Dave_Douglas,id13082
Dave_Edmunds,id13083
Dave_Gahan,id13084
Dave_Koz,id13085
Dave_Mason,id13086
Dave_Matthews,id13087
Dave_Matthews_Band,id13088
Dave_McMurray_feat_Bonnie_Peele,id13089
Dave_Sereny,id13090
Dave_Sherriff,id13091
Dave_Stewart,id13092
Dave_Valentin,id13093
Dave_Valentine,id13094
Dave__Ansel_Collins,id13095
Dave__Don_Grusin,id13096
Dave__Steve,id13097
Dave_and_Ansell_Collins,id13098
Davey_Arthur__The_Fureys,id13099
David_A_Stewart,id13100
David_A_Stewart_ft_Candy_Dulfer,id13101
David_Allan_Coe,id13102
David_Allen_Coe,id13103
David_Ball,id13104
David_Benoit,id13105
David_Bisbal,id13106
David_Bisbal_Y_Don_Omar,id13107
David_Bisbal__Nahím_Thomas,id13108
David_Bowie,id13109
David_Bruce,id13110
David_Bustamante,id13111
David_Cameron,id13112
David_Campbell,id13113
David_Cassidy,id13114
David_Charvet,id13115
David_Christie,id13116
David_Civera,id13117
David_Cronemeyer,id13118
David_Demaría,id13119
David_Dundas,id13120
David_Essex,id13121
David_Foster,id13122
David_Frizzell,id13123
David_Gates,id13124
David_Gray,id13125
David_Guetta,id13126
David_Guetta__Showtek_ft_Vassy,id13127
David_Guetta__Sia,id13128
David_Guetta_feat_Sia,id13129
David_Guetta_ft_Akon,id13130
David_Guetta_ft_Emeli_Sandé,id13131
David_Guetta_ft_Kelly_Rowland,id13132
David_Guetta_ft_Sam_Martin,id13133
David_Guetta_ft_Sia,id13134
David_Guetta_ft_Zara_Larsson,id13135
David_Hasselhoff,id13136
David_Jordan,id13137
David_Kirkpatrick,id13138
David_Lee_Murphy,id13139
David_Lee_Roth,id13140
David_Leroy_McIntyre_III,id13141
David_Lindley,id13142
David_Millard,id13143
David_Monks,id13144
David_Nail,id13145
David_Nino,id13146
David_Paredes,id13147
David_Passmore,id13148
David_Phelps,id13149
David_Pohle,id13150
David_Price,id13151
David_Rose,id13152
David_Rose_Orchestra,id13153
David_Sanborn,id13154
David_Sanborn__Marcus_Miller,id13155
David_Scheidemann,id13156
David_Shire,id13157
David_Snedden,id13158
David_Sneddon,id13159
David_Soul,id13160
David_Summers,id13161
David_Sylvian,id13162
David_Sylvian_And_Ryuichi_Sakamoto,id13163
David_Tavare_Y_Eivissa,id13164
David_Vandyck,id13165
David_Whitfield,id13166
David_Wolkenstein,id13167
David__Jonathan,id13168
Davide_Da_Ros,id13169
Davide_De_Marinis,id13170
Davide_Van_De_Sfroos,id13171
Davies,id13172
Davies_Walford,id13173
Davinia,id13174
Davis_Miles,id13175
Davis_T,id13176
Dawn_Penn,id13178
Dawn_Sears,id13179
Dawn_ft_Tony_Orlando,id13180
Dawnay,id13181
Dawson_James,id13182
Days_Of_The_New,id13183
Daze,id13185
Dazz_Band,id13186
De_Boswachters,id13189
De_Boulland,id13190
De_Brugse_Strangers,id13191
De_Curtis_Ernesto,id13192
De_Curtis_Giambattista,id13193
De_Deurzakkers,id13194
De_Deurzakkers_ft_Eric_Dikeb,id13195
De_Dijk,id13196
De_Falla,id13197
De_Giosa_Nicola,id13198
De_Glade_Soemaend,id13199
De_Gregorio_Giuseppe,id13200
De_Havenzangers,id13201
De_Kast,id13202
De_Kermisklanten,id13203
De_Kreuners,id13204
De_Lencos,id13205
De_Maïs_Girls,id13206
De_Migras,id13207
De_Nattergale,id13208
De_Porta,id13209
De_Rivafrecha_Martín,id13210
De_Roy_Simon,id13211
De_Räuber,id13212
De_Simone_Carlo,id13213
De_Wael_Johan,id13214
Deacon_Blue,id13215
Dead_By_Sunrise,id13216
Dead_Can_Dance,id13217
Dead_Kennedys,id13218
Dead_Or_Alive,id13219
Dead_Ringer_Band,id13220
Deadmau5,id13222
Dean,id13223
Dean_Brothers,id13224
Dean_Dillon,id13225
Dean_Lewis,id13226
Dean_Martin,id13227
Dean_Martin__Frank_Sinatra,id13228
Dean_Martin__Jerry_Lewis,id13229
Dean_Taylor,id13230
Deana_Carter,id13231
Deanna_Durbin,id13232
Dear_Jack,id13233
Death,id13234
Death_Angel,id13235
Death_Cab_For_Cutie,id13236
Death_From_Above_1979,id13237
Death_In_Vegas,id13238
Deathstars,id13239
Debbie_De_Coudreaux,id13240
Debbie_Gibson,id13241
Debbie_Harry,id13242
Debbie_Reynolds,id13243
Debby_Boone,id13244
Debelah_Morgan,id13245
Debi_Nova,id13246
Deborah_Conway,id13247
Deborah_Cox,id13248
Deborah_Harry_Blondie,id13249
Deborah_Iurato,id13250
Deborah_Iurato_ft_Soul_System,id13251
Debra_Monk,id13252
Debussy_Claude,id13253
Decai,id13254
Decapella,id13255
Decker_Joachim,id13256
Decker_Johann,id13257
Declan_Nerney,id13258
Deco,id13259
Decourcelle_Paul,id13260
Dee_D_Jackson,id13261
Dee_Dee_Bridgewater,id13262
Dee_Jones,id13263
Deep_Blue_Something,id13264
Deep_Purple,id13265
Deeper_Sublime__Krapan,id13266
Def_Leppard,id13267
Def_Leppard__Tim_Mcgraw,id13268
Default,id13269
Defenders,id13270
Deftones,id13271
Dehtra,id13272
Deicide,id13273
Del_Amitri,id13274
Del_Shannon,id13275
Del_Vikings,id13276
Delbert_Mcclinton,id13277
Delbert_Mclinton,id13278
Delegation,id13279
Delfini,id13280
Delfino_Thermignon,id13281
Delibes_Léo,id13282
Delilah,id13283
Delioux_Charles,id13284
Delirium,id13285
Delius_Frederick,id13286
Deliverance,id13287
Della_Reese,id13288
Delmore_Brothers,id13289
Deloris__The_Sisters,id13290
Delta_Blues,id13291
Delta_Goodrem,id13292
Delta_Goodrem__Brian_McFadden,id13293
Delta_Line_Dance_Band,id13294
Delta_V,id13295
Delépine_Henri,id13296
Demi_Lovato,id13297
Demi_Lovato_Frozen_Soundtrack,id13298
Demi_Lovato_ft_Cher_Lloyd,id13299
Demis_Roussos,id13300
Demis_Roussos__Aphrodites_Child,id13301
Dempo_Duoen,id13302
Deni_Hines,id13303
Deniece_Williams,id13304
Denis,id13305
Denis_Mason,id13306
Denis_Nogueira,id13307
Denise__Johnny,id13308
Denise_e_Sharon_Ramella,id13309
Dennie_Christian,id13310
Dennie_Christian__Mieke,id13311
Dennis,id13312
Dennis_Franke,id13313
Dennis_Lloyd,id13314
Dennis_Taylor,id13315
Dennis_Waterman,id13316
Dennis_Yost_And_The_Classic_Iv,id13317
Denver_John,id13318
Denza_Luigi,id13319
Deodatus_Dutton,id13320
Depeche_Mode,id13321
Derailers,id13322
Derek_Ryan,id13323
Derek__The_Dominos_Feat_Eric_Clapton,id13324
Derek_and_The_Dominos,id13325
Dering_Richard,id13327
Dermot_Kennedy,id13328
Derrick_Gerarde,id13329
Des_Oconnor,id13330
Descatalogado,id13331
Desert_Rose_Band,id13332
Desert_Track,id13333
Designer_String_Quartet,id13334
Desmadre_75,id13335
Desmarets_Henri,id13336
Desmond_Dekker,id13337
Desree,id13338
Destinys_Child,id13339
Destivo,id13340
Destouches_André_Cardinal,id13341
Detroit_Emeralds,id13342
Detroit_Spinners,id13343
Detskaya_Muzyika_Iz_Multikov,id13344
Devine,id13345
Devo,id13346
Dexter_Freebish,id13347
Dexter_Wansel,id13348
Dexys_Midnight_Riders,id13349
Dexys_Midnight_Runners,id13350
Dhamm,id13351
Di_Capua_Eduardo,id13352
Di_Chiara_Vincenzo,id13353
Diabelli_Anton,id13354
Diamond_Neil,id13355
Diamond_Rio,id13356
Diamonds,id13357
Diana_DeGarmo,id13358
Diana_King,id13359
Diana_Krall,id13360
Diana_Navarro,id13361
Diana_Ross,id13362
Diana_Ross_Y_Lionel_Richie,id13363
Diana_Ross__Lionel_Ritchie,id13364
Diana_Ross__Marvin_Gaye,id13365
Diana_Ross__The_Supremes,id13366
Diana_Trask,id13368
Diana_Vickers,id13369
Diane_Birch,id13370
Diane_Schuur,id13371
Dick_Brave,id13372
Dick_Dale,id13373
Dickey_Lee,id13374
Dickie_Valentine,id13375
Didaco_Philetari,id13376
Diddy_Dirty_Money,id13377
Didier_Poncet,id13378
Dido,id13379
Die_Allianz,id13380
Die_Ballermänner,id13381
Die_Doofen,id13382
Die_Drei_Besoffskis,id13383
Die_Fantastischen_Vier,id13384
Die_Flippers,id13385
Die_Hampelmänner,id13386
Die_Paldauer,id13387
Die_Prinzen,id13388
Die_Schäfer,id13389
Die_Strandjungs,id13390
Die_Toten_Hosen,id13391
Die_Vielharmoniker,id13392
Die_Wildsäue,id13393
Diego_Abatantuono,id13395
Diego_José_de_Salazar,id13396
Diego_Ortiz,id13397
Diego_Torres,id13398
Diego_de_Pontac,id13399
Diego_de_las_Muelas,id13400
Dierks_Bentley,id13401
Diesel,id13402
Dietrich_Buxtehude,id13403
Dietrich_Sixt,id13404
Dieupart_Charles,id13405
Diggle_Roland,id13406
Dik_Dik,id13407
Dik_Dik__Vandelli__Camaleonti,id13408
Dimitri_van_Toren__Bart_Herman,id13409
Dimmu_Borgir,id13410
Dina_Carroll,id13411
Dina_Carroll_From_Sunset_Boulevard,id13412
Dinah_Washington,id13413
Dingetje,id13414
Dini_Kurnia,id13415
Dino,id13416
Diodato,id13417
Diogo_Dias_Melgás,id13418
Dion,id13419
Dion_And_The_Belmonts,id13420
Dion_DiMucci,id13421
Dionne_Bromfield_ft_Lil_Twist,id13422
Dionne_Warwick,id13423
Dionne_Warwick__Friends,id13424
Dir_En_Grey,id13425
Dire_Straits,id13427
Dire_Straits_Mta_Arr,id13428
Dirk_Busch,id13429
Dirk_Janszoon_Sweelinck,id13430
Dirotta_su_Cuba,id13431
Dirty_Vegas,id13432
Diruta_Girolamo,id13433
Disclosure,id13434
Disco,id13435
Disney,id13436
Disturbed,id13437
Dittersdorf_Carl_Ditters_von,id13438
Div_Interpreten,id13439
Diverse,id13440
Divine_Comedy,id13441
Divinyls,id13442
Dix_Joshua_Airlie,id13443
Dixie,id13444
Dixie_Chicks,id13445
Dixie_Cups,id13446
Dizzy_Gillespie,id13447
Dj_Otzi,id13450
Dj_Zorro,id13452
Django_Reinhardt,id13453
Djavan,id13454
Dmitri_Bortniansky,id13455
Do,id13456
Do_As_Infinity,id13457
Do_Re_Mi,id13458
Dobie_Gray,id13459
Doble_RR,id13460
Dobri_Hristov,id13461
Doctor_Hook_and_the_Medicine_Show,id13462
Doctor__The_Medics,id13463
Dodgy,id13464
Dodi_Battaglia,id13465
Dodworth_Allen,id13466
Doe_Maar,id13467
Doechii,id13468
Doenja,id13469
Doja_Cat,id13470
Dokken,id13471
Dolcenera,id13472
Dolly_Parton,id13473
Dolomiten_Sextett_Leinz,id13474
Dolores_ORiordan,id13475
Domenico_Cimarosa,id13476
Domenico_Maria_Ferrabosco,id13477
Domenico_Massenzio,id13478
Domenico_Mazzocchi,id13479
Domenico_Micheli,id13480
Domenico_Modugno,id13481
Domenico_Mondugno,id13482
Domenico_Obizzi,id13483
Domenico_Paone,id13484
Domenico_Scarlatti,id13485
Dominguez,id13486
Dominic_Kirwan,id13487
Dominic_Kirwin,id13488
Dominico_Lauro,id13489
Dominique_Phinot,id13490
Domino,id13491
Domínguez_José_António,id13492
Don_Backy,id13493
Don_Diablo,id13494
Don_Fardon,id13495
Don_Gibson,id13496
Don_Grolnick,id13497
Don_Henley,id13498
Don_Henley_Mick_Jagger__Miranda_Lambert,id13499
Don_Johnson,id13500
Don_Jonhson,id13501
Don_McLean,id13502
Don_Omar_Y_Lucenzo,id13504
Don_Williams,id13505
Don_Williams__Bette_Midler,id13506
Don__Juan,id13507
Donald_Fagan,id13508
Donald_Fagen,id13509
Donald_Lawrence,id13510
Donaldson_Walter,id13511
Donat_Müller,id13512
Donatella,id13513
Donatella_Moretti,id13514
Donatella_Rettore,id13515
Donatello,id13516
Donato_Y_Estéfano,id13517
Donell_Jones,id13518
Donizetti_Gaetano,id13519
Donkeyboy,id13520
Donna_Fargo,id13521
Donna_Lewis,id13522
Donna_Summer,id13523
Donnie_Mcclurkin,id13524
Donny_Osmond,id13525
Donovan,id13526
Doobie_Brothers,id13527
Doobie_Brothers_The,id13528
Doop,id13529
Doors,id13530
Dope,id13531
Doran,id13532
Doran__Jo_Leemans,id13533
Dori_Ghezzi,id13534
Doris_Day,id13535
Doris_Monteiro,id13536
Doris_Troy,id13537
Dorn_Charles_James,id13538
Dornel_Antoine,id13539
Dorothy_Moore,id13540
Dorothy_Provine,id13541
Dorus,id13542
Dos_Morenos,id13543
Dos_y_Tres,id13544
Dottie_West,id13545
Dotzauer_Friedrich,id13546
Double,id13547
DoubleU,id13548
Double_Vision,id13549
Double_You,id13550
Doug_Cameron,id13551
Doug_Parkinson,id13552
Doug_Stone,id13553
Dougie_Maclean,id13554
Douglas_Walczak,id13555
Dover,id13556
Doves,id13557
Dowland_John,id13558
Down,id13559
Down_Low,id13560
Dr_Alban,id13561
Dr_Dre,id13562
Dr_Feelgood,id13563
Dr_Hook,id13564
Dr_Hook__The_Medicine_Show,id13565
Dr_John,id13566
Drafi_Deutscher,id13567
Dragon,id13568
Drake,id13569
Drake_ft_Rihanna,id13570
Dralban,id13571
Dramatics,id13572
Dream_Theater,id13574
Dreams_Come_True,id13575
Dressler_Gallus,id13576
Dretzel_Valentin,id13577
Drew_Harry,id13578
Drew_William,id13579
Dries_Roelvink,id13580
Drizabone,id13581
Drowning_Pool,id13582
Dru_Hill,id13583
Drukwerk,id13584
Drupi,id13585
Dschinghis_Khan,id13586
Du_Bar,id13587
Du_Caurroy_Eustache,id13588
Du_Mage_Pierre,id13589
Du_Mont_Henry,id13590
Dua,id13591
Dua_Lipa,id13592
Dual_Gang,id13593
Duane_Eddy,id13594
Duarte_Lobo,id13595
Dubois_Théodore,id13596
Dubrovacki_Trubaduri,id13597
Dubz,id13598
Ducasse,id13599
Ducis_Benedictus,id13600
Ducks_Deluxe,id13601
Dudley_Buck,id13602
Dudley_Moore,id13603
Due_di_Picche,id13604
Dufay_Guillaume,id13605
Duffy,id13606
Dufresne_Georges,id13607
Duke_Dumont,id13608
Duke_Dumont_ft_Jax_Jones,id13609
Duke_Ellington,id13610
Dulce,id13611
Dulce_Pontes,id13612
Dulces_Pontes,id13613
Dulichius_Philipp,id13614
Dulot_François,id13615
Dumbo,id13616
Duncan_Dhu,id13617
Duncan_James_and_Keedie,id13618
Duncan_Laurence,id13619
Duncombe_William,id13620
Dune,id13621
Dunkelbunt,id13622
Dunstaple_John,id13623
Duparc_Henri,id13624
Dupont_Gabriel,id13625
Dupuis_Thomas_Sanders,id13626
Duran_Duran,id13627
Durand_Auguste,id13628
Durante_Francesco,id13629
Durlo_Andrea,id13630
Dushkin_Samuel,id13631
Dussek_Jan_Ladislav,id13632
Dusty_Springfield,id13633
Dutch_Boys,id13634
Duvernoy_Henri_Louis_Charles,id13635
Dušek_František_Xaver,id13636
Dvořák_Antonín,id13637
Dwight_Yoakam,id13638
Dyango,id13639
Dykes_John_Bacchus,id13640
Dynamic_Noise,id13641
Dynamic_Superiors,id13642
Dynamite,id13643
Dzhaz_Jazz,id13644
Déodat_de_Séverac,id13645
EMF,id13646
EVan_Dijken,id13647
EXILE,id13648
EYC,id13649
E_17_Feat_Gabrielle,id13650
E_U,id13651
E_Y_Harburg_And_Arnold_Arlen,id13652
Eagle_Eye_Cherry,id13653
Eagles,id13654
Eagles_The,id13655
Eamon,id13656
Earl_Grant,id13657
Earl_Klugh,id13658
Earl_Thomas_Conley,id13659
Earth_Wind_And_Fire,id13660
Earth_Wind__Fire,id13661
Earth__Fire,id13663
Eartha_Kitt,id13664
East_17,id13665
East_17_feat_Gabrielle,id13666
East_Michael,id13667
Easthope_Martin,id13668
Easton_Corbin,id13669
Ebeling_Johann_Georg,id13670
Ebenezer_Child,id13671
Ebenezer_Prout,id13672
Ebran,id13673
Ebreo_Guglielmo,id13674
Eccard_Johannes,id13675
Echo__The_Bunnymen,id13676
Echosmith,id13677
Eckardt_Adolf,id13678
Econoline_Crush,id13679
Ecos_Del_Rocio,id13680
Ed_Haley,id13681
Ed_Peterson__The_High_Line_Riders,id13682
Ed_Sheeran,id13683
Ed_Sheeran_Feat_Chris_Stapleton_And_Bruno_Mars,id13684
Ed_Sheeran__Justin_Bieber,id13685
Ed_Sheeran_ft_Andrea_Bocelli,id13686
Ed_Sheeran_ft_Beyonce,id13687
Ed_Sheeran_ft_Ella_Mai,id13688
Ed_Sheeran_ft_Khalid,id13689
Ed_Sheeran_ft_YEBBA,id13690
Ed_Townsend,id13691
Eddie_Calvert,id13692
Eddie_Cochran,id13693
Eddie_Floyd,id13694
Eddie_Grant,id13695
Eddie_Holman,id13696
Eddie_Jones,id13697
Eddie_Kendricks,id13698
Eddie_Meduza,id13699
Eddie_Money,id13700
Eddie_Palmieri,id13701
Eddie_Rabbit,id13702
Eddie_Rabbitt,id13703
Eddie_Raven,id13704
Eddie_Rodriguez,id13705
Eddie__The_Hot_Rods,id13706
Eddison_Lighthouse,id13707
Eddy_Arnold,id13708
Eddy_Crespo,id13709
Eddy_Grant,id13710
Eddy_Palmieri,id13711
Eddy_Raven,id13712
Eddy_Smets,id13713
Eddy_Wally,id13714
Eddy_Zoey,id13715
Edelinck_Pieter,id13716
Eden_Kane,id13717
Edewede_Oriwoh,id13718
Edgar_Pettman,id13719
Edgar_Winter_Group,id13720
Edgardo_Donato,id13721
Edguy,id13722
Edie_Brickell,id13723
Edie_Brickell__The_New_Bohemians,id13724
Edina_Pop,id13725
Edison_Lighthouse,id13726
Edith_Piaf,id13727
Edje_Ska,id13728
Edmund_Hooper,id13729
Edmund_Turges,id13730
Edmundo_Ros,id13731
Edoardo_Bennato,id13732
Edoardo_Bennato__Giuliano_Palma,id13733
Edoardo_Bennato_ft_Morgan,id13734
Edoardo_Eugenio_e_Giorgio_Bennato,id13735
Edoardo_Vianello,id13736
Edouard_Silas,id13737
Edsilia,id13738
Eduard_Adolf_Tod,id13739
Eduard_Grell,id13740
Eduard_Hecht,id13741
Eduard_Vila_i_Perarnau,id13742
Eduardo_De_Crescenzo,id13743
Edurne,id13745
Edvard_Grieg,id13746
Edward_Bairstow,id13747
Edward_Bear,id13748
Edward_Blancks,id13749
Edward_Bunnett,id13750
Edward_Cliff,id13751
Edward_Cockram_Purcell,id13752
Edward_Elgar,id13753
Edward_German,id13754
Edward_John_Hopkins,id13755
Edward_Johnson,id13756
Edward_Madden,id13757
Edward_Maya,id13758
Edward_Simoni,id13759
Edward_Track,id13760
Edward_Vine_Hall,id13761
Edward_Woodall_Naylor,id13762
Edwards_Gus,id13763
Edwin_George_Monk,id13764
Edwin_Hawkins_Singers,id13765
Edwin_McCain,id13766
Edwin_Starr,id13768
Edwin_Yearwood,id13769
Edwyn_Collins,id13770
Edyta_Gorniak,id13771
Eelke_Kleijn,id13772
Eels,id13773
Egbert_Van_Alstyne,id13774
Eiffel_65,id13775
Eilenberg_Richard,id13776
Einar,id13777
Eivissa,id13778
El_Arrebato,id13779
El_Barrio,id13780
El_Canto_Del_Loco,id13781
El_Chaval_De_La_Peca,id13782
El_Chicano,id13783
El_Chombo,id13784
El_DeBarge,id13785
El_Duo_Dinamico,id13786
El_Duo_Dinámico,id13787
El_Dúo_Dinámico,id13788
El_Gringo_De_La_Bachata,id13789
El_Grupo_Wao,id13790
El_Hormiguero,id13791
El_Mani,id13792
El_Payo_Juan_Miguel,id13793
El_Pont_Darcalis,id13794
El_Puma_Rodríguez,id13795
El_Simbolo,id13796
El_Sonnier,id13797
El_Sueño_De_Morfeo,id13798
El_Símbolo,id13799
El_Tomatazo,id13800
El_Tri,id13801
El_Ultimo_De_La_Fila,id13802
El_medico_de_la_salsa,id13803
Eladio_Romero,id13804
Elaine_Paige,id13805
Elaine_Paige__Barbara_Dickson,id13806
Elbow,id13807
Electric_Light_Orchestra,id13808
Electric_Six,id13809
Elefantes_Y_Enrique_Bunbury,id13810
Elegants,id13811
Elektra,id13812
Elen_Levon,id13813
Elena_Cataneo,id13814
Elena_Masiero,id13815
Elena_Paparizou,id13816
Elena_ft_Glance,id13817
Elert_Sigfrid,id13818
Elettra_Lamborghini,id13819
Elevation_Worship,id13820
Elgar,id13821
Elgar_Edward,id13822
Eliakim_Doolittle,id13823
Elijah_Griswold,id13824
Elio_E_Le_Storie_Tese,id13825
Elio_Gandolfi,id13826
Eliphalet_Oram_Lyte,id13828
Elisa,id13829
Elisa__Giuliano_Sangiorgi,id13830
Elisa__Tommaso_Paradiso,id13831
Elisa_ft_Carl_Brave,id13832
Elisa_ft_Rkomi,id13833
Elise_Gabbai,id13834
Eliseo_Ghibel,id13835
Elisha_West,id13836
Eliza_Doolittle,id13837
Elizabeth_Cotten,id13838
Elizabeth_Turner,id13839
Elizabeth_Welch,id13840
Elkanah_Dare,id13841
Elkie_Brooks,id13842
Ella_Baila_Sola,id13843
Ella_Fitzgerald,id13844
Ella_Henderson,id13845
Elle_King,id13846
Ellen,id13847
Ellie_Goulding,id13848
Ellington,id13849
Elliott_Smith,id13850
Ellmenreich_Albert,id13851
Elmore_James,id13852
Elodie,id13853
Elodie_Michele_Bravi__Guè_Pequeno,id13854
Elodie_ft_Ghemon,id13855
Elodie_ft_Gipsy_Kings,id13856
Elsa_Lila,id13857
Elsbeth_Thomas,id13858
Elsie_Morais,id13859
Elton_John,id13860
Elton_John__Blue,id13861
Elton_John__France_Gall,id13862
Elton_John__George_Michael,id13863
Elton_John__Kiki_Dee,id13864
Elton_John__LeAnn_Rimes,id13865
Elton_John__Pavarotti,id13866
Elvey_George_Job,id13867
Elvin_Bishop,id13868
Elvis,id13869
Elvis_Costello,id13870
Elvis_Martinez,id13871
Elvis_Presley,id13872
Elvis_Presley__Royal_Philharmonic_Orchestra,id13873
Elvis_Presley__The_Jordanaires,id13874
Elvis_Vs_JXL,id13875
Elvis_vs_Paul_Oakenfold,id13877
Elway_Bevin,id13878
Elzear_Genet,id13879
Elías_José,id13880
Emanuel_Kirschner,id13881
Embers,id13882
Embrace,id13883
Emeli_Sande,id13884
Emeli_Sandé,id13885
Emerico_Lobo_de_Mesquita,id13886
Emerson_Lake_And_Palmer,id13887
Emerson_Lake__Palmer,id13888
Emery_Coen_Carlo,id13889
Emiel_Hullebroeck,id13890
Emil_Adamič,id13891
Emile_Ford,id13892
Emile_Ford__the_Checkmates,id13893
Emile_Louis,id13894
Emilia,id13895
Emiliana_Torrini,id13896
Emilio_Aragón,id13897
Emilio_Campassi,id13898
Emilio_José,id13899
Emilio_de_Cavalieri,id13900
Emily_B_Tallmadge,id13901
Emily_D_Wilson,id13902
Emily_Skinner,id13903
Emily_Skinner__Alice_Ripley,id13904
Eminem,id13905
Eminem_ft_Ed_Sheeran,id13906
Emis_Killa,id13907
Emma_Bunton,id13908
Emma_Bunton_Spice_Girls,id13909
Emma_Marrone,id13910
Emma_Muscat,id13911
Emmanuel,id13912
Emmelie_de_Forest,id13913
Emmett_Daniel_Decatur,id13914
Emmie,id13915
Emmylou_Harris,id13916
Emotions,id13917
Emperor,id13918
Empire_Of_The_Sun,id13919
En_Vogue,id13920
En_Zo,id13921
Encina_Juan_del,id13922
Encore,id13923
Engelbert_Humperdinck,id13924
Engelmann_Hans,id13925
Engenheiros_Do_Hawaii,id13926
England_Dan_And_John_Ford_Coley,id13927
England_Dan__John_Ford_Coley,id13928
Enigma,id13929
Enio_Marikon_Ennio_Morricone,id13930
Ennio_Morricone,id13931
Enrico_Boccadoro,id13932
Enrico_Caruso,id13933
Enrico_Ciacci__Tommy_Lee,id13934
Enrico_Intra,id13935
Enrico_Musiani,id13936
Enrico_Nigiotti,id13937
Enrico_Nigliotti,id13938
Enrico_Radesca,id13939
Enrico_Ruggeri,id13940
Enrico_Ruggeri__Andrea_Mirò,id13941
Enrico_Ruggeri__Shapiro,id13942
Enrico_Simonetti,id13943
Enrico_Sognato,id13944
Enrico_Vercesi,id13945
Enrique_Guzman,id13946
Enrique_Iglasius,id13947
Enrique_Iglesias,id13948
Enrique_Iglesias_Feat_Nicole__Scherzinger,id13949
Enrique_Iglesias__Lionel_Richie,id13950
Enrique_Iglesias_feat_Yandel__Juan_Magan,id13951
Enrique_Iglesias_ft_Ciara,id13952
Enrique_Iglesias_ft_Kylie_Minogue,id13953
Enrique_Iglesias_ft_Pitbull,id13954
Enrique_Luis,id13955
Enrique_Y_Ana,id13956
Ensiferum,id13957
Enslaved,id13958
Envivo_feat_DJ_El_Puma,id13959
Enya,id13960
Enzo_Avitabile,id13961
Enzo_Barbaro,id13962
Enzo_Gragnaniello,id13963
Enzo_Gragnaniello__Ornella_Vanoni,id13964
Enzo_Jannacci,id13965
Ephraim_Reed,id13966
Epica,id13967
Equ,id13968
Equipe_84,id13969
Er_Peche_Y_La_Hungara,id13970
Era,id13971
Eramo__Passavanti,id13972
Erann_Dd,id13973
Erasmus_Lapicida,id13974
Erasmus_Widmann,id13975
Erasure,id13976
Erbach_Christian,id13977
Ercole_Bernabei,id13978
Eric_Benet,id13979
Eric_Benet_Feat_Tamia,id13980
Eric_Burdon,id13981
Eric_Burdon__The_Animals,id13982
Eric_Carmen,id13983
Eric_Charden,id13984
Eric_Church,id13985
Eric_Clapton,id13986
Eric_Clapton__JJ_Cale,id13987
Eric_Darius,id13988
Eric_Dikeb,id13989
Eric_Haas,id13990
Eric_Heatherly,id13991
Eric_Hutchinson,id13992
Eric_Idle_Monty_Python,id13993
Eric_Johnson,id13994
Eric_Marienthal,id13995
Eric_Prydz,id13996
Eric_Prydz_vs_Pink_Floyd,id13997
Eric_Satie,id13998
Eric_Spear,id13999
Eric_Weiss,id14000
Eric_Weiss__His_Dueling_Banjos,id14001
Erich_Daniel,id14002
Erik_Hulzebosch,id14003
Erik_Liehms_Band,id14004
Erik_Satie,id14005
Erik_Silvester,id14006
Erk_Ludwig,id14007
Erlebach_Philipp_Heinrich,id14008
Ermal_Meta,id14009
Ermal_Meta_ft_Elisa,id14010
Ermal_Meta_ft_Jarabe_de_Palo,id14011
Ernest_Ball,id14012
Ernest_Chausson,id14013
Ernest_Markham_Lee,id14014
Ernest_Tubb,id14015
Ernesto_Schinella,id14016
Ernst_Mosch,id14017
Ernst_T_A_Hoffmann,id14018
Eros_Ramazzotti,id14019
Eros_Ramazzotti__Joe_Cocker,id14020
Eros_Ramazzotti__Ricky_Martin,id14021
Eros_Ramazzotti__Tina_Turner_duet,id14022
Eros_Ramazzotti_e_Cher,id14023
Eros_Ramazzotti_ft_Luis_Fonsi,id14024
Erredieffe,id14025
Erroll_Garner,id14026
Eruption,id14027
Eruption_feat_Precious_Wilson,id14028
Erykah_Badu,id14029
Erythräus_Gotthard,id14030
Escape_Club,id14031
Eskimo_Joe,id14032
Espen_Lind,id14033
Esperanza,id14034
Esperanza_Spalding,id14035
Esperança_Pedro_da,id14036
Esquivel_Barahona_Juan,id14037
Esser_Heinrich,id14038
Estelle_Ft_Kayne_West,id14039
Estelle_ft_Kanye_West,id14040
Ester_Brohus,id14041
Esther,id14042
Esther_Phillips,id14043
Esther__Abi_Ofarim,id14044
Estopa,id14045
Estrella,id14046
Estêvão_Lopes_Morago,id14047
Estêvão_de_Brito,id14048
Et_Cetera_feat_Kincade,id14049
Etecarina,id14050
Eternal,id14051
Etienne_Cap,id14052
Etienne_Du_Tertre,id14053
Etienne_de_Lavaulx,id14054
Ett_Kaspar,id14055
Etta_James,id14056
Ettore_Petrolini,id14057
Ettore_Pozzoli,id14058
Eubie_Blake,id14059
Euge_Groove,id14060
Eugenio_Finardi,id14061
Eumir_Deodato,id14062
Eurogliders,id14063
Europe,id14064
Eurosong_for_Kids,id14065
Eurphyrionyx_Q,id14066
Eurythmics,id14067
Eustache_du_Caurroy,id14068
Eustorg_de_Beaulieu,id14069
Eva_Cassidy,id14070
Eva_Pauwels,id14071
Eva_Stirn,id14072
Evan_And_Jaron,id14073
Evanescence,id14075
Evans_George,id14076
Eve_6,id14077
Eve_Feat_Gwen_Stefani,id14078
Evelyn_King,id14079
Everclear,id14080
Everett_Asa_Brooks,id14081
Everette_Harp,id14082
Everlast,id14083
Everly_Brothers,id14084
Evermore,id14085
Everyday_Rapture,id14086
Everything_But_The_Girl,id14087
Ewan_Mcgregor_From_Moulin_Rouge,id14088
Excell_Edwin_Othello,id14089
Extra,id14091
Extreme,id14092
Extremoduro,id14093
Eydie_Gorme,id14095
Eye_Cherry,id14096
Eyvind_Alnæs,id14097
Ezra_Goff,id14098
F_Calone,id14099
F_Chopin,id14100
F_R_David,id14101
Fabi_Silvestri_Gazzè,id14102
Fabini_Eduardo,id14103
Fabio_Anti,id14104
Fabio_Concato,id14105
Fabio_Costantini,id14106
Fabio_Fresi,id14107
Fabio_Rovazzi,id14108
Fabio_Rovazzi_ft_Gianni_Morandi,id14109
Fabián_García_Pacheco,id14110
Fabri_Fibra,id14111
Fabri_Fibra_ft_TheGiornalisti,id14112
Fabrizio_David,id14113
Fabrizio_De_Andrè,id14114
Fabrizio_De_André,id14115
Fabrizio_Dentice,id14116
Fabrizio_Ferretti,id14117
Fabrizio_Moro,id14118
Fabrizio_Perone,id14119
Fabrizio_de_Andre,id14120
Fabulous_Thunderbirds,id14122
Face_to_Face,id14123
Facoli_Marco,id14124
Factor_winnaar,id14125
Fairground_Attraction,id14126
Fairport_Convention,id14127
Faith,id14128
Faith_Evans,id14129
Faith_Hill,id14130
Faith_No_More,id14131
Faithless,id14132
Falco,id14133
Falconieri_Andrea,id14134
Fall_Out_Boy,id14135
Falla_Manuel_de,id14136
Fallen_Jeff,id14137
Fame,id14138
Fame_Tv_Cast,id14139
Fancy,id14140
Fangoria,id14141
Fanny_Hensel,id14142
Fantasia,id14143
Fantastic_Strings,id14144
Fantasy,id14145
Faraoni,id14146
Fargetta,id14147
Farias,id14148
Farida,id14149
Farley_Jackmaster_Funk,id14150
Farmer_John,id14151
Farnaby_Giles,id14152
Farnam_Lynnwood,id14153
Faron_Young,id14154
Fasch_Johann_Friedrich,id14155
Fasma_GG,id14156
Fasolo_Giovanni_Battista,id14157
Fast_Food_Rockers,id14158
Fastball,id14159
Fat_Lady_Sings,id14160
Fat_Larrys_Band,id14161
Fat_Les,id14162
Fat_Tuesday,id14163
Fatback_Band,id14164
Fatboy_Slim,id14165
Fats_Domino,id14166
Fattorini_Gabriele,id14167
Faul__Wad_Ad_vs_Pnau,id14168
Fauré_Gabriel,id14169
Fausti,id14170
Faustina_Hasse_Hodges,id14171
Fausto_Cigliano,id14172
Fausto_Leali,id14173
Fausto_Leali__Anna_Oxa,id14174
Fausto_Leali__Francesco_de_Gregori,id14175
Fausto_Leali_e_Luisa_Corna,id14176
Fausto_Papetti,id14177
Fausto_Papetti__Ennio_Morricone,id14178
Fear_Factory,id14179
Feargal_Sharkey,id14180
Fede_Finn__Funny_Boys,id14181
Fedele_Boccassini,id14182
Federica_Carta,id14183
Federica_Carta_ft_La_Rua,id14184
Federica_Colucci,id14185
Federica_DAndrea_e_Stefano_Maiuolo,id14186
Federica_Felini,id14187
Federica_Pettineo,id14188
Federico_Coda,id14189
Federico_Poggipollini,id14190
Federico_Salvatore,id14191
Federico_Stragà,id14192
Fedez__Francesca_Michielin,id14193
Feel_Good_Productions,id14194
Felice_Anerio,id14195
Felice_Civitareale,id14196
Felice_Giardini,id14197
Felice_de_Giardini,id14198
Felician_Schwab,id14199
Felis_Stefano,id14200
Felix_Alexandre_Guilmant,id14201
Felix_Gary,id14202
Felix_Jaehn_ft_Jasmine_Thompson,id14203
Felix_Mendelssohn,id14204
Feltz_Louis,id14205
Ferdinand_Franz,id14206
Ferdinand_Morton,id14207
Ferdinand_Schaller,id14208
Ferdinand_di_Lasso,id14209
Ferdinando_Pagano,id14210
Fergie,id14211
Fernando_Express,id14212
Fernando_de_las_Infantas,id14213
Fernández_Palero_Francisco,id14214
Ferrabosco_Domenico,id14215
Ferrabosco_Jr_Alfonso,id14216
Ferrabosco_Sr_Alfonso,id14217
Ferrer_José,id14218
Ferretti_Giovanni,id14219
Ferrini_Giovanni_Battista,id14220
Ferris_Tozer,id14221
Ferry_Aid_Paul_McCartney_Boy_George_Gary_Moore_Mark_Knopfler_Kate_Bush,id14222
Fesch_Willem_de,id14223
Fessy_Alexandre_Charles,id14224
Festa_Costanzo,id14225
Fettes_Brot,id14226
Fey,id14227
Fi,id14228
Fiammetta,id14229
Fiction_Factory,id14230
Fiddler_On_The_Roof,id14231
Fiddlers_Dram,id14232
Fidler_On_The_Roof,id14233
Field_John,id14234
Fields_Arthur,id14235
Fierce,id14236
Fifth_Dimension,id14237
Fifth_Element,id14238
Fifth_Estate,id14239
Fifth_Harmony,id14240
Fik_Gaza_X_Mariam_Kugonza,id14241
Fileno_Cornazzani,id14242
Filipe_da_Madre_de_Deus,id14243
Filippa_Giordano,id14244
Filippo_Azzaiolo,id14245
Filippo_Merola,id14246
Filippo_Perbellini,id14247
Filippo_Schisano,id14248
Filipponio,id14249
Fillmore_Henry,id14250
Film_theme,id14251
Filter,id14252
Finamore_Francesco,id14253
Fine_Elaine,id14254
Fine_Young_Cannabals,id14255
Fine_Young_Cannibals,id14256
Finetti_Giacomo,id14257
Finger_Eleven,id14258
Finley,id14259
Finntroll,id14260
Fiocco,id14261
Fiona_Apple,id14262
Fiordaliso,id14263
Fiorella_Mannoia,id14264
Fiorella_Mannoia__Fossati,id14265
Fiorella_Mannoia__Tiziano_Ferro,id14266
Fiorello,id14267
Fiorello__The_Guy_Barker_International_Quartet,id14268
Firefall,id14269
Firehouse,id14270
Firminus_Caron,id14271
First_Class,id14272
First_Ladies,id14273
Fischer_Johann_Caspar_Ferdinand,id14274
Fischer_Michael_Gotthard,id14275
Fischerspooner,id14276
Fisher_Fred,id14277
Fito_Olivares,id14278
Fito_Y_Los_Fitipaldis,id14279
Fitz_And_The_Tantrums,id14280
Five,id14281
Five_For_Fighting,id14282
Five_Man_Electrical_Band,id14283
Five_Satins,id14284
Five_Stairsteps,id14285
Five__Queen,id14286
Fixkes,id14288
Flabby_feat_Carla_Boni,id14289
Flair,id14290
Flaming_Lips_The,id14291
Flamingo_Kvartetten,id14292
Flaminio_Comanedo,id14293
Flaminio_Maphia,id14294
Flaminio_Noceti,id14295
Flamman__Abraxas,id14296
Flash_And_The_Pan,id14297
Flatt__Scruggs,id14299
Flavio_Oreglio,id14300
Flavio_Ricci,id14301
Flavio_Venturini,id14302
Fleetwood_Mac,id14303
Flemming_Friedrich_Ferdinand,id14304
Fleur_East,id14305
Flip_Kowlier,id14306
Flip__Fill,id14307
Flippers,id14308
Flo_Rida,id14309
Flo_Rida_ft_Kesha,id14310
Flock_Of_Seagulls,id14311
Flor_Christian,id14312
Flora_Fauna_e_Cemento,id14313
Florence_Ashton_Marshall,id14314
Florence__The_Machine,id14315
Florence_and_the_Machine,id14316
Flori_Giovanni,id14317
Floriano_Canale,id14318
Florida_Georgia_Line,id14319
Florido_Silvestri,id14320
Florimo_Francesco,id14321
Florinda_Bolkan,id14322
Flotow_Friedrich_von,id14323
Flowers,id14324
Floyd_Cramer,id14325
Flume,id14326
Fly_Project,id14327
Flying_Burrito_Brothers,id14328
Flying_Emus,id14329
Flying_Superkids,id14330
Flyleaf,id14331
Fo_Fi_Fo,id14332
Focus,id14333
Fogerty_John,id14334
Foghat,id14335
Fogueira_Tres,id14336
Folk_Songs_Japanese,id14337
Follies,id14338
Follow_Me,id14339
Fomin_Boris,id14340
Fondo_Flamenco,id14341
Fonseca,id14342
Fontana_Giovanni_Battista,id14343
Fontella_Bass,id14344
Foo_Fighters,id14345
Foo_Fighters__Live_Lounge_Allstars,id14346
Fools_Garden,id14347
Foote_Arthur,id14348
Ford_T_Dabney,id14349
Ford_Thomas,id14350
Foreigner,id14351
Forest_For_The_Trees,id14352
Forester_Sisters,id14353
Formula_3,id14354
Formula_5,id14355
Forrest,id14356
Forrester_Sisters,id14357
Forster_Georg,id14358
Fort_Minor,id14359
Foster_Stephen,id14360
Foster_The_People,id14361
Foster__Allen,id14362
Foster_and_Allen,id14363
Foundation,id14365
Foundations,id14366
Fountains_Of_Wayne,id14367
Four80east,id14368
FourPlay,id14369
Four_Jacks,id14370
Four_Seasons,id14371
Four_Tops,id14372
Four_Tops_The,id14373
Fourplay_Feat_Debarge,id14374
Fourplay__El_DeBarge,id14375
Fox_Trot,id14376
Foxtrot,id14377
Fr_David,id14378
Fragma,id14379
Fran_Perea,id14380
France_Gall,id14381
Francesca_Chiara,id14382
Francesca_Michielin,id14383
Franceschini_Petronio,id14384
Francesco_Antonio_Calegari,id14385
Francesco_Baccini,id14386
Francesco_Berger,id14387
Francesco_Bianciardi,id14388
Francesco_Boccarini,id14389
Francesco_Calabrese,id14390
Francesco_Casati,id14391
Francesco_Cavalli,id14392
Francesco_Corteccia,id14393
Francesco_De_Gregori,id14394
Francesco_Durante,id14395
Francesco_Feroci,id14396
Francesco_Foggia,id14397
Francesco_Gabbani,id14398
Francesco_Guccini,id14399
Francesco_Iannitti,id14400
Francesco_Landini,id14401
Francesco_Lorenzo_Luciani,id14402
Francesco_Manara,id14403
Francesco_Mancini,id14404
Francesco_Maria_Guaitoli,id14405
Francesco_Milleville,id14406
Francesco_Morlacchi,id14407
Francesco_Motta,id14408
Francesco_Napoli,id14409
Francesco_Paolo_Tosti,id14410
Francesco_Passarini,id14411
Francesco_Patavino,id14412
Francesco_Pigna,id14413
Francesco_Renga,id14414
Francesco_Renga__Elodie,id14415
Francesco_Renga_ft_Ermal_Meta,id14416
Francesco_Rosselli,id14417
Francesco_Rovigo,id14418
Francesco_Sarcina,id14419
Francesco_Soriano,id14420
Francesco_Tarantino,id14421
Francesco_Turini,id14422
Francesco_Usper,id14423
Francesco_Viola,id14424
Francesco_da_Lucca,id14425
Francesco_dal_Cedraro,id14426
Francesco_de_Layolle,id14428
Franceso_Renga,id14429
Franchino_Gaffurio,id14430
Franci_Gal,id14431
Francine_Jordi,id14432
Francis_Champneys,id14433
Francis_Cutting,id14434
Francis_Edward_Gladstone,id14435
Francis_Lai,id14436
Francis_Nero,id14437
Francis_Pilkington,id14438
Francisco,id14439
Francisco_A_Barbieri,id14440
Francisco_Alcantar,id14441
Francisco_Céspedes,id14442
Francisco_Escalada,id14443
Francisco_Guerrero,id14444
Francisco_López_Capillas,id14445
Francisco_Martins,id14446
Francisco_Moratilla,id14447
Francisco_Ortega,id14448
Francisco_Raposo_Pereira_Lima,id14449
Francisco_Soto_de_Langa,id14450
Francisco_Tarrega,id14451
Francisco_Valls,id14452
Francisco_de_Frías,id14453
Francisco_de_Peñalosa,id14454
Francisco_de_Quirós,id14455
Francisco_de_la_Torre,id14456
Franciscus_de_Rivulo,id14457
Francisque,id14458
Franck_César,id14459
Franck_Georges,id14460
Franck_Melchior,id14461
Franck_Pourcel,id14462
Franco_Bastelli,id14463
Franco_Battiato,id14464
Franco_Battiato__Vincenzo_Spampinato,id14465
Franco_Califano,id14466
Franco_Calone,id14467
Franco_Calore,id14468
Franco_Corelli,id14469
Franco_Dani,id14470
Franco_Fanigliulo,id14471
Franco_Fasano_Anna_Oxa_e_Fausto_Leali,id14472
Franco_IV__Franco_I,id14473
Franco_Micalizzi,id14474
Franco_Moreno,id14475
Franco_Pisano,id14476
Franco_Simone,id14477
Franco_Tozzi,id14478
Francois_Michael,id14479
Francoise_Hardy,id14480
Franjo_Dugan_Sr,id14481
Frank_A_Atkins,id14482
Frank_Boeijen,id14483
Frank_Bridge,id14484
Frank_Chacksfield,id14485
Frank_Duval__Orchestra,id14486
Frank_Farian,id14487
Frank_Galan,id14488
Frank_Ifield,id14489
Frank_Michael,id14490
Frank_Mills,id14491
Frank_Neuenfels,id14492
Frank_Ocean,id14493
Frank_Reyes,id14494
Frank_Schröder,id14495
Frank_Sinatra,id14496
Frank_Sinatra_Feat_Aretha_Franklin,id14497
Frank_Sinatra_Feat_Stevie_Wonder,id14498
Frank_Sinatra_Steve_Lawrence__Eydie_Gormé,id14499
Frank_Sinatra__Jimmy_Buffett,id14500
Frank_Sinatra__Julio_Iglesias,id14501
Frank_Sinatra___Willie_Nelson,id14502
Frank_Stallone,id14503
Frank_Valdor__Peter_Steiner,id14504
Frank_Valentino,id14505
Frank_Van_Etten,id14506
Frank_Wilson,id14507
Frank_Zander,id14508
Frank_Zappa,id14509
Frank__Nancy_Sinatra,id14510
Franki_Valli_Grease_Soundtrack,id14511
Frankie_Avalon,id14512
Frankie_Beverly,id14513
Frankie_Ford,id14514
Frankie_Goes_To_Hollywood,id14515
Frankie_Laine,id14517
Frankie_Lane,id14518
Frankie_Lymon__The_Teenagers,id14519
Frankie_Miller,id14520
Frankie_Negron,id14521
Frankie_Valli,id14522
Frankie_Valli__The_Four_Seasons,id14523
Franklin_L_Sheppard,id14524
Frankmusik,id14525
Frans_Bauer,id14526
Frans_Bauer__Corry_Konings,id14527
Frans_Bauer__Kabouter_Plop,id14528
Frans_Bauer__Marianne_Weber,id14529
Frans_Joseph_Krafft,id14530
Frans_van_Etten,id14531
Franz_Bühler,id14532
Franz_Ferdinand,id14533
Franz_Josef_Haydn,id14534
Franz_Kersch,id14535
Franz_Lachner,id14536
Franz_Lambert,id14537
Franz_Lehar,id14538
Franz_Liszt,id14539
Franz_Liszt_Kammerorchester,id14540
Franz_Robert,id14541
Franz_Sales,id14542
Franz_Schubert,id14543
Franz_Tunder,id14544
Franz_Wilhelm_Abt,id14545
Franz_Xaver_Brixi,id14546
Franz_Xaver_Engelhart,id14547
Franz_Xaver_Gruber,id14548
Franz_Xaver_Witt,id14549
Franzoni_Amante,id14550
François,id14551
François_Bourguignon,id14552
François_Couperin,id14553
François_Dubois,id14554
François_Dulot,id14555
François_Gallet,id14556
François_de_Chancy,id14557
Françoise_Hardy,id14558
Fraser,id14559
Fratellis,id14560
Fray,id14561
Freak_Nasty,id14562
Freak_Power,id14563
Fred_Bongusto,id14564
Fred_Buscaglione,id14565
Fred_Fisher,id14566
Fred_Paris__The_Five_Satins,id14567
Fred_de_Palma,id14568
Fred_de_Palma_ft_Ana_Mena,id14569
Freda_Payne,id14570
Freddie_Fender,id14571
Freddie_Hart,id14572
Freddie_Jackson,id14573
Freddie_Mercury,id14574
Freddie_Mercury_Queen,id14575
Freddie_Mercury__Montserrat_Caballé,id14576
Freddie__The_Dreamers,id14577
Freddy_Birset,id14578
Freddy_Breck,id14579
Freddy_Cannon,id14580
Freddy_Fender,id14581
Freddy_Gerado,id14582
Freddy_Holiday,id14583
Freddy_Jackson,id14584
Freddy_Mercury,id14585
Freddy_Quinn,id14586
Frederic_Bayco,id14587
Frederic_Woodman_Root,id14588
Frederick_Arthur_Gore_Ouseley,id14589
Frederick_Corder,id14590
Frederick_Delius,id14591
Frederick_II,id14592
Frederick_James_Gostelow,id14593
Frederiksen_Lars,id14594
Fredobagz,id14595
Fredrik_Pacius,id14596
Free,id14597
Free_DeeJays,id14598
Free_The_Spirit,id14599
Freek_de_Jonge,id14600
Freestylers,id14601
Freiheit,id14602
Fremantle_Football_Club_Song,id14603
French_Affair,id14604
French_Charleston_Orchestra,id14605
Frenzal_Rhomb,id14606
Frescobaldi_Girolamo,id14607
Fresh_Paint,id14608
Fresi_Fabio,id14609
Freudenberg_Alwin,id14610
Freundt_Cornelius,id14611
Freur,id14612
Freya_Ridings,id14613
Friderici_Daniel,id14614
Friedel_Hensch_und_die_Cyprys,id14615
Friedman_Leo,id14616
Friedrich_Kiel,id14617
Friedrich_Schneider,id14618
Friedrich_Silcher,id14619
Friedrich_Wilhelm_Kücken,id14620
Friend__Lover,id14621
Friends_Of_Distinction,id14622
Frisina_Cesare,id14623
Fritsch_Balthasar,id14624
Froberger_Johann_Jacob,id14625
From_A_Chorus_Line,id14626
From_Beauty_and_the_Beast,id14627
Fromental_Halévy,id14628
Frontini_Francesco_Paolo,id14629
Frou_Frou,id14630
Frozen_Soundtrack,id14631
Fruko,id14632
Frédéric_Chopin,id14633
Frédéric_Debons,id14634
Fuchs_Robert,id14635
Fuel,id14636
Fugazi,id14637
Fugees,id14638
Fugees_The,id14639
Fun,id14640
Fun_Factory,id14641
Fundación_Tony_Manero,id14642
Funky_Monky_Babys,id14643
Fusion,id14644
Fusion_Orchestra,id14645
Future,id14646
Future_Islands,id14647
Fux_Johann_Joseph,id14648
Fučík_Julius,id14649
Fábio_Soldá,id14650
Févin_Antoine_de,id14651
Fórmula_Abierta,id14652
Führer_Robert,id14653
GG_Anderson,id14654
GSO,id14655
GT_Smart,id14656
G_Dupont,id14657
G_Knowles,id14658
G_Lembo,id14659
Gabber_Piet,id14660
Gabi_Fofó_Y_Miliki,id14661
Gabin,id14662
Gabin_feat_Mia_Cooper,id14663
Gabrael_StClair,id14664
Gabriel_Charles_Hutchinson,id14665
Gabriel_Fauré,id14666
Gabriel_Garcia_de_Mendoza,id14667
Gabriel_Mena,id14668
Gabriel_Molina_Althaus,id14669
Gabriela_Cilmi,id14670
Gabriele_Carlini,id14671
Gabrieli_Andrea,id14672
Gabrieli_Giovanni,id14673
Gabriella_Cilmi,id14674
Gabriella_Ferri,id14675
Gabrielle,id14676
Gabrielle_Aplin,id14677
Gabrielli_Domenico,id14678
Gabriello_Puliti_da_Montepulciano,id14679
Gabry_Ponte,id14680
Gabry_Ponte_feat_Little_Tony,id14681
Gabrè,id14682
Gaby,id14683
Gaby_Baginsky,id14684
Gaby_Fofo_Y_Miliki,id14685
Gade_Niels,id14686
Gaetano_Donizetti,id14687
Gaetano_Errico_Pennino,id14688
Gagnon_Ernest,id14689
Gagnon_Henri,id14690
Gaia,id14691
Gala,id14692
Galantis,id14693
Galeazzo_Sabbatini,id14694
Galilei_Vincenzo,id14695
Gallery,id14696
Galliard_Johann_Ernst,id14697
Galloni_Giuseppe_Prospero,id14698
Gallus_Dreßler,id14699
Gallés_Josep,id14700
Galuppi_Baldassare,id14701
Gambardella_Salvatore,id14702
Gambarini_Elisabetta_de,id14703
Gamberini_Michelangelo,id14704
Gamma_Ray,id14705
Ganggajang,id14706
Gap_Band,id14707
Garbage,id14708
Garcia,id14709
Garcia_feat_Rod_D,id14710
Gardel_Carlos,id14711
Gareth_Gates,id14712
Gareth_Gates__The_Kumars,id14713
Gareth_Malones_All_Star_Choir,id14714
Garfield_Fleming,id14715
Garland_Jeffreys,id14716
Garry_Glitter,id14717
Garry_Hagger,id14718
Garth_Brooks,id14719
Gary_Allan,id14720
Gary_Barlow,id14721
Gary_Barlow_Michael_Buble__Sebastian_Yatra,id14722
Gary_Barlow__Elton_John,id14723
Gary_Barlow__the_Commonwealth_Band,id14724
Gary_Brooker,id14725
Gary_Chapman,id14726
Gary_Chilton,id14727
Gary_Glitter,id14728
Gary_Go,id14729
Gary_Hoey,id14730
Gary_Jules,id14731
Gary_Lewis_And_The_Playboys,id14732
Gary_Moore,id14733
Gary_Moore__Phil_Lynott,id14734
Gary_Morris,id14735
Gary_Newman,id14736
Gary_Numan,id14737
Gary_Numan__Tubeway_Army,id14738
Gary_Numan_vs_Rico,id14739
Gary_Puckett,id14740
Gary_Puckett__The_Union_Gap,id14741
Gary_Wright,id14743
Gascongne_Mathieu,id14744
Gasolin,id14745
Gaspar_Fernandes,id14746
Gaspar_van_Weerbeke,id14747
Gasparini_Francesco,id14748
Gasparo_Costa,id14749
Gasparo_Fiorino,id14750
Gasparo_Pratoneri,id14751
Gastaldon_Stanislao,id14752
Gastoldi_Giovanni_Giacomo,id14753
Gathania,id14754
Gatlin_Brothers,id14755
Gato_Barbieri,id14756
Gato_Pérez,id14757
Gattermann_Michael_Samuel_David,id14758
Gatti_di_Vicolo_Miracoli,id14759
Gatto_Panceri,id14760
Gaul_Konstantin_Joachim,id14761
Gauntlett_Henry_John,id14762
Gavin_DeGraw,id14763
Gavin_Rossdale,id14765
Gaye_Marvin,id14766
Gaynor_Gloria,id14767
Gazebo,id14768
Gazosa,id14769
Gazosa_con_Tormento,id14770
Gebroeders_Brouwer,id14771
Gebroeders_Ko,id14772
Gebrüder_Blattschuss,id14773
Geert_Verhallen,id14774
Geert_van_Turnhout,id14775
Gegè_Telesforo,id14776
Gegè_e_la_Renzo_Arcore_Orquestra,id14777
Geier_Sturzflug,id14778
Geist_Christian,id14779
Gemelle_Kessler,id14780
Gemelli_Diversi,id14781
Gemignano_Capilupi,id14782
Gemini_Jayy,id14783
Geminiani_Francesco,id14784
Geminiano_Giacomelli,id14785
Genari_Karganov,id14786
Gene_Autrey,id14787
Gene_Chandler,id14788
Gene_Page,id14789
Gene_Pitney,id14790
Gene_Pitney__George_Jones,id14791
Gene_Summer,id14792
Gene_Thomas,id14793
Gene_Vincent,id14794
Gene_Vincent_And_His_Blue_Caps,id14795
Gene_Watson,id14796
General_Base,id14797
General_Lafayette,id14798
Genesis,id14799
Genova__Steffan,id14800
Genova_e_Steffan,id14801
Gens,id14802
Gentian,id14803
Gentle_Giants,id14804
Geoff_Allan,id14805
Geoff_Moore,id14806
Geoffrey_OHara,id14807
Geoffrey_Shaw,id14808
Georg_Blanckenmüller,id14809
Georg_Böhm,id14810
Georg_Daniel_Speer,id14811
Georg_Florius,id14812
Georg_Forster,id14813
Georg_Gottfried_Wagner,id14814
Georg_Joseph_Vogler,id14815
Georg_Philipp_Telemann,id14816
Georg_Prenner,id14817
Georg_Reutter,id14818
Georg_Rhau,id14819
Georg_Rüssmann,id14820
Georg_Schumann,id14821
Georg_Viktor_Weber,id14822
Georg_Vogelhuber,id14823
Georg_Vogler,id14824
George,id14825
George_Alexander_Macfarren,id14826
George_Baker_Selection,id14827
George_Barcrofte,id14828
George_Benjamin_Allen,id14829
George_Bennard,id14830
George_Benson,id14831
George_Berg,id14832
George_Botsford,id14833
George_C_Hugg,id14834
George_Coombes,id14835
George_Day,id14836
George_Duke,id14837
George_Dyson,id14838
George_Enescu,id14839
George_Evans,id14840
George_Ezra,id14841
George_Formby,id14842
George_Frideric_Handel,id14843
George_Gay,id14844
George_Gershwin,id14845
George_Hamilton_IV,id14846
George_Harrison,id14847
George_Harrison__Eric_Clapton,id14848
George_J_Elvey,id14849
George_J_Webb,id14850
George_Jones,id14851
George_Kirbye,id14852
George_M_Garrett,id14853
George_Maximilian_Slatter,id14854
George_McCrae,id14855
George_Mcrae,id14856
George_Michael,id14857
George_Michael__Elton_John,id14858
George_Michael__Mary_J_Blige,id14859
George_Michael_ft_Aretha_Franklin,id14860
George_Michael_ft_Nile_Rodgers,id14861
George_Oldroyd,id14862
George_R_Lewis,id14863
George_Ratcliffe_Woodward,id14864
George_Saxon,id14865
George_Strait,id14866
George_Thorogood,id14867
George_W_Morgan,id14868
George_W_Walter,id14869
George_Whitefield_Chadwick,id14870
George_de_Bruin,id14871
George_de_La_Hèle,id14872
Georges_Moustaki,id14873
Georgia_Gibbs,id14874
Georgia_Satellites,id14875
Georgie_Dann,id14876
Georgie_Fame,id14877
Georgie_Fame__the_Blue_Flames,id14878
Gepy,id14879
Gepy__Gepy,id14880
Gerald_Albright,id14881
Geraldine,id14882
Gerard_Cox,id14883
Gerard_Joling,id14884
Gerardina_Trovato,id14885
Gerardo,id14886
Gerd_Boettcher,id14887
Gerhard_Wendland,id14888
Geri_Halliwell,id14889
Geri_Halliwell_Spice_Girls,id14890
German_Edward,id14891
Geron_Davis,id14892
Geronimo,id14893
Gerrard_Kenny,id14894
Gerritz_Peter,id14895
Gerry_And_The_Pacemakers,id14896
Gerry_Guthrie,id14897
Gerry_Jeff_Walker,id14898
Gerry_Marsden,id14899
Gerry_Rafferty,id14900
Gerry__The_Pacemakers,id14901
Gersbach_Joseph,id14903
Gershwin_George,id14904
Gert_Timmerman,id14905
Gertrude_Hine,id14906
Gervaise_Claude,id14907
Gervasio_Melcarne,id14908
Gerónimo_Gonzales,id14909
Gerónimo_Romero_de_Avila,id14910
Gesius_Bartholomäus,id14911
Gesualdo_Carlo,id14912
Get_Ready,id14913
Gezebo,id14914
Ghali,id14915
Gheerkin_de_Hondt,id14916
Gheorghe_Cucu,id14917
Gheorghe_Zamfir,id14918
Ghigo,id14919
Ghinolfo_Dattari,id14920
Ghirardo_da_Panico,id14921
Ghiselin_Johannes,id14922
Ghizeghem_Hayne_van,id14923
Ghosts,id14924
Giaches_de_Wert,id14925
Giacobbe,id14926
Giacomo_Antonio_Perti,id14927
Giacomo_Arrigoni,id14928
Giacomo_Battistini,id14929
Giacomo_Brignoli,id14930
Giacomo_Carissimi,id14931
Giacomo_Finetti,id14932
Giacomo_Fogliano,id14933
Giacomo_Gorzanis,id14934
Giacomo_Meyerbeer,id14935
Giacomo_Petrino,id14936
Giacomo_Puccini,id14937
Giacomo_Voli,id14938
Gian_Pieretti,id14939
Giancarlo_Colleoni,id14940
Giancarlo_Vorzitelli,id14941
Giandominico_Martoretta,id14942
Gianluca_Grignani,id14943
Gianluca_Grignani_e_LAura,id14944
Gianna_Nannini,id14945
Gianna_Nannini__Edoardo_Bennato,id14946
Gianna_Nannini__Giorgia,id14947
Gianna_Nannini_feat_Avion_Travel__Paolo_Conte,id14948
Gianna_Nannini_ft_Enrico_Nigiotti,id14949
Gianni_Bella,id14950
Gianni_Bella_e_Gino_Vannelli,id14951
Gianni_Bella_e_Marcella,id14952
Gianni_Coletti,id14953
Gianni_Drudi,id14954
Gianni_Fiorellino,id14955
Gianni_Meccia,id14956
Gianni_Morandi,id14957
Gianni_Morandi__Alessandra_Amoroso,id14958
Gianni_Morandi__Barbara_Cola,id14959
Gianni_Morandi__Emma_Shapplin,id14960
Gianni_Morandi__Gianluca_Grignani,id14961
Gianni_Morandi_e_Alexia,id14962
Gianni_Morandi_e_Amii_Stewart,id14963
Gianni_Morandi_e_Celentano,id14964
Gianni_Morandi_e_Lorella_Cuccarini,id14965
Gianni_Morandi_e_Ornella_Vanoni,id14966
Gianni_Nazzaro,id14967
Gianni_Pettenati,id14968
Gianni_Togni,id14969
Gianni_Vezzosi,id14970
Gianni__Marcella_Bella,id14971
Gianpiero_Artegiani,id14972
Gibbons_Christopher,id14973
Gibbons_Orlando,id14974
Gibson_Ashlin_Tyler,id14975
Gibson_Brothers,id14976
Gibson_Miller_Band,id14977
Gideon_Stove,id14978
Giganti,id14979
Gigault_Nicolas,id14980
Gigi_Beccaria,id14981
Gigi_DAgostino,id14982
Gigi_DAlessio,id14983
Gigi_DAlessio__Bianca_Atzei,id14984
Gigi_DAlessio__Giusy_Ferreri,id14985
Gigi_DAlessio__Loredana_Bertè,id14986
Gigi_Finizio,id14987
Gigi_Sabani,id14988
Gigi_dAlessio_ft_Michael_Thompson,id14990
Gigione,id14991
Gigliola_Cinquetti,id14992
Gigout_Eugène,id14993
Gil_Scott_Heron,id14994
Gilbero_Gil,id14995
Gilbert_Becaud,id14996
Gilbert_Bécaud,id14997
Gilbert_OSullivan,id14998
Gilbert_Paul,id15000
Gilberto_Astrud,id15001
Gilberto_Mazzi,id15002
Gilberto_Santa_Rosa,id15003
Gilda_Giuliani,id15004
Giles_Farnaby,id15005
Gill_Vince,id15006
Gilla,id15007
Gilles_Binchois,id15008
Gilles_Dorle,id15009
Gilles_Velut,id15010
Gin_Blossoms,id15011
Gina_G,id15012
Gina_Jeffries,id15013
Ginette_Reno,id15014
Gino_Latilla,id15015
Gino_Paoli,id15016
Gino_Santercole,id15017
Gino_Vanelli,id15018
Gino_Vannelli,id15019
Ginuwine,id15020
Ginés_Pérez_de_la_Parra,id15021
Ginés_de_Morata,id15022
Gio_di_Tonno_e_Lola_Ponce,id15023
Gioachino_Rossini,id15024
Gioan_Paien,id15025
Giocatori_dellInter,id15026
Giocattolo,id15027
GionnyScandal__Giulia_Jean,id15028
Giordana_Angi,id15029
Giordano_Umberto,id15030
Giorgetti,id15031
Giorgi_Giovanni,id15032
Giorgia,id15033
Giorgia_Fiorio,id15034
Giorgia__Eros_Ramazzotti,id15035
Giorgia__Marco_Mengoni,id15036
Giorgia__Ronan_Keating,id15037
Giorgia_e_Fiorello,id15038
Giorgio_Conte,id15039
Giorgio_Faletti,id15040
Giorgio_Gaber,id15041
Giorgio_Moroder,id15042
Giorgio_Moroder__Philip_Oakey,id15043
Giorgio_Poss,id15044
Giorza_Paolo,id15045
Giosada,id15046
Gioseffo_Ascanio,id15047
Gioseffo_Guami,id15048
Gioseffo_Zarlino,id15049
Gioseppe_Caimo,id15050
Gioseppo_da_Lucca,id15051
Giovan_Leonardo_Primavera,id15052
Giovan_Nasco,id15053
Giovan_Tomaso_Lambertini,id15054
Giovanna,id15055
Giovanna_DAngi,id15056
Giovannelli_Ruggiero,id15057
Giovanni,id15058
Giovanni_Andrea_Dragoni,id15059
Giovanni_Andrea_Gallini,id15060
Giovanni_Animuccia,id15061
Giovanni_Antonio_Riccieri,id15062
Giovanni_Antonio_Rigatti,id15063
Giovanni_Bassano,id15064
Giovanni_Battista_Bononcini,id15065
Giovanni_Battista_Casali,id15066
Giovanni_Battista_Chinelli,id15067
Giovanni_Battista_Cirri,id15068
Giovanni_Battista_Conforti,id15069
Giovanni_Battista_Crivelli,id15070
Giovanni_Battista_Grazioli,id15071
Giovanni_Battista_Locatello,id15072
Giovanni_Battista_Martini,id15073
Giovanni_Battista_Moscaglia,id15074
Giovanni_Battista_Mosto,id15075
Giovanni_Battista_Pergolesi,id15076
Giovanni_Battista_Polleri,id15077
Giovanni_Battista_Riccio,id15078
Giovanni_Battista_Romano,id15079
Giovanni_Battista_Stefanini,id15080
Giovanni_Battista_Zucchelli,id15081
Giovanni_Berardino_Fanello,id15082
Giovanni_Bernardino_Nanino,id15083
Giovanni_Bernardo_Zucchinetti,id15084
Giovanni_Biordi,id15085
Giovanni_Bonaventura_Matucci,id15086
Giovanni_Briccio,id15087
Giovanni_Caccamo,id15088
Giovanni_Caccamo__Deborah_Iurato,id15089
Giovanni_Carlo_Maria_Clari,id15090
Giovanni_Cavaccio,id15091
Giovanni_Concina,id15092
Giovanni_Croce,id15093
Giovanni_DAnzi,id15094
Giovanni_Domenico_Rognoni_Taeggio,id15095
Giovanni_Domenico_da_Nola,id15096
Giovanni_Felice_Sances,id15097
Giovanni_Ferrari,id15098
Giovanni_Ferretti,id15099
Giovanni_Florio,id15100
Giovanni_Francesco_Anerio,id15101
Giovanni_Francesco_Capuano,id15102
Giovanni_Francesco_Violanti,id15103
Giovanni_Gabrieli,id15104
Giovanni_Gastoldi,id15105
Giovanni_Ghizzolo,id15106
Giovanni_Giacomo_Arrigoni,id15107
Giovanni_Giacomo_Lucario,id15108
Giovanni_Giacomo_de_Antiquis,id15109
Giovanni_Giorgi,id15110
Giovanni_Giovenale_Ancina,id15111
Giovanni_Girolamo_Kapsperger,id15112
Giovanni_Grossi,id15113
Giovanni_Guidetti,id15114
Giovanni_Legrenzi,id15115
Giovanni_Leonardo_DellArpa,id15116
Giovanni_Leonardo_Mollica,id15117
Giovanni_Marciani,id15118
Giovanni_Maria_Casini,id15119
Giovanni_Maria_Nanino,id15120
Giovanni_Maria_Sabino,id15121
Giovanni_Maria_Scorzuto,id15122
Giovanni_Massiccio,id15123
Giovanni_Matteo_Asola,id15124
Giovanni_Paolo_Caprioli,id15125
Giovanni_Paolo_Cima,id15126
Giovanni_Paolo_Colonna,id15127
Giovanni_Pellizzari_Zecchino_dOro_53,id15128
Giovanni_Picchi,id15129
Giovanni_Piccioni,id15130
Giovanni_Pierluigi_da_Palestrina,id15131
Giovanni_Pietro_Berti,id15132
Giovanni_Pietro_Finatti,id15133
Giovanni_Pozzo,id15134
Giovanni_Priuli,id15135
Giovanni_Razzi,id15136
Giovanni_Rovetta,id15137
Giovanni_Sansoni,id15138
Giovanni_Sebastiani,id15139
Giovanni_Stefani,id15140
Giovanni_Totaro,id15141
Giovanni_Valentini,id15142
Giovanni_Vito_Lombardo,id15143
Giovanni_da_Cremona,id15144
Giovanni_de_Bardi,id15145
Giovanni_de_Macque,id15146
Gippenbusch_Jacob,id15147
Gipsy_Connection,id15148
Gipsy_Kings,id15149
Girasoli,id15150
Girasoules,id15151
Girl_Aloud,id15152
Girl_Next_Door,id15153
Girl_Overboard,id15154
Girls_Aloud,id15155
Girls_Aloud_feat_The_Sugababes,id15156
Girls_Generation,id15157
Girlsplay,id15158
Girolamo_Belli,id15159
Girolamo_Conversi,id15160
Girolamo_Dorati,id15161
Girolamo_Frescobaldi,id15162
Girolamo_Giacobbi,id15163
Girolamo_Scotto,id15164
Gisela,id15165
Gitano_Boy,id15166
Gitano_Soy,id15167
Gitte,id15168
Gitte__Rex_Gildo,id15169
Giulia_Avancini,id15170
Giulia_Casieri,id15171
Giulia_Maineri,id15172
Giulia_Sbaraglia,id15173
Giuliana_Valci,id15174
Giuliani_Mauro,id15175
Giuliano,id15176
Giuliano_Palma,id15177
Giuliano_Palma__The_Bluebeaters,id15178
Giuliano_Palma__the_Bluebeaters_ft_Melanie_Fiona,id15180
Giuliano_e_i_Notturni,id15181
Giulio_Belli,id15182
Giulio_Bentivoglio,id15183
Giulio_Caccini,id15184
Giulio_Cesare_Monteverdi,id15185
Giulio_Eremita,id15186
Giulio_Fiesco,id15187
Giulio_Gigli,id15188
Giulio_Osculati,id15189
Giulio_Riccio,id15190
Giulio_San_Pietro_del_Negro,id15191
Giuliodorme,id15192
Giuni_Russo,id15193
Giuni_Russo__Franco_Battiato,id15194
Giuseppe_Antonio_Bernabei,id15195
Giuseppe_Antonio_Ferrario,id15196
Giuseppe_Baini,id15197
Giuseppe_Cionfoli,id15198
Giuseppe_Concone,id15199
Giuseppe_Corsi_da_Celano,id15200
Giuseppe_Gallo,id15201
Giuseppe_Giordano,id15202
Giuseppe_Oltrasi,id15203
Giuseppe_Pitoni,id15204
Giuseppe_Tartini,id15205
Giuseppe_Verdi,id15206
Giuseppe_Zamponi,id15207
Giusy_Ferreri,id15208
Giusy_Ferreri_X_Factor,id15209
Giusy_Ferreri__Elettra_Lamborghini,id15210
Giusy_Ferreri__Takagi__Ketra__OMI,id15211
Giusy_Ferreri_ft_Federico_Zampaglione,id15212
Gladiators,id15213
Gladys_Knight,id15214
Gladys_Knight__The_Pips,id15215
Gladys_Knight_and_the_Pips,id15217
Glaeser_Carl_Gotthelf,id15218
Glasperlenspiel,id15219
Glass_Tiger,id15220
Glay,id15221
Glee_cast,id15222
Glen_Campbell,id15223
Glenn_Frey,id15224
Glenn_Jones,id15225
Glenn_Maderios,id15226
Glenn_Medeiros,id15227
Glenn_Mederios,id15228
Glenn_Miller,id15229
Glenn_Miller_Orchestra,id15230
Glenn_Miller__His_Orchestra,id15231
Gli_Alisei,id15232
Glinka_Mikhail,id15233
Global_Deejays,id15234
Gloria,id15235
Gloria_Estefan,id15236
Gloria_Estefan_And_Miami_Sound_Machine,id15237
Gloria_Estefan__Miami_Sound_Machine,id15238
Gloria_Gayle,id15239
Gloria_Gaynor,id15240
Gloria_Grahame_From_Oklahoma,id15241
Gloria_Perez,id15242
Glover_Charles_William,id15243
Glover_Stephen_Ralph,id15244
Glow,id15245
Gluck_Christoph_Willibald,id15246
GnR,id15247
Gnarls_Barkley,id15248
Go_West,id15249
Goanna,id15250
Goblin,id15251
Godard_Benjamin,id15252
Godflesh,id15253
Godfrey_Daniel,id15254
Godley__Creme,id15255
Gods_Order,id15256
Godsmack,id15257
Godspel,id15258
Godspell,id15259
Goetzsche_Iven,id15260
Goffredo_Mameli,id15261
Goldberg_Johann_Gottlieb,id15262
Golden_Earring,id15263
Golden_Gate_Quartet,id15264
Goldfinger,id15265
Goldfrapp,id15266
Goldtrix_and_Andrea_Brown,id15267
Gombert_Nicolas,id15268
Gomes_Carlos,id15269
Gomez_Gomez_Alberto,id15270
Gompie,id15271
Gone_Phishin,id15272
Gonzaga_Chiquinha,id15273
Gonzales,id15274
Gonçalo_Lourenço,id15275
Goo_Goo_Dolls,id15276
Good_Charlotte,id15277
Good_Shape,id15278
Goodwin_Walter,id15279
Goombay_Dance_Band,id15280
Goosen_Luc,id15281
Goran_Cuzminac,id15282
Gordon,id15283
Gordon_Haskell,id15284
Gordon_Lightfoot,id15285
Gorgoroth,id15286
Gorguts,id15287
Gorillaz,id15288
Gorky,id15289
Gos,id15290
Gospel,id15291
Goss_John,id15292
Gossec_François_Joseph,id15293
Gottfried_August_Homilius,id15294
Gottfried_Heinrich_Stölzel,id15295
Gotthard_Erythräus,id15296
Gottlieb_Wendehals,id15297
Gottschalk_Louis,id15298
Gottschalk_Louis_Moreau,id15299
Gotye,id15300
Gouden_Trompetten,id15301
Goudimel_Claude,id15302
Gounod_Charles,id15303
Gouvy_Louis_Théodore,id15304
Goyte,id15305
Grace,id15306
Grace_Jones,id15307
Grace_Knight,id15308
Grace_Potter,id15309
Grace_Wilson__Anthony_Llewellyn,id15310
Gracia,id15311
Gracia_Montes,id15312
Grad_Damen,id15313
Graeme_Martin,id15314
Graham_Bonnet,id15315
Graham_Bonney,id15316
Graham_Charles,id15317
Graham_Dalby,id15318
Gram_Parsons_And_Emmylou_Harris,id15319
Gran_Combo,id15320
Granados_Enrique,id15321
Grand_Funk_Railroad,id15322
Grant_Amy,id15323
Grant_C_Tullar,id15324
Granville_Bantock,id15325
Grapefruit,id15326
Grappatoni,id15327
Grass_Roots,id15328
Grateful_Dead,id15329
Graun_Johann_Gottlieb,id15330
Graun_Karl_Heinrich,id15331
Graupner_Christoph,id15332
Graveland,id15333
Gravity_Kills,id15334
Grayson_Martin,id15335
Grazia_Di_Michele,id15336
Grease_Soundtrack,id15337
Great_White,id15338
Greaves_Thomas,id15339
Greek,id15340
Green_Day,id15341
Greene_Maurice,id15342
Greetje_Kauffeld,id15343
Grefinger_Wolfgang,id15344
Greg_Kihn_Band,id15345
Greg_Lake,id15346
Gregg_Allman,id15347
Gregoire,id15348
Gregor_Aichinger,id15349
Gregor_Lange,id15350
Gregorian_Chant,id15351
Gregorio_Allegri,id15353
Gregorio_Turini,id15354
Gregory_Hamilton,id15355
Gregory_Porter,id15356
Greith_Franz_Josef,id15357
Greta_Y_Los_Garbo,id15358
Gretchen_Wilson,id15359
Grethe_Ingemann,id15360
Grid,id15361
Grieg,id15362
Grieg_Edvard,id15363
Griffith_H_Jones,id15364
Grillo_Giovanni_Battista,id15365
Grl,id15366
Groh_Johann,id15367
Groos_Karl,id15368
Groove_Armada,id15369
Groove_Coverage,id15370
Groove_Theory,id15371
Grossi_Andrea,id15372
Groundhog_Day_Soundtrack,id15373
Grover_Washington_Jr,id15374
Grover_Washington_Jr_feat_Bill_Withers,id15375
Grovlez_Gabriel,id15376
Gruber_Edmund_L,id15377
Gruber_Franz_Xaver,id15378
Gruber_Josef,id15379
Grundy_Organisation,id15380
Grupa_Mania,id15381
Grupo_Limite,id15382
Grupo_Mdo,id15383
Grupo_NV,id15384
Grupo_Niche,id15385
Gruppo_2001,id15386
Gruppo_Italiano,id15387
Grynner,id15388
Grzegorz_Gerwazy_Gorczycki,id15389
Grzegorz_Miśkiewicz,id15390
Grøndahl,id15391
Grøndahl_Agathe,id15392
Grüel_Eugen,id15393
Grünewald_Sebastian,id15394
Guadalupe_Pineda,id15395
Guami_Francesco,id15396
Guami_Gioseffo,id15397
Guano_Apes,id15398
Guaraná,id15399
Guerrero_Francisco,id15400
Guerzoni_Alberto,id15401
Guesch_Patti,id15402
Guglielmo_Arnone,id15403
Guglielmo_Blotagrio,id15404
Guglielmo_Gonzaga,id15405
Guglielmo_Lipparini,id15406
Guido_Rovetto,id15407
Guido_und_die_bunten_Socken,id15408
Guildo_Horn,id15409
Guilielmus_Messaus,id15410
Guillaume_Bouzignac,id15411
Guillaume_Costeley,id15412
Guillaume_Dufay,id15413
Guillaume_Le_Heurteur,id15414
Guillaume_Nicolas,id15415
Guillaume_Prevost,id15416
Guillaume_de_Machaut,id15417
Guillaume_le_Rouge,id15418
Guillermo_Davila,id15419
Guillermo__Tropical_Danny,id15420
Guilmant_Alexandre,id15421
Gulab_Sidhu,id15422
Gulbins_Max,id15423
Gummy_Bear,id15424
Gumpelzhaimer_Adam,id15425
Gungl_Joseph,id15426
Gungl_János,id15427
Gunnar_Wennerberg,id15428
Guns_N_Roses,id15429
Guns__Roses,id15430
GunsnRoses,id15432
Gunter_Gabriel,id15433
Gunter__Yvonne_Gabriel,id15434
Gunther_Neefs,id15435
Gurlitt_Cornelius,id15436
Guru_Josh,id15437
Gusanito,id15438
Gussago_Cesario,id15439
Gustav_Flügel,id15440
Gustav_Holst,id15441
Gustav_Ipavec,id15442
Gustav_Luders,id15443
Gustav_Mahler,id15444
Gusttavo_Lima,id15445
Guts,id15446
Guus_Meeuwis,id15447
Guus_Mulder,id15448
Guy,id15449
Guy_Lombardo,id15450
Guy_Mitchell,id15451
Guy_Sebastian,id15452
Guy_Sebastian_Feat_Lupe_Fiasco,id15453
Guy_Sebastian_Feateve,id15454
Guys_And_Dolls,id15455
Guys_n_Dolls,id15456
Guédron_Pierre,id15457
Gwen_Guthrie,id15458
Gwen_Stefani,id15459
Gwen_Stefani_Feat_Akon,id15460
Gwen_Stefani_ft_Eve,id15461
Gyan,id15462
Gym_Class_Heroes,id15463
Gym_Class_Heroes_Feat_Adam_Levine__Travie_Mccoy,id15464
Gym_Class_Heroes_Feat_Neon_Hitch,id15465
Gym_Class_Heroes_Feat_Ryan_Tedder,id15466
Gypsy_Kings,id15467
Günther_Marschner,id15468
Günther_Neefs,id15469
HIM,id15470
H_A_Cesar_Malan,id15471
H_Battre,id15472
H_Godov,id15473
H_L__O,id15474
H_Percy_Smith,id15475
H__Claire,id15476
Ha,id15477
Haas_Charles,id15478
Haas_Eric,id15479
Habicht_Mrs_C_E,id15480
Haddaway,id15481
Haggard,id15482
Haggard_Merle,id15483
Hahn_Reynaldo,id15484
Haiducii,id15485
Hailee_Steinfeld,id15486
Hainlein_Paul,id15487
Haircut_100,id15488
Hairspray,id15489
Hairspray_Cast,id15490
Hairspray_Musical,id15491
Hakim,id15492
Hakkuhbar,id15493
Hal_Ketchum,id15494
Hala_Al_Sabbagh,id15495
Halen_Van,id15496
Halestorm,id15497
Halfdan_Kjerulf,id15498
Hall_And_Oats,id15499
Hall_Foley,id15500
Hall_Jürgen,id15501
Hall_Wendell_W,id15502
Hall__Oates,id15503
Halle_Adam_de_la,id15504
Halsey,id15505
Hamilton_Joe_Franks_And_Reynolds,id15506
Hamilton_The_Musical,id15507
HammerFall,id15508
Hammer_And_Nail,id15509
Hammerschmidt_Andreas,id15511
Hanby_Benjamin_Russel,id15512
Hand_In_Hand_For_Children,id15513
Handel,id15514
Handel_George_Frideric,id15515
Handl_Jacob,id15516
Handy_W_C,id15517
Hanff_Johann_Nicolaus,id15518
Hank_Jones,id15519
Hank_Locklin,id15520
Hank_Manzel,id15521
Hank_Marvin,id15522
Hank_Snow,id15523
Hank_The_Knife__The_Jets,id15524
Hank_Thompson,id15525
Hank_Williams,id15526
Hank_Williams_Jr,id15527
Hanley_James_F,id15528
Hanna,id15529
Hannaford_Ken,id15530
Hannah,id15531
Hannah_Montana,id15532
Hannah_Waddingham,id15533
Hanne_Haller,id15534
Hanny,id15535
Hans_Dulfer,id15536
Hans_Hammerschmid_Orchester,id15537
Hans_Koessler,id15538
Hans_Leo_Hassler,id15539
Hans_Nielsen,id15540
Hans_Poulsen,id15541
Hans_de_Booij,id15542
Hansi_Hinterseer,id15543
Hanson,id15544
Happy_Days_Cast,id15545
Harald_Fryklöf,id15546
Harasimiuk_Piotr_Tomasz,id15547
Harder_August,id15548
Hargreaves_Francisco,id15549
Harmonicas,id15550
Harmonik,id15551
Harold_Darke,id15552
Harold_Faltermeyer,id15553
Harold_Melvin__The_Blue_Notes,id15554
Harold_Melvin__The_Bluenotes,id15555
Harpo,id15557
Harrington_Jeffrey_Michael,id15558
Harris_Charles_Kassell,id15559
Harrison_Hackett,id15560
Harry_Belafonte,id15561
Harry_Chapin,id15562
Harry_Connick_Jr,id15563
Harry_Dixon_Loes,id15564
Harry_Herman,id15565
Harry_Holland,id15566
Harry_Kailimai,id15567
Harry_McClintock,id15568
Harry_Nilsson,id15569
Harry_Pease,id15570
Harry_Styles,id15571
Harsow_Johann_Samuel,id15572
Hart_Wand,id15573
Hartmann_Johan_Peter_Emilius,id15574
Hartung_Philipp_Christoph,id15575
Harvey_Danger,id15576
Harvey_Mandel,id15577
Hashimoto_Kunihiko,id15578
Hasse_Johann_Adolph,id15579
Hassler_Hans_Leo,id15580
Hastings_Thomas,id15581
Hatton_John_Liptrot,id15582
Haunted,id15583
Haunted_The,id15584
Hauptmann_Moritz,id15585
Haussmann_Valentin,id15586
Havana_Mambo,id15587
Havenzangers,id15588
Hayden_Panettiere,id15589
Haydn_Joseph,id15590
Haydn_Michael,id15591
Hayes_Philip,id15592
Hayley_Westenra,id15593
Hayseed_Dixie,id15594
Hazel_Dean,id15595
Hazel_Oconnor,id15596
Hazlerig_Sylvia_E,id15597
Hazy_Osterwald_Combo__Ambros_Seelos,id15598
Hazy_Osterwald_Sextett,id15599
Healing_Force,id15600
HearSay,id15601
Hearsay_Single_Edit,id15603
Heart,id15604
Heartland,id15605
Heath_Hunter__The_Pleasure_Company,id15606
Heather_Myles,id15607
Heather_Parisi,id15608
Heather_Small,id15609
Heather_Soderling,id15610
Heathers_The_Musical,id15611
Heatwave,id15612
Heaven_And_Hell,id15613
Heaven__Hell,id15614
Heavenly_Music,id15615
Hector,id15616
Hector_Berlioz,id15617
Heerbs,id15618
Hegner_Anton,id15619
Heidi_Brühl,id15620
Heidi_Hauge,id15621
Heidke,id15622
Heinichen_Johann_David,id15623
Heino,id15624
Heinrich_Albert,id15625
Heinrich_August_Marschner,id15626
Heinrich_Biber,id15627
Heinrich_Carl_Breidenstein,id15628
Heinrich_Dorn,id15629
Heinrich_Finck,id15630
Heinrich_Groh,id15631
Heinrich_Hartmann,id15632
Heinrich_Hoffmann_von_Fallersleben,id15633
Heinrich_Isaac,id15634
Heinrich_Pfeil,id15635
Heinrich_Schwemmer,id15636
Heinrich_Schütz,id15637
Heinrich_Steuchius,id15638
Heinrich_Werner,id15639
Heinrich_von_Herzogenberg,id15640
Heinz_Rühmann_und_Hans_Albers,id15641
Hej_Matematik,id15642
Helen_Davis,id15643
Helen_Forrest,id15644
Helen_Krauch,id15645
Helen_Reddy,id15646
Helen_Schneider,id15647
Helen_Shapiro,id15648
Helena_Munktell,id15649
Helene_Fischer,id15650
Helge_Schneider,id15651
Helgi_Helgason,id15652
Heller_Stephen,id15653
Hellinck_Lupus,id15654
Hello,id15655
Hello_Goodbye,id15656
Helloween,id15657
Helmore_Thomas,id15658
Helmut_Ingeborg_Toots__Koen,id15659
Helmut_Lotti,id15660
Helmut_Lotti__Hayley_Westenra,id15661
Hemi_Piripata,id15662
Henderson_Ray,id15663
Hendrickson_Lance_M,id15664
Hendrickson_William_D,id15665
Hendrix_Jimi,id15666
Henghel_Gualdi,id15667
Henk_Damen,id15668
Henk_Westbroek,id15669
Henk_Westbroek__Nance,id15670
Henk_Wijngaard,id15671
Henkie,id15672
Henri,id15673
Henri_Du_Mont,id15674
Henri_Duparc,id15675
Henri_Salvador,id15676
Henricus_Beginiker,id15677
Henrique_Carlos_Correa,id15678
Henry_A_Russotto,id15679
Henry_Aldrich,id15680
Henry_Arland,id15681
Henry_Balfour_Gardiner,id15682
Henry_Cood_Watson,id15683
Henry_Cope_Colles,id15684
Henry_Coward,id15685
Henry_David_Leslie,id15686
Henry_Duncalf,id15687
Henry_Elliot_Button,id15688
Henry_Gaida,id15689
Henry_Hiles,id15690
Henry_Hugh_Pierson,id15691
Henry_J_Gauntlett,id15692
Henry_Lahee,id15693
Henry_Lawes,id15694
Henry_Lebedinsky,id15695
Henry_Ley,id15696
Henry_Lichfield,id15697
Henry_Lodge,id15698
Henry_Loosemore,id15699
Henry_Mancini,id15700
Henry_Purcell,id15701
Henry_Rowley_Bishop,id15702
Henry_Searle,id15703
Henry_Stephens,id15704
Henry_Thomas_Smart,id15705
Henry_VIII,id15706
Henry_W_Armstrong,id15707
Henry_Walford_Davies,id15708
Henry_Wright,id15709
Henryk_Miłek,id15710
Hensel_Fanny,id15711
Henselt_Adolf_von,id15712
Hep_Stars,id15713
Hera_Bjork,id15714
Herb_Alpert,id15715
Herb_Alperts_Tijuana_Brass,id15716
Herbaut_Johann,id15717
Herbert_Beuerle,id15718
Herbert_Bittrich,id15719
Herbert_Brewer,id15720
Herbert_Grönemeyer,id15721
Herbert_Hall_Woodward,id15722
Herbert_Howells,id15723
Herbert_Pagani,id15724
Herbert_Walter_Wareing,id15725
Herbie_Hancock,id15726
Herman,id15727
Herman_And_The_Hermits,id15728
Herman_Brood,id15729
Herman_Hollander,id15730
Hermandad_De_Coria,id15731
Hermann_Edlerawer,id15732
Hermann_Goetz,id15733
Hermann_Kotzschmar,id15734
Hermann_Schulz,id15735
Hermans_Hermits,id15736
Hermanus_de_Atrio,id15737
Hermes_Coelho,id15738
Hermes_House_Band,id15739
Hermes_House_Band__DJ_Ötzi,id15740
Hernando_Franco,id15741
Hernando_Rojas,id15742
Hero,id15743
Heron_Edward,id15744
Heron__Brian_Jackson,id15745
Herr_John,id15746
Herrmann_Eduard,id15747
Herschel_William,id15748
Hervé_Vilard,id15749
Herz_Henri,id15750
Herzogenberg_Heinrich_von,id15751
Het_Goede_Doel,id15752
Het_Holland_Duo,id15753
Het_feestteam__Henkie,id15754
Hettorre_della_Marra,id15755
Heuschkel_Johann_Peter,id15756
Hevia,id15757
Hewitt,id15758
Hewitt_John_Hill,id15759
Hezekiah_Moors,id15760
Hezekiah_Walker,id15761
Hi_Marks,id15762
Hi_Tack,id15763
Hieronymus_Boschetto,id15764
Hieronymus_Praetorius,id15765
Hieronymus_Vinders,id15766
High_School_Musical_Cast,id15767
Highland,id15768
Highway_101,id15769
Highwaymen,id15770
Hikaru_Utada,id15771
Hilario_Camacho,id15772
Hilarión_Eslava,id15773
Hilary_Duff,id15774
Hilary__Hayley_Duff,id15775
Hildebrand_Christian,id15776
Hildegard_von_Bingen,id15777
Hiliary_Duff,id15778
Hiller_Ferdinand,id15779
Hiller_Johann_Adam,id15780
Hillsong,id15781
Hillsong_United,id15782
Hilton_John,id15783
Himno,id15785
Himno_Oficial,id15786
Hind,id15787
Hinder,id15788
Hingeston_John,id15789
Hipolito_Tartaglino,id15790
Hippolito_Sabino,id15791
Hippolyte_Barthélémon,id15792
Hirota_Ryūtarō,id15793
Historia,id15794
Hit_Trax_Arrangement,id15795
Hitmakers,id15796
Hoagy_Carmichael,id15797
Hoagy_Carmichael_And_Frank_Loesser,id15798
Hocus_Pocus_Soundtrack,id15799
Hofe_Joachim_von_der,id15800
Hoffer_Johann_Josef,id15801
Hoffman_Elisha,id15802
Hoffmann_Eucharius,id15803
Hoffmeister_Franz_Anton,id15804
Hofhaimer_Paul,id15805
Hofmann_Heinrich,id15806
Hohnstock_Adele,id15807
Holborne_Anthony,id15808
Holden_Oliver,id15809
Holdfast,id15810
Hole,id15811
Holland_Duo,id15812
Hollander_Herman,id15813
Hollies,id15814
Holloway_Jordan_Murray,id15815
Holly_Cole,id15816
Holly_Dunn,id15817
Holly_Valance,id15818
Hollywood_Studio_Orchestra,id15819
Holmes_John,id15820
Holst,id15821
Holst_Gustav,id15822
Hombres_G,id15823
Homilius_Gottfried_August,id15824
Hommerson,id15825
Homo_Sapiens,id15826
Honey_Cone,id15827
Honeybus,id15828
Honeyz,id15829
Hoobastank,id15830
Hoodoo_Gurus,id15831
Hook_James,id15832
Hoosiers,id15833
Hooters,id15834
Hootie_And_The_Blowfish,id15835
Hootie__The_Blowfish,id15836
Hooverphonic,id15838
Hopkins_Edward_John,id15839
Hopkins_Jr_John_Henry,id15840
Horatio_Colombano,id15841
Horatio_Nicholls,id15842
Horatio_Richmond_Palmer,id15843
Horatio_W_Parker,id15844
Horn_C_von,id15845
Horneman_Emil,id15846
Hornsby_Bruce,id15847
Horst_Hinze,id15848
Horst_Jankowski,id15849
Hoschna_Karl_L,id15850
Hot_Banditoz,id15851
Hot_Blood,id15852
Hot_Butter,id15853
Hot_Chelle_Rae,id15854
Hot_Chocolate,id15855
Hot_Shoe_Shuffle,id15856
Hot_Shoe_Shuffle_Australian_Cast,id15857
Hot_n_Juicy,id15858
Hotel_Glam,id15859
Hotlegs,id15860
Hotman_Nicholas,id15861
Hotteterre_Jacques,id15862
Howard_Carpendale,id15863
Howard_Carpendale_feat_Back_To_The_Roots,id15864
Howard_E_Smith,id15865
Howard_Jones,id15866
Howard_Joseph,id15867
Howard_Keel,id15868
Howard_and_Emerson,id15869
Hozier,id15870
Hrabroslav_Volarič,id15871
Hristianskie_Gimnyi,id15872
Hristo_Lavtacı,id15873
Hubert_Cuypers,id15874
Hubert_Kah,id15875
Hubert_Waelrant,id15876
Hudson_Robert_A,id15877
Hudson_Thames,id15878
Hue_And_Cry,id15879
Hue__Cry,id15880
Huecco,id15882
Hues_Corporation,id15883
Huey_Lewis,id15884
Huey_Lewis_And_The_News,id15885
Huey_Lewis__Gwyneth_Paltrow,id15886
Huey_Lewis__The_News,id15887
Huey_Smith,id15890
Hugh_Aston,id15891
Hugh_Bond,id15892
Hugh_Grant__Haley_Bennett_from_Music_and_Lyrics_film,id15893
Hugh_Jackman,id15894
Hugh_Laurie,id15895
Hugh_Masekela,id15896
Hugh_Moffatt,id15897
Hugh_S_Roberton,id15898
Hugh_Wilson,id15899
Hugo,id15900
Hugo_Distler,id15901
Hugo_Duncan,id15902
Hugo_Montenegro_Orchestra,id15903
Hugo_Strasser,id15904
Hugo_Wolf,id15905
Hugon,id15906
Human_League,id15907
Human_Nature,id15908
Humble_Pie,id15909
Hummel_Johann_Nepomuk,id15910
Humperdinck_Engelbert,id15911
Hunter,id15912
Hunter_George,id15913
Hunter_Hayes,id15914
Hunters__Collectors,id15915
Hurricane_Smith,id15916
Hurts,id15917
Huré_Jean,id15918
Husan,id15919
Hush,id15920
Hyperchild,id15921
Hypnofunk,id15922
Hypnofunk_Feat_Cara_Fears,id15923
Hypocrisy,id15924
Hässler_Johann_Wilhelm,id15925
Hériard_Dubreuil_Cyril,id15926
Héroes_Del_Silencio,id15927
Hérold_Ferdinand,id15928
Höffner_Anton,id15929
Höhner,id15930
Hünten_François,id15931
ICE_MC,id15932
INXS,id15933
I_4_Satelliti,id15934
I_Barritas,id15935
I_Califfi,id15936
I_Camaleonti,id15937
I_Can_t_Get_No_Satisfaction,id15938
I_Cant_Stop_Loving_You,id15939
I_Dik_Dik,id15940
I_Meteors,id15941
I_Musici_Napoletani,id15942
I_Nomadi,id15943
I_Nomadi_e_Francesco_Guccini,id15944
I_Pinguini_Tattici_Nucleari,id15945
I_Ragazzi_di_Macao,id15946
I_Romans,id15947
I_Shtar__Los_Mihos,id15948
I_Teppsiti_Dei_Sogni,id15949
I_Tipi,id15950
I_Tre_Tenori,id15951
I_Vianella,id15952
I_Vicini_di_casa,id15953
I_quattrocentocolpi,id15954
I_ragazzi_di_Saranno_Famosi,id15955
Iacomo_Filippo_Biumo,id15956
Iacopo_Corfini,id15957
Ian_Dury,id15958
Ian_Dury_And_The_Blockheads,id15959
Ian_Hunter,id15960
Ian_Moss,id15961
Ian_Poley,id15962
Ian_Tyson,id15963
Ian_Van_Dahl,id15964
Ib_Groenbaek,id15965
Ib_Gronbech,id15966
Iberostar,id15967
Ibo,id15968
Ibrahim_Ferrer__Omara_Portuondo,id15969
Ibu_Sud,id15970
Ice_Cube,id15971
Icehouse,id15973
Ich_Und_Ich,id15974
Ich__Ich,id15975
Icona_Pop,id15976
Ida_Rendano,id15977
Ides_of_March,id15978
Idina_Menzel,id15979
Idina_Menzel_ft_Aurora,id15980
Idina_Menzel_ft_Evan_Rachel,id15981
Idool_2011_Finalisten,id15982
Igen_Og_Igen,id15983
Iggy_Azalea,id15984
Iggy_Pop,id15985
Iggy_Pop__Goran_Bregovic,id15986
Ignacio_Cervantes,id15987
Ignacio_Pineiro,id15988
Ignacio_de_Jerusalem,id15989
Ignaz_Franz,id15990
Ignazio_Donati,id15991
Iguana_Tango,id15992
Ii_Divo,id15993
Iio,id15994
Ike__Tina_Turner,id15995
Il_Cile__JAx,id15996
Il_Divo,id15997
Il_Giardino_dei_Semplici,id15998
Il_Guardiano_del_faro,id15999
Il_Nucleo,id16000
Il_Segno_dello_Zodiaco,id16001
Il_Volo,id16002
Ilaria,id16003
Illusion,id16004
Ilona_Mitrecey,id16005
Ilse_DeLange,id16006
Ilsley_E_Clarke,id16007
Imaani,id16008
Imagination,id16009
Imagine_Dragons,id16010
Imany,id16011
Imca_Marina,id16012
Imelda_May,id16013
Immel,id16014
Immortal,id16015
Impalas,id16016
Imperial_Teen,id16017
Impressions,id16018
In,id16019
In_Extremo,id16020
In_Flames,id16021
In_Tua_Nua,id16022
Incognito,id16023
Incredible_Bongo_Band,id16024
Incubus,id16025
India_Arie,id16026
Indiana,id16027
Indigo_Girls,id16028
Infernal,id16030
Information_Society,id16031
Inga__Wolf,id16032
Ingegneri_Marc_Antonio,id16033
Ingrid_Michaelson,id16034
Ingrid_Peters,id16035
Ini_Kamoze,id16036
Inka,id16037
Inker__Hamilton,id16038
Inna,id16039
Inner_Circle,id16040
Inner_City,id16041
Innocentio_Alberti,id16042
Inocensio_López,id16043
Insane_Clown_Posse,id16044
Inspiral_Carpets,id16045
Instrumental_Accordion,id16046
Instrumental_Arrangement,id16047
Instrumental_version,id16048
Instumental,id16049
Integrity_Worship_Singers,id16050
Interactive,id16051
Interfront,id16052
Intermission__Lori_Glori,id16053
Interpreti_Vari,id16054
Intiillimani,id16056
Intro,id16057
Inxs__Jimmy_Barnes,id16059
Inédito,id16060
Ioannes_Baptista_Vanelli,id16061
Ioannes_Lulinus_Venetus,id16062
Ioannes_Pinchon,id16063
Ippolito_Baccusi,id16064
Ippolito_Fiorini,id16065
Ira_D_Sankey,id16066
Ira_David_Sankey,id16067
Irama,id16068
Irama_ft_Francesco_Sarcina,id16069
Ireen_Sheer,id16070
Irene_Cara,id16071
Irene_Cara_Fame,id16072
Irene_Fargo,id16073
Irene_Fornaciari,id16074
Irene_Fornaciari__Nomadi,id16075
Irene_Grandi,id16076
Irene_Lamedica,id16077
Irish,id16078
Irma_Thomas,id16079
Iron_Maiden,id16080
Ironhorse,id16081
Irving_Berlin,id16082
Isaac_Delgado,id16083
Isaac_Hayes,id16084
Isaac_Heinrich,id16085
Isaac_Lane,id16086
Isaac_Woodbury,id16087
Isabel_Pantoja,id16088
Isabella_Iannetti,id16089
Isabella_Leonarda,id16090
Isam_B,id16091
Ishtar,id16092
Isley_Brothers,id16093
Isley_Jasper_Isley,id16094
Ismael_Serrano,id16095
Isola_Song,id16096
Israel_And_New_Breed,id16097
Israel_Holdroyd,id16098
Israel__New_Breed,id16099
Issac_Hayes,id16100
It,id16101
It_Bites,id16102
Italian_Standard,id16103
Italo_Janne,id16104
Itchiro,id16105
Ithamar_Conkey,id16106
Its_a_Beautiful_Day,id16107
Iva_Zanicchi,id16108
Ivan,id16109
Ivan_Granatino,id16110
Ivan_Graziani,id16111
Ivan_Heylen,id16112
Ivan_Lukačić,id16113
Ivan_Petersen,id16114
Ivana_Spagna,id16115
Ivann,id16116
Ivano_Fossati,id16117
Ivanovici_Iosif,id16118
Ivar_Hallström,id16119
Ives_Charles,id16120
Ives_Simon,id16121
Ivo_de_Vento,id16122
Ivory_Joe_Hunter,id16123
Ivy,id16124
Iyaz,id16125
Iñaki_Kareaga,id16126
Iñigo_Igualador,id16127
JAOMRIK,id16128
JB_Lully,id16129
JCHalls,id16130
JJ_Cale,id16131
JJ_Drew,id16132
JJ_Jackson,id16133
JLS,id16134
JLS_ft_Dev,id16135
JP_Cooper,id16136
JS_Bach,id16137
JTajor,id16138
J_B_Tresch,id16139
J_Balvin__Willy_William,id16140
J_Colombo,id16141
J_D_Souther,id16142
J_Five,id16143
J_Frank_Wilson_and_The_Cavaliers,id16144
J_Geils_Band,id16145
J_Geringer,id16146
J_Grimm,id16147
J_Guy_Stalnaker,id16148
J_Hustla,id16149
J_M_Jarre,id16150
J_Manzo,id16151
J_P_Storm,id16152
J_Pastorius,id16153
J_Siniawski,id16154
J_T_Musgrave,id16155
J_Wanhall,id16156
J_West,id16157
J_Zacharias,id16158
Ja_Rule,id16159
Jacchini_Giuseppe_Maria,id16160
Jack_Dupree,id16161
Jack_Ingram,id16162
Jack_Jersey,id16163
Jack_Johnson,id16164
Jack_Jones,id16165
Jack_McManus,id16166
Jack_Penate,id16168
Jack_Radics,id16169
Jack_Savoretti,id16170
Jack_Van_Raamsdonk,id16171
Jacki_Graham,id16172
Jackie_Clune,id16173
Jackie_DeShannon,id16174
Jackie_Trent,id16175
Jackie_Wilson,id16176
Jackson_5,id16177
Jackson_Browne,id16178
Jackson_Janet,id16179
Jackson_Michael,id16180
Jackson_Moon,id16181
Jackson_Robert,id16182
Jackson_Tony,id16183
Jackson_of_Masham_William,id16184
Jacky_James,id16185
Jaco_Pastorius,id16186
Jacob_Buus,id16187
Jacob_Cubitt_Pring,id16188
Jacob_French,id16189
Jacob_Georges,id16190
Jacob_Godebrye,id16191
Jacob_Handl,id16192
Jacob_Kimball,id16193
Jacob_Obrecht,id16194
Jacob_Praetorius,id16195
Jacob_Regnart,id16196
Jacob_Sisters,id16197
Jacob_Vredeman_de_Vries,id16198
Jacobsen,id16199
Jacobus_Clemens_non_Papa,id16200
Jacobus_Haffner,id16201
Jacobus_Vaet,id16202
Jacobus_de_Kerle,id16203
Jacotin,id16204
Jacqueline_Boyer,id16205
Jacqueline_M_Ferry,id16206
Jacques,id16207
Jacques_Arcadelt,id16208
Jacques_Brel,id16209
Jacques_Du_Buisson,id16210
Jacques_Herb,id16211
Jacques_Raymond,id16212
Jacquet_de_Berchem,id16213
Jacquet_de_Mantua,id16214
Jacquet_of_Mantua,id16215
Jadassohn_Salomon,id16216
Jade_Ewen,id16217
Jagged_Edge,id16218
Jah_Cure,id16219
Jahboy,id16220
Jahshii,id16221
Jaime_Nunó,id16222
Jaimito_In_Da_House,id16223
Jake_Owen,id16224
Jakob_Aljaž,id16225
Jakob_Heinrich_Lützel,id16226
Jakob_Sveistrup,id16227
Jalisse,id16228
Jam__Spoon,id16229
Jamai,id16230
Jamelia,id16231
James,id16232
James_Arthur,id16233
James_Bay,id16234
James_Blunt,id16235
James_Bond,id16236
James_Brown,id16237
James_C_Lowry,id16238
James_Christopher,id16239
James_Darren,id16240
James_Evison,id16241
James_Fox,id16242
James_Galway,id16243
James_Gibb,id16244
James_Hook,id16245
James_Ingram,id16246
James_Ingram__Michael_McDonald,id16247
James_Ingram__Patti_Austin,id16248
James_Kakande,id16249
James_Kent,id16250
James_L_Gregory,id16251
James_Last,id16252
James_Last_And_His_Orchestra,id16253
James_Leach,id16254
James_Lloyd,id16255
James_Lynam_Molloy,id16256
James_Lyon,id16257
James_M_Black,id16258
James_Morrison,id16259
James_Morrison_Feat_Nelly_Furtado,id16260
James_Morrison_ft_Joss_Stone,id16261
James_Morrison_ft_Nelly_Furtado,id16262
James_Mountain,id16263
James_Nares,id16264
James_P_Carrell,id16265
James_Pierpont,id16266
James_Reyne,id16267
James_Scott_Skinner,id16268
James_Senese,id16269
James_Shoubridge,id16270
James_Smith,id16271
James_Taylor,id16272
James_Taylor_Feat_Natalie_Cole,id16273
James_Taylor_Quartet,id16274
James_Turle,id16275
James_W_Keefe,id16276
James_Warren,id16277
James_William_Windsor,id16278
Jamie_Cullum,id16279
Jamie_Lawson,id16280
Jamie_Lee,id16281
Jamie_Lidell,id16282
Jamie_Woon,id16283
Jamiroquai,id16284
Jamo_Thomas,id16285
Jan_Antonin_Kozeluh,id16286
Jan_Baptist_Verrijt,id16287
Jan_Browne,id16288
Jan_Campanus_Vodnansky,id16289
Jan_Cyrka,id16290
Jan_Dismas_Zelenka,id16291
Jan_Hammer,id16292
Jan_Josef_Liefers,id16293
Jan_Le_Febure,id16294
Jan_Nieland,id16295
Jan_Pieterszoon_Sweelinck,id16296
Jan_Smit,id16297
Jan_Tollius,id16298
Jan_Wayne,id16299
Jan__Dean,id16300
Jan__Kjeld,id16301
Jan__Rene,id16302
Jan_van_Est,id16303
Jan_van_Turnhout,id16304
Janas,id16305
Jane_Birkin__Serge_Gainsbourg,id16306
Jane_Child,id16307
Jane_Powell,id16308
Janeiro_Verde,id16309
Janelle_Monae,id16310
Janequin_Clément,id16311
Janes_Addiction,id16312
Janet_Jackson,id16313
Janet_Jackson_ft_J_Cole,id16314
Janette_Okeefe,id16315
Janez_Detd,id16316
Janis_Ian,id16317
Janis_Joplin,id16318
Janitsch_Johann_Gottlieb,id16319
Janiva_Magness,id16320
Jann_Arden,id16321
Jannacci__Rossi,id16322
Jannes,id16323
Janske,id16324
Jantje_Smit,id16325
Janáček_Leoš,id16326
Japan,id16327
Japart_Jean,id16328
Jarabe_De_Palo,id16329
Jarabe_de_Palo_e_Jovanotti,id16331
Jarabe_de_Palo_ft_Francesco_Renga,id16332
Jars_of_Clay,id16333
Jasmine,id16334
Jasmine_Thompson,id16335
Jason_Aldean,id16336
Jason_Aldean_Feat_Kelly_Clarkson,id16337
Jason_Becker,id16338
Jason_Derulo,id16339
Jason_Donovan,id16340
Jason_Ingram,id16341
Jason_Mraz,id16342
Jason_Mraz_Feat_Colbie_Caillat,id16343
Jason_Robello,id16345
Jason_Robert_Brown,id16346
Jason_Smart,id16347
Jason_Wade,id16348
Jason__The_Scorchers,id16349
Jaspers_Carl,id16350
Jass_Manak,id16351
Javier_Fajardo,id16352
Javier_Garcia,id16353
Javier_Solís,id16354
Javine,id16355
Javine_From_Pop_Idols,id16356
Jax_Jones,id16357
Jay_And_The_Americans,id16358
Jay_Justin,id16359
Jay_Maroni_Dance_Mix,id16360
Jay_Sean,id16361
Jay_Z_Feat_Justin_Timberlake,id16362
Jay__The_Americans,id16363
Jay__the_Techniques,id16364
Jaye_P_Morgan,id16366
Jazz_Arrangement,id16367
Jazz_Guitare,id16368
Jazz_Rock,id16369
Jazz_Standard,id16370
Jazz_Standard_Mta_Arr,id16371
Jazz_Standards,id16372
Jazz_Standards_suite,id16373
Jazz_Waltz,id16374
Jazzbit,id16375
Jd_Natasha,id16376
Jean_Baptiste_François_Lallouette,id16377
Jean_Bastard,id16378
Jean_Courtois,id16379
Jean_Crespel,id16380
Jean_Doublet,id16381
Jean_Du_Four,id16382
Jean_Francois_Michael,id16383
Jean_Guyon,id16384
Jean_Guyot,id16385
Jean_Hesdimois,id16386
Jean_Jacques_Goldman,id16387
Jean_Le_Gendre,id16388
Jean_Lebrun,id16389
Jean_Louys,id16390
Jean_Maillard,id16391
Jean_Michel_Jarre,id16392
Jean_Mouton,id16393
Jean_Peyronnin,id16394
Jean_Richafort,id16395
Jean_Sibelius,id16396
Jean_Wiener,id16397
Jean_de_Bonmarché,id16398
Jean_de_Bournonville,id16399
Jean_de_Castro,id16400
Jean_de_Hollande,id16401
Jeanette,id16402
Jeannie_C_Riley,id16403
Jeannine,id16404
Jedd_Hughes,id16405
Jedward_ft_Vanilla_Ice,id16406
Jeep_Johann,id16407
Jef_Tinel,id16408
Jeff_Beck,id16409
Jeff_Buckley,id16410
Jeff_Golub,id16411
Jeff_Healey_Band,id16412
Jeff_Lorber,id16413
Jeff_Lynne,id16414
Jeff_Lynnes_Electric_Light_Orchestra,id16415
Jeff_St_John_And_The_Copperwine,id16416
Jeff_Tuohy,id16417
Jefferson_Airplane,id16418
Jefferson_Starship,id16419
Jeffrey_Osborne,id16420
Jehan_LHeritier,id16421
Jehan_Vaillant,id16422
Jekyll__Hyde,id16423
Jemini,id16424
Jenifer,id16425
Jenkins_John,id16426
Jennifer_Brown,id16427
Jennifer_Davids,id16428
Jennifer_Day,id16429
Jennifer_Ellison,id16430
Jennifer_Hudson,id16431
Jennifer_Lopez,id16432
Jennifer_Lopez_feat_Fat_Joe,id16433
Jennifer_Lopez_ft_Ludacris,id16434
Jennifer_Paige,id16435
Jennifer_Rush,id16436
Jennifer_Saunders,id16437
Jennifer_Warnes,id16438
Jenny_B,id16439
Jenny_Morris,id16440
Jens_Klimek,id16441
Jensen_Adolf,id16442
Jerald_Daemyon,id16443
Jeremiah_Clarke,id16444
Jeremiah_Ingalls,id16445
Jeremy_Jackson,id16446
Jermaine_Jackson,id16447
Jermaine_Jackson__Pia_Zadora,id16448
Jerome_Kern,id16449
Jerome_Moross,id16450
Jerrold_Immel,id16451
Jerry_Cantrell,id16452
Jerry_Herman,id16453
Jerry_Jackson,id16454
Jerry_Jeff_Walker,id16455
Jerry_Lee_Lewis,id16456
Jerry_Reed,id16457
Jerry_Rivera,id16458
Jerry_Seinfeld,id16459
Jerry_Vale,id16460
Jerónimo_de_Aliseda,id16461
Jess_Glynne,id16462
Jess_Glynne__Jax_Jones,id16463
Jesse_Cook,id16464
Jesse_Cooke,id16465
Jesse_Green,id16466
Jesse_McCartney,id16467
Jesse_Powell,id16469
Jessel_Léon,id16470
Jessica,id16471
Jessica_Alba,id16472
Jessica_Andrews,id16473
Jessica_Brando,id16474
Jessica_Garlick,id16475
Jessica_Mauboy,id16476
Jessica_Mazzoli,id16477
Jessica_Simpson,id16478
Jessie_Hunter,id16479
Jessie_J,id16480
Jessie_J_Ariana_Grande_Nicki_Minaj,id16481
Jessie_Seymour_Irvine,id16482
Jessie_Ware,id16483
Jessy_Matador_Feat_New_Hyper_Crushamp,id16484
Jesus_Jones,id16485
Jesus_Ventura,id16486
Jet,id16487
Jethro_Tull,id16488
Jets,id16489
Jewel,id16490
Jewel_Akens,id16491
Jewish,id16492
Jhan_Gero,id16493
Jigsaw,id16494
Jill_Scott,id16495
Jim_Brickman_ft_Wayne_Brady,id16496
Jim_Capaldi,id16497
Jim_Caruso,id16498
Jim_Croce,id16499
Jim_Diamond,id16500
Jim_Glaser,id16501
Jim_Mc_Eachern,id16502
Jim_Reeves,id16503
Jim_Sturgess,id16504
Jimenez,id16505
Jimi_Hendrix,id16506
Jimi_Hendrix_Band_Of_Gypsies,id16507
Jimmi_Rodgers,id16508
Jimmie_Davis,id16509
Jimmy_B,id16510
Jimmy_Barnes,id16511
Jimmy_Bo_Horne,id16512
Jimmy_Buckley,id16513
Jimmy_Buffett,id16514
Jimmy_Buffett__George_Strait,id16515
Jimmy_Clanton,id16516
Jimmy_Cliff,id16517
Jimmy_Eat_World,id16518
Jimmy_Fontana,id16519
Jimmy_Frey,id16520
Jimmy_Gilmer__The_Fireballs,id16521
Jimmy_Helms,id16522
Jimmy_James,id16523
Jimmy_James__The_Vagabonds,id16524
Jimmy_Makulis,id16525
Jimmy_Nail,id16526
Jimmy_Osmond,id16527
Jimmy_Radcliffe,id16528
Jimmy_Rankin,id16529
Jimmy_Ruffin,id16530
Jimmy_Somerville,id16531
Jimmy_Young,id16532
Jive,id16533
Jive_Bunny_And_The_Mastermixers,id16534
Jive_Bunny__The_Mastermixers,id16535
Jizo_Man_x_Big_Don,id16536
Jj_Hairston,id16537
Jm_Jarre,id16539
Jo_Dee_Messina,id16540
Jo_Erens,id16541
Jo_Jo_Zep__The_Falcons,id16542
Jo_Stafford,id16543
Jo_Vally,id16544
Jo_Vally__Wendy_Van_Wanten,id16545
Joachim_Decker,id16546
Joachim_Kelecom,id16547
Joachim_Neander,id16548
Joachim_Weber,id16549
Joachim_a_Burgk,id16550
Joan_Armatrading,id16551
Joan_Baez,id16552
Joan_Bautista_Humet,id16553
Joan_Brudieu,id16554
Joan_Cererols,id16555
Joan_Jett_And_The_Blackhearts,id16556
Joan_Manuel_Serrat,id16558
Joan_Manuel_Serrat_Y_Miguel_Rios,id16559
Joan_Manuel_Serrat_Y_Noa,id16560
Joan_Osborne,id16561
Joana_Zimmer,id16562
Joanne,id16563
Joannes_de_Latre,id16564
Joao_Gilberto,id16565
Joaquim_Antonio_da_Silva_Calado,id16566
Joaquin_Phoenix_Johnny_Cash_Movie_Soundtrack,id16567
Joaquin_Sabina,id16568
Jobst_vom_Brandt,id16569
Jodle_Birge,id16570
Jody_Bernal,id16571
Jody_Reynolds,id16572
Jody_Watley,id16573
Joe,id16574
Joe_Barbieri,id16575
Joe_Bonamassa,id16576
Joe_Cocker,id16577
Joe_Cocker__Eros_Ramazzotti,id16578
Joe_Cocker__Jennifer_Warnes,id16579
Joe_Damiano,id16580
Joe_Dassin,id16581
Joe_Diffie,id16582
Joe_Dolan,id16583
Joe_Dolce,id16584
Joe_Ely,id16585
Joe_Fedeli,id16586
Joe_Garland,id16587
Joe_Harris,id16588
Joe_Jackson,id16589
Joe_Jonas,id16590
Joe_McElderry,id16591
Joe_Nichols,id16592
Joe_Sample,id16593
Joe_Satriani,id16594
Joe_Sentieri,id16595
Joe_Simon,id16596
Joe_South,id16597
Joe_Tex,id16598
Joe_Turner,id16599
Joe_Veras,id16600
Joe_Walsh,id16601
Joe_and_Jake,id16602
Joel_Billy,id16603
Joel_Corry,id16604
Joel_Thorne,id16605
Joeri_Idool_2004_winnaar,id16606
Joern_Ingmann,id16607
Joey_Dee__The_Starlighters,id16608
Joey_McIntyre,id16609
Johan_Dylyan,id16611
Johan_Heuser__Corry_Konings,id16612
Johan_Schatteman__Myriam_Couvreur,id16613
Johan_Verminnen,id16614
Johann_Abraham_Peter_Schulz,id16615
Johann_Adam_Hiller,id16616
Johann_Andreas_Herbst,id16617
Johann_Bach,id16618
Johann_Balthasar_Erben,id16619
Johann_Baptist_Hilber,id16620
Johann_Caspar_Kerll,id16621
Johann_Christian_Heinrich_Rinck,id16622
Johann_Christoph_Bach,id16623
Johann_Crüger,id16624
Johann_Ernst_Eberlin,id16625
Johann_Feldmayr,id16626
Johann_Frosch,id16627
Johann_G_Nageli,id16628
Johann_Georg_Ebeling,id16629
Johann_Georg_Franz_Braun,id16630
Johann_Georg_Wiener,id16631
Johann_Gottfried_Schicht,id16632
Johann_Groh,id16633
Johann_Hermann_Schein,id16634
Johann_Hugo_von_Wilderer,id16635
Johann_Joseph_Fux,id16636
Johann_Kaspar_Aiblinger,id16637
Johann_Kaspar_Bachofen,id16638
Johann_Kaspar_Ferdinand_Fischer,id16639
Johann_Kugelmann,id16640
Johann_Kuhnau,id16641
Johann_Leonhard_von_Langenaw,id16642
Johann_Ludwig_Bach,id16643
Johann_Melchior_Caesar,id16644
Johann_Melchior_Gletle,id16645
Johann_Michael_Bach,id16646
Johann_Michael_Haydn,id16647
Johann_Nauwach,id16648
Johann_Pachelbel,id16649
Johann_Philipp_Krieger,id16650
Johann_Rosenmüller,id16651
Johann_Rudolf_Ahle,id16652
Johann_Schelle,id16653
Johann_Sebastian_Bach,id16654
Johann_Simon_Mayr,id16655
Johann_Stadlmayr,id16656
Johann_Stahel,id16657
Johann_Steuerlein,id16658
Johann_Stobäus,id16659
Johann_Strauss,id16660
Johann_Strauss_II,id16661
Johann_Theile,id16662
Johann_Valentin_Meder,id16663
Johann_Vierdanck,id16664
Johann_Walter,id16665
Johann__Josef_Strauss,id16666
Johanna_Kinkel,id16667
Johannes_Brahms,id16668
Johannes_Brassart,id16669
Johannes_Ciconia,id16670
Johannes_Eccard,id16671
Johannes_Galliculus,id16672
Johannes_Heesters,id16673
Johannes_Heugel,id16674
Johannes_Jeep,id16675
Johannes_Lupi,id16676
Johannes_Martini,id16677
Johannes_Nepomuk_Skraup,id16678
Johannes_Ockeghem,id16679
Johannes_Roullet,id16680
Johannes_Touront,id16681
Johannes_Verben,id16682
Johannes_Vincenet,id16683
Johannes_Weinmann,id16684
Johannes_de_Cleve,id16685
Johannes_de_Fossa,id16686
Johannes_de_Lymburgia,id16687
Johannes_de_Pinarol,id16688
Johhny_Rivera,id16689
John,id16690
John_Alcock_Jr,id16691
John_Alcock_Sr,id16692
John_Alden_Carpenter,id16693
John_Amner,id16694
John_And_John_Travolta,id16695
John_Anderson,id16696
John_Arnold,id16697
John_B_Grant,id16698
John_Bacchus_Dykes,id16699
John_Banister,id16700
John_Baptiste_Calkin,id16701
John_Barry,id16702
John_Barry_Orchestra,id16703
John_Bartlet,id16704
John_Bennet,id16705
John_Berry,id16706
John_Blitheman,id16707
John_Blow,id16708
John_Broderip,id16709
John_Brown,id16710
John_Bull,id16711
John_Butler_Trio,id16712
John_Cafferty__The_Beaver_Brown_Band,id16713
John_Cena,id16714
John_Coltrane,id16715
John_Cougar_Mellencamp,id16716
John_Darwall,id16717
John_David_Eaton,id16718
John_Davies,id16719
John_Denver,id16720
John_Denver__Placido_Domingo,id16721
John_Dowland,id16722
John_Dunstable,id16723
John_Eagleton,id16724
John_Eccles,id16725
John_Elton,id16726
John_Farmer,id16727
John_Farnham,id16728
John_Farnham__Human_Nature,id16729
John_Farnham__Olivia_Newton_John,id16730
John_Fawcett,id16731
John_Fogerty,id16732
John_Foster,id16733
John_Fred,id16734
John_Fred__His_Playboy_Band,id16735
John_Frederick_Bridge,id16736
John_Garrity,id16737
John_Goldwin,id16738
John_Goss,id16739
John_Grease_Soundtrack,id16740
John_Hart_Stockton,id16741
John_Henry_Maunder,id16742
John_Hiatt,id16743
John_Hilton_the_younger,id16744
John_Hogan,id16745
John_Holt,id16746
John_Hughes,id16747
John_IV_of_Portugal,id16748
John_Ireland,id16749
John_J_Husband,id16750
John_J_Woods,id16751
John_Knowles_Paine,id16752
John_L_Wright,id16753
John_Larkin_Hopkins,id16754
John_Lee_Conley,id16755
John_Lee_Hooker,id16756
John_Legend,id16757
John_Lennon,id16758
John_Lennon__The_Plastic_Ono_Band,id16759
John_Liptrot_Hatton,id16760
John_Martyn,id16761
John_Massey,id16762
John_Mayall__The_Bluesbreakers__Eric_Clapton,id16763
John_Mayall__the_Bluesbreakers,id16764
John_Mayalls_Bluesbreakers,id16765
John_Mayer,id16766
John_Mayer_ft_Katy_Perry,id16767
John_Mellencamp,id16768
John_Merbecke,id16769
John_Michael_Montgomery,id16770
John_Miles,id16771
John_Milton_the_Elder,id16772
John_Mogensen,id16773
John_Moreton,id16774
John_Morgan_Orchestra,id16775
John_Morrisons_Swing_City_Big_Band,id16776
John_Mundy,id16777
John_Murphy,id16778
John_Newman,id16779
John_Newman_ft_Charlie_Wilson,id16780
John_Olivia,id16781
John_P_Kee,id16782
John_Parr,id16783
John_Paul_Young,id16784
John_Petrucci,id16785
John_Philip_Sousa,id16786
John_Pizzarelli,id16787
John_Playford,id16788
John_Plummer,id16789
John_Powers,id16790
John_Prine,id16791
John_Prine__Nanci_Griffith,id16792
John_Pyamour,id16793
John_Reading,id16794
John_Reynolds,id16795
John_Rowles,id16796
John_S_Norris,id16797
John_Scheeles,id16798
John_Schneider,id16799
John_Sebastian,id16800
John_Sheppard,id16801
John_Smith,id16802
John_Spencer,id16803
John_Stafford_Smith,id16804
John_Stainer,id16805
John_Stanley,id16806
John_Stewart,id16807
John_Sumner,id16808
John_Sutherland,id16809
John_Sykes,id16810
John_Taverner,id16811
John_Terra,id16812
John_Thorne,id16813
John_Travolta,id16814
John_Travolta_Grease_Soundtrack,id16815
John_Valentine,id16816
John_Varley_Roberts,id16817
John_Wainwright,id16818
John_Waite,id16819
John_Wall_Callcott,id16820
John_Ward,id16821
John_Weldon,id16822
John_Wilbye,id16823
John_William_Hobbs,id16824
John_Williams,id16825
John_Williamson,id16826
John_Williamson__Sara_Storer,id16827
John_Wilson,id16828
John_Zebley_Jr,id16829
John__Audrey_Wigg,id16830
John_the_Whistler,id16831
Johnnie_Halliday,id16832
Johnnie_Johnson,id16833
Johnnie_Ray,id16834
Johnnie_Taylor,id16835
Johnny_A,id16836
Johnny_Bristol,id16837
Johnny_Burke,id16838
Johnny_Bush,id16839
Johnny_Carson_Show,id16840
Johnny_Cash,id16841
Johnny_Chester,id16842
Johnny_Colon,id16843
Johnny_Cymbal,id16844
Johnny_De_Luxe,id16845
Johnny_Diesel_And_The_Injectors,id16846
Johnny_Dorelli,id16847
Johnny_Dorelli__Catherine_Spaak,id16848
Johnny_Gill,id16849
Johnny_Guitar_Watson,id16850
Johnny_Halliday,id16851
Johnny_Hansen,id16852
Johnny_Harris,id16853
Johnny_Hartman,id16854
Johnny_Hates_Jazz,id16855
Johnny_Hill,id16856
Johnny_Hoes,id16857
Johnny_Horton,id16858
Johnny_Jordaan,id16859
Johnny_Kidd__The_Pirates,id16860
Johnny_Lee,id16861
Johnny_Logan,id16862
Johnny_Loughrey,id16863
Johnny_Madsen,id16864
Johnny_Mandel,id16865
Johnny_Mathis,id16866
Johnny_Merton_Party_Sound,id16867
Johnny_Nash,id16868
Johnny_Okeefe,id16869
Johnny_Paycheck,id16870
Johnny_Pearson,id16871
Johnny_Preston,id16872
Johnny_Reid,id16873
Johnny_Reimar,id16874
Johnny_Rivers,id16875
Johnny_Roman,id16876
Johnny_Santiago,id16877
Johnny_Sax,id16878
Johnny_Tillotson,id16879
Johnny_Wakelin,id16880
Johnny_White,id16881
Johnny_Winter,id16882
Johnny_Winter__Derek_Trucks,id16883
Johnny_Young,id16884
Johnny__The_Hurricanes,id16885
Johnson_Charles_Leslie,id16887
Johnson_J_Rosamond,id16888
Johnson_Robert,id16889
Johny_Demoni_Remix,id16890
Jojo,id16891
Jojo_Siwa,id16892
Joker_Xue,id16893
Jommelli_Niccolò,id16894
Jon_Andrews,id16895
Jon_Bon_Jovi,id16896
Jon_English,id16897
Jon_Jorgard,id16898
Jon_Secada,id16899
Jona_Lewie,id16900
Jonas_Blue,id16901
Jonas_Blue_Liam_Payne__Lennon_Stella,id16902
Jonas_Blue_ft_Dakota,id16903
Jonas_Blue_ft_JP_Cooper,id16904
Jonas_Blue_ft_Paloma_Faith,id16905
Jonas_Blue_ft_William_Singe,id16906
Jonas_Brothers,id16907
Jonathan_Adams,id16908
Jonathan_Battishill,id16909
Jonathan_Butler,id16910
Jonathan_E_Spilman,id16911
Jonathan_Nelson,id16912
Jonathan_Richman,id16913
Jonathan_Richman__the_Modern_Lovers,id16914
Jones_Lewis,id16915
Jones_Richard,id16916
Joni_Mitchell,id16917
Jonny_Hill,id16918
Jonny_Hill__Linda_Feller,id16919
Jonny_Lang,id16920
Jools_Holland__Prince_Buster,id16921
Jop__Antonette,id16922
Jopie,id16923
Joplin_Janis,id16924
Joplin_Scott,id16925
Jordan_Frédéric,id16926
Jordin_Spark,id16927
Jordin_Sparks,id16928
Jordin_Sparks__Chris_Brown,id16929
Jordon_Drumgoole,id16930
Jorge_Moreira,id16931
Jorge_Negrete,id16932
Jorge_Sepúlveda,id16933
Jorgen_Ingmann,id16934
Jorgen_Olsen,id16935
Jorn_Ingeman,id16936
Jos_FM_Lange,id16937
Jos_Van_Hemert,id16938
Jose_Augusto,id16939
Jose_Carreras,id16940
Jose_Feliciano,id16941
Jose_Guardiola,id16942
Jose_Guardiola_Y_Rosa_Mari,id16943
Jose_Luis_Perales,id16944
Jose_Manuel_Soto,id16945
Jose_Rodriguez,id16946
Jose_Velez,id16947
Josef_Ignaz_Schnabel,id16948
Josef_J_Pihert,id16949
Josef_Rheinberger,id16950
Josef_von_Eybler,id16951
Josema_Yuste,id16952
Josep_Navarro_i_Solves,id16953
Josep_Picañol,id16954
Joseph,id16955
Joseph_Baildon,id16956
Joseph_Barnby,id16957
Joseph_Bonnet,id16958
Joseph_Corfe,id16959
Joseph_E_Howard,id16960
Joseph_Eaton_Faning,id16961
Joseph_Edmund_Mills,id16962
Joseph_Funk,id16963
Joseph_Furmanik,id16964
Joseph_Gregor_Zangl,id16965
Joseph_Gruber,id16966
Joseph_Haydn,id16967
Joseph_Joachim_Raff,id16968
Joseph_Key,id16969
Joseph_Knapicius,id16970
Joseph_Kosma,id16971
Joseph_Rumshinsky,id16972
Joseph_Stephenson,id16973
Joseph_Stone,id16974
Joseph_Surzynski,id16975
Joseph_Weigl,id16976
Josh_Gracin,id16977
Josh_Groban,id16978
Josh_Hoge,id16979
Josh_Kelly,id16980
Josh_Turner,id16981
Joshua_Kadison,id16982
Joshua_Radin,id16983
Josiah_Booth,id16984
Josip_Pavčič,id16985
Josip_Štolcer_Slavenski,id16986
Josquin_Desprez,id16987
Josquin_des_Prez,id16988
Joss_Stone,id16989
Josè,id16990
José_Alberto_El_Canario,id16991
José_Alexandrino_de_Sousa,id16992
José_Blas_Parera,id16993
José_Carreras,id16994
José_Durán,id16995
José_El_Francés,id16996
José_Feliciano,id16997
José_Feliciano__Ricchi_e_Poveri,id16998
José_Guardiola,id16999
José_Lorenzo_Gómez_del_Valle,id17000
José_Luis_Mejía,id17001
José_Luis_Muguerza,id17002
José_Luis_Perales,id17003
José_Maria_Xavier,id17004
José_Maurício_Nunes_Garcia,id17005
José_de_Nebra,id17006
José_de_San_Juan,id17007
José_de_Torres,id17008
Journey,id17009
Joushua_Kadison,id17010
Jovanotti,id17011
Jovanotti__Sergio_Mendes,id17012
Jovanotti_con_Amadou_e_Mariam,id17013
Jovi_Bon,id17014
Joy,id17015
Joy_Division,id17016
Joy_Villa,id17017
Joyous_Celebration,id17018
João_Baptista_Lehman,id17019
João_Lucas__Marcelo,id17020
Juan_Antonio_Canta,id17021
Juan_Arañés,id17022
Juan_Barter,id17023
Juan_Bau,id17024
Juan_Bautista_Comes,id17025
Juan_Benito,id17026
Juan_Blas_de_Castro,id17027
Juan_Camacho,id17028
Juan_Camus,id17029
Juan_Escribano,id17030
Juan_Esquivel,id17031
Juan_Francisco_de_Sayas,id17032
Juan_Francés_de_Iribarren,id17033
Juan_Gabriel,id17034
Juan_García_de_Zéspedes,id17035
Juan_Gutierrez_de_Padilla,id17036
Juan_Javier_Miró_Pérez,id17037
Juan_Losada,id17038
Juan_Luis_Guerra,id17039
Juan_Luis_Guerra__440,id17040
Juan_Luis_Guerra_y_440,id17041
Juan_Magan,id17042
Juan_Navarro_Hispalensis,id17043
Juan_Pardo,id17044
Juan_Piña_Y_Sus_Muchachos,id17045
Juan_Ponce,id17046
Juan_Ramón,id17047
Juan_Romero,id17048
Juan_Tabasco,id17049
Juan_Valdéz,id17050
Juan_Vasquez,id17051
Juan_de_Anchieta,id17052
Juan_de_Araujo,id17053
Juan_de_Arratia,id17054
Juan_de_Lienas,id17055
Juan_de_Navas,id17056
Juan_del_Encina,id17057
Juan_del_Vado,id17058
Juana_Inés_de_la_Cruz,id17059
Juanes,id17060
Juanes_Y_Joe_Arroyo,id17061
Judah_and_the_Lion,id17062
Judas_Priest,id17063
Judge_Jack,id17064
Judith,id17065
Judy_Collins,id17066
Judy_Garland,id17067
Judy_Garland_From_The_Broadway_Show_crazy,id17068
Judy_Garland__Ray_Bolger,id17069
Judy_Street,id17070
Judy_Tzuke,id17071
Judy_and_Mary,id17072
Juice_Newton,id17073
Juju,id17074
Juli__Julie,id17075
Julia_Goodwin,id17076
Julia_Ward_Howe,id17077
Julian_Austin,id17078
Julian_Lennon,id17079
Juliane_Werding,id17080
Julie_Andrews,id17081
Julie_Anthony,id17082
Julie_London,id17083
Julie_Rogers,id17084
Julien_Clerc,id17085
Juliet,id17086
Julieta_Venegas,id17087
Juliette,id17088
Juliette_Jolie,id17089
Julije_Skjavetić,id17090
Julio_Cesar_Sanders,id17091
Julio_Iglesias,id17092
Julio_Iglesias_Y_Otros,id17093
Julio_Iglesias__Diana_Ross,id17094
Julio_Iglesias__Willie_Nelson,id17095
Julio_Madrid,id17096
Julius_André,id17097
Julius_Benedict,id17098
Julius_Wibergh,id17099
Julián_Calvo,id17100
Jullien_Louis_Antoine,id17101
Jump_Smokers_Feat_Pitbull,id17102
Junaid_Jamshed,id17103
June_Lodge,id17104
Junggigo__Soyou,id17105
Jungle_Book,id17106
Jungle_Book_Piano_Acc,id17107
Jungle_Jim,id17108
Junia,id17109
Junior,id17110
Junior_Brown,id17111
Junior_Cally,id17112
Junior_Mínguez,id17113
Junior_Senior,id17114
Junior_Walker_And_The_Allstars,id17115
Junior_Walker__the_All_Stars,id17116
Junko_Ohashi,id17117
Juozas_Naujalis,id17118
Jupiter_Jones,id17119
Jussi_Bjoring,id17120
Just_A_Man,id17121
Just_Friends,id17122
Justice_Crew,id17123
Justin_Bieber,id17124
Justin_Bieber__Ariana_Grande,id17125
Justin_Hayward__John_Lodge,id17126
Justin_Morgan,id17127
Justin_Timberlake,id17128
Justus_Wilhelm_Lyra,id17129
Juvenile,id17130
Jäger_Caspar,id17131
Józef_Grabowski,id17132
Jörgen_Presten,id17133
Jürgen_Drews,id17134
Jürgen_Marcus,id17135
KC__The_Sunshine_Band,id17136
KC_and_The_Sunshine_Band,id17137
KIA,id17138
KLB,id17139
KT_Tunstall,id17140
KWS,id17141
KYO,id17142
K_7,id17143
K_Narias,id17144
Kabah,id17145
Kabouter_Plop,id17146
Kacey_Musgraves,id17147
Kafka_Johann_Nepomuk,id17148
Kaiser_Chiefs,id17149
Kajagoogoo,id17150
Kalapana,id17151
Kaleidoscopio,id17152
Kalinnikov_Vasily,id17153
Kalkbrenner_Friedrich_Wilhelm,id17154
Kalliwoda_Johann_Wenzel,id17155
Kalmah,id17156
Kalua_Beach_Boys,id17157
Kamahl,id17158
Kamelot,id17159
Kamilo_Mašek,id17160
Kana,id17161
Kandis,id17162
Kang_Robert_Bogan,id17163
Kanhaiya_Raj,id17164
Kansas,id17165
Kanye_West,id17166
Kaoma,id17167
Kapsperger_Giovanni_Girolamo,id17168
Karel_Gott,id17169
Karel_en_Cees,id17170
Karen_Ramirez,id17171
Karen_Souza,id17172
Karen_Young,id17173
Karima,id17174
Karina,id17175
Karl_Friedrich_Curschmann,id17176
Karl_Heinrich_Graun,id17177
Karl_May,id17178
Karl_Moik,id17179
Karl_Wilhelm,id17180
Karmin,id17181
Karol_Mikuli,id17182
Kasabian,id17183
Kasey_Chambers,id17184
Kaspar_Schlacke,id17185
Kassel_Moritz_von,id17186
Kastelruther_Spatzen,id17187
Kat,id17188
Kat_Deluna_Feat_Fatman_Scoop,id17189
Katastroof,id17190
Kate_Bush,id17191
Kate_Ceberano,id17192
Kate_Dearaugo,id17193
Kate_McGregor,id17194
Kate_Nash,id17195
Kate_Ryan,id17196
Kate_Schindle,id17197
Kate_Winslet,id17198
Kate_Yanai,id17199
Katharina_A_von_Schlegel,id17200
Katherine_Anne_Davoli,id17201
Katherine_Jenkins,id17202
Kathey_Linden,id17203
Kathryn_Rose,id17204
Kathy_Kirby,id17205
Kathy_Linden,id17206
Kathy_Mattea,id17207
Katie_Melua,id17208
Katie_Noonan,id17209
Katie_Underwood,id17210
Katie_Webster,id17211
Katja_Schuurman,id17212
Kato,id17213
Katrina__The_Waves,id17214
Katrina_and_The_Waves,id17215
Katy_Perry,id17217
Katy_Perry_Feat_Snoop_Dogg,id17218
Katy_Perry_feat_Skip_Marley,id17219
Katy_Perry_ft_Juicy_J,id17220
Katy_Perry_ft_Snoop_Dogg,id17221
Katyna_Ranieri,id17222
Katzenjammer,id17223
Kay_Starr,id17224
Kaynak_Sadettin,id17225
Kd_Lang,id17227
Keane,id17228
Keane_ft_Knaan,id17229
Keb_Mo,id17230
Kedrov_Nikolai,id17231
Kees_Versluis,id17232
Keisha_White,id17233
Keith,id17234
Keith_Anderson,id17235
Keith_Beckingham,id17236
Keith_Carradine,id17237
Keith_Emerson,id17238
Keith_Urban,id17239
Keith_Whitley,id17240
Keithley_E_Clinton,id17241
Keld_And_The_Donkeys,id17242
Keld__The_Donkeys,id17243
Kele_Le_Roc,id17244
Kelis,id17245
Keller_Gottfried,id17246
Kellette_John_William,id17247
Kellie_Coffey,id17248
Kellner_Johann_Christoph,id17249
Kellow_John_Pye,id17250
Kelly_Clarkson,id17251
Kelly_Joyce,id17252
Kelly_Llorenna,id17253
Kelly_Marie,id17254
Kelly_Orsborne,id17255
Kelly_Osbourne,id17256
Kelly_Osbourne_feat_Ozzy_Osbourne,id17257
Kelly_Rowland,id17258
Kelly_Willis,id17259
Kelsea_Ballerini,id17260
Ken_Boothe,id17261
Ken_Dodd,id17262
Ken_Hensley_Uriah_Heep,id17263
Ken_Hirai,id17264
Kennedy,id17265
Kennedy_Amanda,id17266
Kenneth_Alford,id17267
Kenny_And_Lotte,id17268
Kenny_Ball,id17269
Kenny_Chesney,id17270
Kenny_G,id17271
Kenny_G__Brian_McKnight,id17272
Kenny_G__David_Benoit,id17273
Kenny_Loggins,id17274
Kenny_Rogers,id17275
Kenny_Rogers__Dolly_Parton,id17276
Kenny_Rogers__Dolly_Parton_duet,id17277
Kenny_Rogers__Sheena_Easton,id17278
Kenny_Thomas,id17279
Kenny_Wayne_Shepherd,id17280
Kerckhoven_Abraham_van_den,id17281
Kerll_Johann_Caspar,id17282
Kesha,id17283
Ketama,id17284
Ketana,id17285
Ketterer_Eugène,id17286
Ketty_Lester,id17287
Kevin_Fowler,id17288
Kevin_Johnson,id17289
Kevin_Johnson__James_Last,id17290
Kevin_Lyttle,id17291
Kevin_Rudolf_feat_Lil_Wayne,id17292
Kevin_Sharp,id17293
Kevin_Shoemaker,id17294
Kevin_Welch__The_Overtones,id17295
Keyshia_Cole,id17296
Khachaturian,id17297
Khaled,id17298
Khalid,id17299
Kid_Creole__The_Coconuts,id17300
Kid_Cudi,id17301
Kid_Rock,id17302
Kid_Rock_feat_Mary_J_Blige__TI,id17303
Kids,id17304
Kiefer_Sutherland,id17305
Kiel_Friedrich,id17306
Kieran_Kane,id17307
Kiezsa,id17308
Kika_Edgar,id17309
Kiki_Dee,id17310
Kiko_Veneno,id17311
Kiko_Y_Shara,id17312
Killers,id17313
Killing_Heidi,id17314
Kim_Brown,id17315
Kim_Carnes,id17316
Kim_Kay,id17317
Kim_Larsen,id17318
Kim_Larsen_And_Gasoline,id17319
Kim_Pensyl,id17320
Kim_Petras,id17321
Kim_Schwartz,id17322
Kim_Waters,id17323
Kim_Wilde,id17324
Kimber_Clayton,id17325
Kincade,id17326
Kind,id17327
Kind_Of_Blue,id17328
Kinderen_voor_kinderen,id17329
Kindermann_Johann_Erasmus,id17330
King_Africa,id17331
King_Africa_Y_Fernando_Esteso,id17332
King_Africa__Mr_Pringles,id17333
King_Charles_ft_Mumford__Sons,id17334
King_Crimson,id17335
King_Diamond,id17336
King_Harvest,id17337
King_James,id17338
Kings_Of_Convenience,id17339
Kings_Of_Leon,id17340
Kings_of_Swing_Orchestra,id17343
Kingsize,id17344
Kingsley_George,id17345
Kini_Kini,id17346
Kinks,id17347
Kinnunen_Reijo,id17348
Kip_Moore,id17349
Kirbye_George,id17350
Kirk_Franklin,id17351
Kirk_Whalum,id17352
Kirkpatrick_William_J,id17353
Kirnberger_Johann_Philipp,id17354
Kiroro,id17355
Kirsten_Siggaard,id17356
Kirsty_MacColl,id17357
Kisha,id17359
Kiss,id17360
Kiss_Audio,id17361
Kiss_Me_Kate_Cast,id17362
Kisser__Soeren,id17363
Kittel_Johann_Christian,id17364
Kiwini_Club,id17365
Klaas_Veen,id17366
Klaes_Torben,id17367
Klaus_And_Servants,id17368
Klaus_Doldinger,id17369
Klaus_Hallen,id17370
Klaus_Wunderlich,id17371
Klaus__Klaus,id17372
Klaus__Servants,id17373
Kleber_Henry,id17374
Kleber_Leonhard,id17375
Kleeblatt,id17376
Klein_Bernhard,id17377
Klingande_ft_Broken_Back,id17378
Klingenberg_Friedrich_Gottlieb,id17379
Klostertaler,id17380
Knapp_Phoebe_Palmer,id17381
Knecht_Justin_Heinrich,id17382
Kneller_Andreas,id17383
Knight_Joseph_Philip,id17384
Knuth_Jürgen,id17385
Kodaline,id17386
Kome_Kome_Club,id17387
Komekome_Club,id17388
Kool_And_The_Gang,id17389
Kool__The_Gang,id17390
Koolmatch,id17393
Koos_Alberts,id17394
Koos_Alberts__Corry_Konings,id17395
Korn,id17396
Korsakov,id17397
Korsakov_Nikolay,id17398
Kosheen,id17399
Kothe_Wilhelm,id17400
Kotter_Hans,id17401
Kraft_Hans,id17402
Kraftwerk,id17403
Kram_Richard,id17404
Krause_Theodor,id17405
Kravitz_Lenny,id17406
Krebs_Johann_Ludwig,id17407
Krebs_Johann_Nicolaus,id17408
Krebs_Johann_Tobias,id17409
Krell_William,id17410
Kremberg_Jakob,id17411
Kreutzer_Conradin,id17412
Kreutzner_Patrick_Dylan,id17413
Kreuz_Emil,id17414
Krezip,id17415
Krieger_Johann_Philipp,id17416
Kris_Kristofferson,id17417
Krishna_Zaik,id17418
Kristin_Chenoweth,id17419
Kristina_Bach,id17420
Kristina_Train,id17421
Kristinkov_Stefan,id17422
Kristofferson_Kris,id17423
Krogmann_Carrie_Williams,id17424
Kros_feat_Kalex,id17425
Krsto_Odak,id17426
Krug_Arnold,id17427
Krypteria,id17428
Krystian_Viszla,id17429
Krystof_Harant,id17430
Ks_Choice,id17431
Kt_Oslin,id17432
Kuhlau_Friedrich,id17434
Kuhnau_Johann,id17435
Kullak_Theodor,id17436
Kunc_Pierre,id17437
Kungs__Stargate_ft_Goldn,id17438
Kungs_ft_Olly_Murs,id17439
Kungs_vs_Cookin_on_3_Burners,id17440
Kunzen_Adolph_Carl,id17441
Kurt_Carr,id17442
Kurt_Carr_Project,id17443
Kurt_Elling,id17444
Kurt_Nilsen,id17445
Kurtis_Blow,id17446
Kus,id17447
Kygo__Tina_Turner,id17449
Kygo_ft_Conrad,id17450
Kygo_x_Whitney_Houston,id17451
Kylie_Minogue,id17452
Kylie_Minogue_And_Jools_Holland,id17453
Kylie_Minogue__Jason_Donovan,id17454
Kym_Marsh,id17455
Kym_Mazelle,id17456
Kyu_Sakamoto,id17458
Kálmán_Emmerich,id17459
Köhler_Ernst,id17460
Köhler_Johann_Hermann,id17461
Küffner_Joseph,id17462
Kühnau_Johann_Christoph,id17463
Kühnel_Reinhold_Wilhelm,id17464
Küster_Hermann,id17465
LAura,id17466
LEN,id17467
LEstocart_Paschal_de,id17468
LFO,id17469
LHuyllier,id17470
LIGABUE,id17471
LL_Cool_J,id17472
LMC_Vs_U2,id17473
LMFAO,id17475
LSD_ft_Labrinth_Sia_Diplo,id17476
LaBelle,id17477
La_5a_Estacion,id17478
La_Banda_Del_Capitan_Canalla,id17479
La_Banda_El_Mexicano,id17480
La_Banda_Loca,id17481
La_Barbería_Del_Sur,id17482
La_Barre_Michel_de,id17483
La_Belle_Epoch,id17484
La_Belle_Epoque,id17485
La_Bionda,id17486
La_Bomba,id17487
La_Bomba_feat_Los_Primos,id17488
La_Bottega_dellArte,id17489
La_Bottega_della_verità,id17490
La_Bouche,id17491
La_Camera_Migliore,id17492
La_Cricca,id17493
La_Crus,id17494
La_De_Das,id17495
La_Decada_Prodigiosa,id17496
La_Dekada_Band,id17497
La_Differenza,id17498
La_Fiesta,id17499
La_Flavour,id17500
La_Fosse_Jacob,id17501
La_Frontera,id17502
La_Fuertezza,id17503
La_Fuga,id17504
La_Gran_Década,id17505
La_Guardia,id17506
La_India,id17507
La_La_Land_Soundtrack,id17508
La_La_Land_cast,id17509
La_Ley,id17510
La_Luna,id17511
La_Mosca,id17512
La_Musicalite,id17513
La_Oreja_De_Van_Gogh,id17514
La_Pierre_Monsieur_de,id17515
La_Quinta_Estacion,id17516
La_Roux,id17517
La_Rue_Pierre_de,id17518
La_Sakhra,id17519
La_Sintesi,id17520
La_Sonora_Dimamita,id17521
La_Strana_Società,id17522
La_Tamblè,id17523
La_Tombelle_Fernand_de,id17524
La_Trampa,id17525
La_Unión,id17526
La_familia_loca,id17528
La_ragazza_del_Clan,id17529
Labi_Siffre,id17532
Labrinth,id17533
Labrinth_ft_Emeli_Sandé,id17534
Labriola_Pietro,id17535
Lacrimosa,id17536
Lacuna_Coil,id17537
Lacy_J_Dalton,id17538
Ladbaby,id17539
Ladukhin_Nikolay,id17540
Lady_A,id17541
Lady_Antebellum,id17542
Lady_GaGa,id17543
Lady_Gaga__Ariana_Grande,id17545
Lady_Gaga__Bradley_Cooper,id17546
Lady_Gaga_ft_Colby_ODonis,id17547
Lady_John_Scott,id17548
Lady_Linn_and_her_Magnificent_Seven,id17549
Lady_Ragga,id17550
Laid_Back,id17551
Lais,id17552
Lajarrige,id17553
Lake_Of_Tears,id17554
Lalande_Michel_Richard_de,id17555
Lale_Andersen,id17556
Lally_Stott,id17557
Lalo_Rodrigues,id17558
Lalo_Schifrin,id17559
Laly_Ayu,id17560
Lamb,id17561
Lambe_Walter,id17562
Lambert_Pietkin,id17563
Lambertini_Giovan_Tomaso,id17564
Lambillotte_Louis,id17565
Lamya,id17566
Lana_Del_Rey,id17567
Landaeta_Juan_José,id17568
Landini_Francesco,id17569
Lando_Fiorini,id17570
Landrut,id17571
Lange_Gregor,id17572
Lange_Gustav,id17573
Lange_Jojo,id17574
Lani_Misalucha,id17575
Lanner_Joseph,id17576
Lappi_Pietro,id17577
Lara,id17578
Lara_Fabian,id17579
Lara_Polli,id17580
Lara_White,id17581
Larriu_Auguste,id17582
Larry_Carlton,id17583
Larry_Chance_And_The_Earls,id17584
Larry_Clinton_And_His_Orchestra,id17585
Larry_Gatlin_Feat_Brothers__Friends,id17586
Larry_Gatlin_w_Brothers__Friends,id17587
Larry_Graham,id17588
Larry_Minton,id17589
Larry_Pierce,id17590
Larry_Santos,id17591
Larry_Thurston,id17592
Lars_Hug,id17593
Lars_Lilholt,id17594
Las,id17595
Las_Bonitas,id17596
Las_Chamorro,id17597
Las_Hijas_Del_Sol,id17598
Las_Ketchup,id17599
Las_Niñas,id17600
Las_Primas,id17601
Las_Supremas_De_Móstoles,id17602
Las_Terremoto_Eurojunior,id17603
Lasceux_Guillaume,id17604
Lasgo,id17605
Lassus_Orlande_de,id17606
Latfeur,id17607
Latin_Dance_Nite,id17608
Latin_Punto_Com,id17609
Latino,id17610
Latino_Standard,id17611
Latins,id17612
Laub_Thomas,id17613
Laura_Bono,id17614
Laura_Branigan,id17615
Laura_Brannigan,id17616
Laura_Dean_Irene_Cara_Paul_McCrane_Traci_Parnell__Eric_Brockington,id17617
Laura_Fygi,id17618
Laura_Luca,id17619
Laura_Lynn,id17620
Laura_Lynn__De_Romeos,id17621
Laura_Lynn__Frans_Bauer,id17622
Laura_Lynn__Marva,id17623
Laura_Netzel,id17624
Laura_Pausini,id17625
Laura_Pausini_Gianna_Nannini_Giorgia_Elisa__Fiorella_Mannoia,id17626
Laura_Pausini__James_Blunt,id17627
Laura_Wright_And_Collabro,id17628
Laurel_Aitken,id17629
Lauren_Waterworth,id17630
Laurena,id17631
Laurence_Ampleforth,id17632
Laurent_Bonard,id17633
Laurent_Daniels,id17634
Laurent_Wery_Feat_Swift_Kid,id17635
Laurie_London,id17636
Lauryn_Hill,id17637
Lavallée_Calixa,id17638
Lavern_Baker,id17639
Lavignac_Albert,id17640
Lavigne_Avril,id17641
Lavigne_Robert,id17642
Lavinia_Jones,id17643
Lawes_William,id17644
Lawrence_Welk,id17645
Lawrence__Anderson,id17646
Lawson,id17647
Layolle_Francesco_de,id17648
Layton_Turner,id17649
Lazzari_Ferdinando_Antonio,id17650
Lcd,id17651
LeAnn_Rimes,id17652
LeVert,id17653
Le_Balentes,id17654
Le_Couppey_Félix,id17655
Le_Grand_Orchestre_du_Splendid,id17656
Le_Jeune_Claude,id17657
Le_Mani,id17658
Le_Orme,id17659
Le_Peletier,id17660
Le_Piccole_Ore,id17661
Le_Roy_Adrien,id17662
Le_Vibrazioni,id17663
Le_Vibrazioni_ft_Jake_La_Furia,id17664
Leadbelly,id17666
Leandro_Barsotti,id17667
Leandro_Mira,id17668
Leanne_Daharja_Veitch,id17670
Leano_Morelli,id17671
Leapy_Lee,id17672
Lebègue_Nicolas,id17673
Lechner_Leonhard,id17674
Led_Zep,id17675
Led_Zeppelin,id17676
Led_Zepplin,id17677
Leda_Battisti,id17678
Lee,id17679
Lee_Ann_Womack,id17680
Lee_Brice,id17681
Lee_Dorsey,id17682
Lee_Greenwood,id17683
Lee_Kernaghan,id17684
Lee_Kernaghan__Catherine_Britt,id17685
Lee_Majors,id17686
Lee_Marvin,id17687
Lee_Mead,id17688
Lee_Ritenour,id17689
Lee_Ritenour_feat_Eric_Tagg,id17690
Lee_Roy_Parnell,id17691
Lee_Ryan_From_Blue,id17692
Lee_Towers,id17693
Lee__Tania_Kernaghan,id17694
Leetherland_Thomas,id17695
Lefe,id17696
Lefébure_Alain,id17697
Legally_Blonde_Cast,id17698
Legrenzi_Giovanni,id17699
Lehár_Franz,id17700
Leif_Garrett,id17701
Leigh_Wilson,id17702
Leinemann,id17703
Leitner,id17704
Lele,id17705
Lelio_Bertani,id17706
Lemaigre_Edmond,id17707
Lemar,id17708
Lemmel_Helen_Howarth,id17709
Lemmens_Thomas,id17710
Lemon_Ice,id17711
Lemonheads,id17712
Lemoyne,id17713
Lena_Biolcati,id17715
Lena_Martell,id17716
Lene_Marlin,id17717
Lene_Siel,id17718
Lenka,id17719
Lennon_John,id17720
Lennon_Stella_ft_Charlie_Puth,id17721
Lenny_Kravitz,id17722
Lenny_Welch,id17723
Leo_Colonia,id17724
Leo_Friedman,id17725
Leo_Leonardo,id17726
Leo_Sardo,id17727
Leo_Sayer,id17728
Leo_Silva,id17729
Leo_Sowerby,id17730
Leo_Stannard_ft_Chiara_Galiazzo,id17731
Leo_Verde,id17732
Leo_non_Papa,id17733
Leon_Böllmann,id17734
Leon_Jackson,id17735
Leon_Russell,id17736
Leon_Tomas,id17737
Leon_Ware,id17738
Leona,id17739
Leona_Lewis,id17740
Leona_Lewis_Feat_Jennifer_Hudson,id17741
Leonard,id17742
Leonard_Bernstein,id17743
Leonard_Cohen,id17744
Leonard_Meldert,id17745
Leonardo_Casulano,id17746
Leonardos_Bride,id17747
Leoncavallo_Ruggiero,id17748
Leone_Di_Lernia,id17749
Leone_Leoni,id17750
Leonel_Power,id17751
Leonhard_Lechner,id17752
Leonhard_Paminger,id17753
Leonhard_Schröter,id17754
Leonhardt_Heydenhamer,id17755
Leontovych_Mykola,id17756
Leopold_Mozart,id17757
Leoš_Janáček,id17758
Les_Baxter,id17759
Les_Baxter__His_Orchestra,id17760
Les_Brown,id17761
Les_Hirondelles,id17762
Les_Humphries_Singers,id17763
Les_Miserables,id17764
Les_Miserables_Susan_Boyle_Britains_Got_Talent_2009,id17765
Les_Paul,id17766
Les_Surfs,id17767
Lesley_Gore,id17768
Lesley_Joy_und_Brigitte,id17769
Lesley_Roy,id17770
Less_Than_Jake,id17771
Leszczewski_Wladislaw,id17772
Let_Loose,id17773
Letondal_Arthur,id17774
Lettes,id17775
Leutenant_Pidgeon,id17776
Levante,id17777
Level_42,id17778
Lewandowski_Louis,id17780
Lewis_Capaldi,id17781
Lewis_Edson,id17782
Lewisham__Greenwich_NHS_Choir,id17783
Leybach_Ignace_Xavier_Joseph,id17784
Leys_Dries,id17785
Leys_Peter,id17786
Lhéritier_Jean,id17788
Liam_Gallagher,id17789
Lianne_La_Havas,id17790
Liberace,id17791
Liberty,id17792
Liberty_X,id17793
Lichfield_Henry,id17794
Lichner_Heinrich,id17795
Licinio_Refice,id17796
Lidia_Reyes_Ot4,id17797
Lidner_Bengt,id17798
Lido_Brothers_feat_Maria,id17799
Lidon_José,id17800
Liebhold,id17801
Liesbeth_List,id17802
Liesbeth_List__Ramses_Shaffy,id17803
Life_A_New_Musical,id17804
Lifehouse,id17805
Ligabue_e_Celentano,id17807
Lighea,id17808
Light_Of_The_World,id17809
Lighthouse,id17810
Lighthouse_Family,id17811
Lil_John_Feat_30h3,id17812
Lil_Nas_X_ft_Billy_Ray_Cyrus,id17813
Lil_Wayne,id17814
Lil_Wayne__Static_Major,id17815
Lil_xvon,id17816
Lila_Mccann,id17817
Lilian_Harvey__Willy_Fritsch,id17818
Liliana_Neglia,id17819
Liliana_Tamberi,id17820
Lillian_Axe,id17821
Lilly_Wood_And_The_Prick_And_Robin_Schulz,id17822
Lilrodd,id17823
Lily_Allen,id17824
Limahl,id17825
Limak_X_Robczuk,id17826
Lime,id17827
Limmie__The_Family_Cooking,id17828
Limmie__the_Family_Cookin,id17829
Limousine,id17830
Limp_Bizkit,id17831
Lincoln_Harry_J,id17832
Linda,id17833
Linda_Feller,id17834
Linda_Feller__Mike_Herman,id17835
Linda_Ronstadt,id17836
Linda_Ronstadt__Aaron_Neville,id17837
Linda_Ronstadt__James_Ingram,id17838
Linda__Paul_McCartney,id17839
Lindeman_Ludvig_Mathias,id17840
Lindisfarne,id17841
Lindsay_Lohan,id17842
Lindsey_Buckingham,id17843
Lindsey_Buckingham__Christine_Mcvie,id17844
Lindsey_Stirling,id17845
Lindsey_Stirling_And_Ventribe,id17846
Line_Dance_Standard,id17847
Linkin_Park,id17848
Lino_Toffolo,id17849
Lio,id17850
Lionel_Richie,id17851
Lionel_Richie_ft_Akon,id17852
Lior,id17853
Lipps_Inc,id17854
Liquid_Gold,id17855
Liquid_Tension_Experiment,id17856
Liquido,id17857
Liricheskaya_Muzyika,id17858
Lis_And_Per,id17859
Lis_Og_Per,id17860
Lisa,id17861
Lisa_Del_Bo,id17862
Lisa_Gerrard,id17863
Lisa_Loeb,id17864
Lisa_Stansfield,id17865
Lisa_Wohlgemuth,id17866
Lisandro_Meza,id17868
Liszt_Franz,id17869
Lit,id17870
Lita_Ford,id17871
Lite,id17872
Lites,id17873
Litfiba,id17874
Litolff_Henry_Charles,id17875
Little_Anthony,id17876
Little_Anthony__The_Imperials,id17877
Little_Big_Town,id17878
Little_Boots,id17879
Little_Eva,id17880
Little_Feat,id17881
Little_Feet,id17882
Little_Mix,id17883
Little_Mix_ft_Jason_Derulo,id17884
Little_Mix_ft_Nicki_Minaj,id17885
Little_Pattie,id17886
Little_Peggy_March,id17887
Little_Richard,id17888
Little_River_Band,id17889
Little_Shop_Of_Horrors,id17890
Little_Steven,id17891
Little_Texas,id17892
Little_Tony,id17893
Live,id17894
Liverpoll_Express,id17895
Liverpool_Express,id17896
Liviera_Zugiani_Gabriele,id17897
Living_Colour,id17898
Living_End,id17899
Liz_Abella,id17900
Liza_Minnelli,id17901
Lizandro_Meza,id17902
Lizzie,id17903
Lizzie_S_Tourjee,id17904
Lizzo,id17905
Llobet_Miguel,id17906
Llorenc_Santamaria,id17907
Lloyd_Jones,id17908
Lloyd_Price,id17909
Lo_Stato_Sociale,id17911
Lobo,id17912
Lobo_João_de_Deus_de_Castro,id17913
Local_H,id17914
Locke_Matthew,id17915
Loder_Edward_James,id17916
Lodovico_Agostini,id17917
Lodovico_Bellanda,id17918
Loewe_Carl,id17919
Loft,id17920
Loggins_And_Messina,id17921
Loggins_Kenny,id17922
Lohff_Dietrich,id17924
Loituma,id17925
Lollies,id17926
Lollipop,id17927
Lollipops,id17928
London_Four,id17929
London_Grammar,id17930
London_Orchestra,id17931
London_Showband,id17932
Londonbeat,id17933
Lone_Assembly,id17934
Lonestar,id17935
Longs,id17936
Longueval_Antoine_de,id17937
Lonnie_Mack,id17938
Looking_Glass,id17939
Loona,id17940
Loose_Ends,id17941
Lorca,id17942
Lord_Kitchener,id17943
Lord_Of_The_Dance,id17944
Lorde,id17945
Lordi,id17946
Lore_Y_Macu,id17947
Loredana_Berte,id17948
Loredana_Bertè,id17949
Loredana_Errore,id17950
Loredana_Errore_e_Loredana_Berte,id17951
Lorella_Cuccarini,id17952
Loren_Allred,id17953
Lorena,id17954
Lorena_Ot_6,id17955
Lorency_Monsieur_de,id17956
Lorenz_Lemlin,id17957
Lorenzo_Baglioni,id17958
Lorenzo_Fragola,id17959
Lorenzo_Fragola_ft_Gazzelle,id17960
Lorenzo_Jovanotti,id17961
Lorenzo_Perosi,id17962
Lorenzo_Ratti,id17963
Lorenzo_de_Medici,id17964
Loret_Clément,id17965
Loreto_Vittori,id17966
Loretta_Goggi,id17967
Loretta_Lynn,id17968
Loretz_John_M,id17969
Lorna,id17970
Lorrie_Morgan,id17971
Los_Amaya,id17972
Los_Angeles,id17973
Los_Banis,id17974
Los_Bravos,id17975
Los_Brincos,id17976
Los_Bukis,id17977
Los_Caracoles,id17978
Los_Caños,id17979
Los_Centellas,id17980
Los_Chicanos_Del_Sur,id17981
Los_Chichos_Con_Los_Chunguitos,id17982
Los_Copacabana,id17983
Los_Corraleros_De_Majagual,id17984
Los_Cucas,id17985
Los_De_La_Trocha,id17986
Los_Del_Guadalquivir,id17987
Los_Del_Mar,id17988
Los_Del_Rio,id17989
Los_Diablos,id17990
Los_Diablos_Y_Formula_V,id17991
Los_Dos_Españoles,id17992
Los_Embajodoras_Vallenatos,id17993
Los_Enanitos_Verdes,id17994
Los_Fresones_Rebeldes,id17995
Los_Frikis,id17996
Los_Hermandos_Rosario,id17997
Los_Hermanos_Rosario,id17998
Los_Hijos_Del_Rey,id17999
Los_Inhumanos,id18000
Los_Jabaloyas,id18001
Los_Javaloyas,id18002
Los_Kumbia_Kings,id18003
Los_Latin_Brothers,id18004
Los_Lobos,id18005
Los_Lobos__Antonio_Banderas,id18006
Los_Locos,id18007
Los_Lonely_Boys,id18008
Los_Lunnis,id18009
Los_Machucambos,id18010
Los_Manolos,id18011
Los_Marcellos_Ferial,id18012
Los_Marismeños,id18013
Los_Paraguayos,id18014
Los_Payasos,id18015
Los_Pecos,id18016
Los_Pepes,id18017
Los_Puntos,id18018
Los_Rayitos,id18019
Los_Rebeldes__El_Canto_Del_Loco,id18020
Los_Rebujitos,id18021
Los_Rodríguez,id18022
Los_Romeros_De_La_Puebla,id18023
Los_Ronaldos,id18024
Los_Sabandeños,id18025
Los_Secretos,id18026
Los_Sirex,id18027
Los_Sobraos,id18028
Los_Suaves,id18029
Los_Titanes,id18030
Los_Umbrellos,id18031
Los_Van_Van,id18032
Lost_Frequencies,id18034
Lost_Frequencies_ft_James_Blunt,id18035
Lost_Horizon,id18036
Lost_N_Found,id18037
Lost_Prophets,id18038
Lostprophets,id18039
Losy_Gr,id18040
Lot,id18041
Lothar_Nakat_Orchester,id18042
Lotti_Antonio,id18043
Lotus_Eaters,id18044
Lou_Bega,id18045
Lou_Christie,id18046
Lou_Gramm_of_Foreigner,id18047
Lou_Rawls,id18048
Lou_Reed,id18049
Lou_Reed_Mta_Arr,id18050
Lou__The_Hollywood_Bananas,id18051
Loudon_Wainwright_Iii,id18052
Louis,id18053
Louis_Amstrong,id18054
Louis_Armstrong,id18055
Louis_Bonfi,id18056
Louis_Bourgeois,id18057
Louis_Jordan,id18058
Louis_Jordan_And_His_Tympany_Five,id18059
Louis_Kabondo,id18060
Louis_Lambillotte,id18061
Louis_Lewandowski,id18062
Louis_Neefs,id18063
Louis_Prima,id18064
Louis_Spohr,id18065
Louis_St_Louis_Grease_Soundtrack,id18066
Louis_St_Louis__Cindy_Bullens,id18067
Louis_Vierne,id18068
Louis_XIII,id18069
Louisa_Johnson,id18070
Louise,id18071
Louiselle,id18072
Lovas_Imre,id18073
Love,id18074
Love_Affair,id18075
Love_Inc,id18076
Love_Message,id18077
Love_Never_Dies_Cast,id18078
Love_Unlimited,id18079
Loverboy,id18080
Lovie_Austin,id18081
Lovin_Spoonful,id18082
Lowell_Mason,id18083
Lowry_Robert,id18084
Loyset_Compère,id18085
Luc_Steeno,id18086
Luca_Barbarossa,id18087
Luca_Bati,id18088
Luca_Carboni,id18089
Luca_Dirisio,id18090
Luca_Laurenti,id18091
Luca_Madonia__Franco_Battiato,id18092
Luca_Marenzio,id18093
Luca_Napolitano_e_TinkaBelle,id18094
Luca_Sartore,id18095
Luca_Sepe,id18096
Lucas_Grijander,id18097
Lucas__Gea_Hulshof,id18098
Lucenzo_feat_Don_Omar,id18099
Lucho_Hernández,id18100
Lucia_Beltrami,id18101
Luciano_Ligabue,id18102
Luciano_Pavarotti,id18103
Luciano_Pavarotti__Natalie_Cole,id18104
Luciano_Rossi,id18105
Luciano_Tajoli,id18106
Lucie_Silvas,id18107
Luciferme,id18108
Lucille_Starr,id18109
Lucinda_Williams,id18110
Lucio_Barbieri,id18111
Lucio_Battisti,id18112
Lucio_Battisti__Mina,id18113
Lucio_Billi,id18114
Lucio_Dalla,id18115
Lucio_Dalla__Francesco_De_Gregori,id18116
Lucio_Dalla__Mina,id18117
Lucius_Chapin,id18118
Lucky_Car,id18119
Lucky_Star,id18120
Lucky_Twice,id18121
Lucrecia,id18122
Lucretia,id18123
Lucy_Hale,id18124
Ludacris,id18125
Ludacris_Feat_Shawnna,id18126
Ludenhoff_Martin,id18127
Ludovico_Balbi,id18128
Ludovico_Spontoni,id18129
Ludovico_da_Viadana,id18130
Ludwig_Bonvin,id18131
Ludwig_Rotter,id18132
Ludwig_Senfl,id18133
Ludwig_van_Beethoven,id18134
Luigi_Bordèse,id18135
Luigi_Bottazzo,id18136
Luigi_Caracciolo,id18137
Luigi_Cherubini,id18138
Luigi_Denza,id18139
Luigi_Ferdinando_Casamorata,id18140
Luigi_Grechi,id18141
Luigi_Tenco,id18142
Luis_Aguilé,id18143
Luis_Alberto_Spinetta,id18144
Luis_Cobos,id18145
Luis_Eduardo_Aute,id18146
Luis_Enrique,id18147
Luis_Fonsi,id18148
Luis_Fonsi_Y_David_Bisbal,id18149
Luis_Fonsi__Daddy_Yankee_ft_Justin_Bieber,id18150
Luis_Fonsi__Demi_Lovato,id18151
Luis_Fonsi_ft_Daddy_Yankee,id18152
Luis_Fonsi_ft_Ozuna,id18153
Luis_Mariano,id18154
Luis_Miguel,id18155
Luis_Miguel_Del_Amargue,id18156
Luis_Quintero,id18157
Luis_Rodrigo,id18158
Luis_Serra,id18159
Luis_Vicente_Gargallo,id18160
Luis_de_Narváez,id18161
Luisa_Fernandez__Peter_Kent,id18162
Luiz_Bonfa,id18163
Luka,id18164
Lukas_Graham,id18165
Lukas_Osiander,id18166
Luke_Bryan,id18167
Luke_Combs,id18168
Luke_Rochester,id18169
Lulu,id18170
Lumbye_Hans_Christian,id18171
Luna,id18172
Luna_Park,id18173
Luna_Pop,id18174
Luna_Sea,id18175
Lunae,id18176
Lunchmoney_Lewis,id18177
Lundberg_Staffan,id18178
Luniz,id18179
Lupe_Fiasco,id18180
Lupi_Johannes,id18181
Lupo_Thomas,id18182
Lupus_Hellinck,id18183
Luscinius_Ottmar,id18184
Luther_B_Bridgers,id18185
Luther_Vandross,id18186
Luther_Vandross__Janet_Jackson,id18187
Luther_Vandross__Mariah_Carey,id18188
Lutkin_Peter_Christian,id18189
Lutricia_McNeal,id18190
Luv,id18192
Luz_Casal,id18193
Luzzaschi_Luzzasco,id18194
Luzzasco_Luzzaschi,id18195
Lvov_Aleksey,id18196
Lwówczyk_Marcin,id18197
Lyadov_Anatoly,id18198
Lydia_McDonald,id18199
Lyle_Lovett,id18200
Lyman_Abbott,id18201
Lynden_David_Hall,id18202
Lynes_Frank,id18203
Lynn_Anderson,id18204
Lynyrd_Skynyrd,id18205
Lyonnaz_Paul,id18206
Lyra_Justus_Wilhelm,id18207
Lys_Assia,id18208
Lythium,id18209
Léo_Delibes,id18210
Léonin,id18211
Löhlein_Georg_Simon,id18212
Lùnapop,id18213
Lübeck_Vincent,id18214
Lütkemann_Paul,id18215
Lützel_Jakob_Heinrich,id18216
M2M,id18217
MARRS,id18218
MC_Hammer,id18219
MC_Lyte,id18220
MC_Sar__The_Real_McCoy,id18221
MFSB,id18222
MGMT,id18223
MG_Orchestra_Guido__Maurizio_de_Angelis,id18224
MKTO,id18225
MN8,id18226
MXPX,id18227
M_Adzzola,id18228
M_Belknap,id18229
M_E_Williams,id18230
M_K_Jerome,id18231
M_Mycielski,id18232
M_People,id18233
M_Rocco,id18234
Mabuchi_Thiago_Minoru,id18235
Macaco,id18236
Macdowell_Edward,id18237
Macedonio_Alcalá,id18238
Maceo_Pinkard,id18239
Machaut_Guillaume_de,id18240
Machine_Head,id18241
Macklemore_Feat_Ryan_Lewis,id18242
Macque_Giovanni_de,id18243
Macy_Gray,id18244
Mad_Caddies,id18245
Mad_Donna,id18246
Mad_House,id18247
Mad_Season,id18248
Madame__Marracash,id18249
Madasun,id18250
Madcon,id18251
Madcon_ft_Ray_Dalton,id18252
Maddalena_Casulana,id18253
Maddy_Jane,id18254
Madeleine_Peyroux,id18255
Madison_Avenue,id18256
Madness,id18257
Madonna,id18258
Madonna_Feat_Justin_Timberlake,id18259
Madonna__Maluma,id18260
Madonna_ft_Justin_Timberlake,id18261
Mafikizolo,id18262
Mage,id18263
Maggie_Furtak,id18264
Maggie_Reilly,id18265
Magic,id18266
Magic_Affair,id18267
Magic_Strings,id18268
Magic_System,id18269
Magic_Voices,id18270
Magneto,id18271
Mahavishnu_Orchestra,id18272
Maher_William_Joseph,id18273
Mahier,id18274
Mahler_Gustav,id18275
Mahmood,id18276
Mai_Tai,id18277
Maillard_Jean,id18278
Maille,id18279
Mainerio_Giorgio,id18280
Maistre_Jhan,id18281
Maitre_GIMS_ft_Alvaro_Soler,id18282
Major_Harris,id18283
Major_Lazer,id18284
Major_Lazer_ft_Justin_Bieber__MØ,id18285
Major_Lazer_x_DJ_Snake_feat_MO,id18286
Maker_Frederick_C,id18287
Maksim_Sozontovich_Berezovsky,id18288
Mal,id18289
Malcolm_Roberts,id18290
Malena_Gracia,id18291
Malia,id18292
Malika_Ayane,id18293
Malika_Ayane__Paolo_Conte,id18294
Malo,id18295
Malo_Jorge_Santana_,id18296
Malu,id18297
Maluma,id18298
Malurt,id18299
Malvezzi_Cristofano,id18300
Malú,id18301
Mama_Cass,id18302
Mama_Cass_Elliot,id18303
Mamas_Jasje,id18304
Mamas__the_Papas,id18305
Mamba_Dasha,id18306
Mambo_Kings,id18307
Mambo_Maniacs,id18308
Mameli_ft_Alex_Britti,id18309
Mamerts_Celminskis,id18310
Mamma_Mia_Here_We_Go_Again,id18311
Mamonas_Assassinas,id18312
Mana,id18313
Mana_Y_Juan_Luis_Guerra,id18314
Manau,id18315
Mancini,id18316
Mancini_Swing_Waltz,id18317
Mandel_Johnny,id18318
Mando_Diao,id18319
Mandrill,id18320
Mandy_Moore,id18321
Mandy_Moore__Zachary_Levi,id18322
Maneskin,id18323
Manfred_Mann,id18324
Manfred_Manns_Earth_Band,id18325
Manfred__Fanny_Krug,id18326
Manfredini_Vincenzo,id18327
Manger_Bernhard,id18328
Mango,id18329
Mango__Zenima,id18330
Manhattan_Transfer,id18331
Manheim_Steamroller,id18332
Manic_Street_Preachers,id18333
Mannheim_Steamroller,id18334
Manns_Désirée,id18335
Manny_Manuel,id18336
Manoel_Dias_de_Oliveira,id18337
Manolito_Simone,id18338
Manolo_García,id18339
Manolo_Tena,id18340
Manowar,id18341
Mantovani,id18342
Mantronix,id18343
ManuX,id18344
Manu_Chao,id18345
Manu_Dibango,id18346
Manu_Dibangu,id18347
Manu_Tenorio,id18348
Manuel_Aspidi,id18349
Manuel_Cardoso,id18350
Manuel_Carrasco,id18351
Manuel_Egües,id18352
Manuel_José_de_Quirós,id18353
Manuel_M_Ponce,id18354
Manuel_Machado,id18355
Manuel_de_Zumaya,id18356
Manuela,id18357
Manuela_Zanier,id18358
Manzanita,id18359
Maná,id18360
Maná__Zucchero,id18361
Mara,id18362
Mara_Eli,id18363
Marais_Marin,id18364
Marbrianus_de_Orto,id18365
Marc_Almond,id18366
Marc_Almond__Pussycat_Polls,id18367
Marc_Almond_ft_Gene_Pitney,id18368
Marc_Anthony,id18369
Marc_Antoine,id18370
Marc_Aryan,id18371
Marc_Bolan__T_Rex,id18372
Marc_Broussard,id18373
Marc_Cohn,id18374
Marc_Dorsey,id18375
Marc_Hamilton,id18376
Marc_Quintanilla,id18377
Marc_Winter,id18378
Marcabru,id18379
Marcadé,id18380
Marcantonio_Tornioli,id18381
Marcel_Pavel,id18382
Marcela_Morelo,id18383
Marcella_Bella,id18384
Marcello_Alessandro,id18385
Marcello_Benedetto,id18386
Marcels,id18387
Marchetto_Cara,id18388
Marcia_Griffith,id18389
Marcia_Hines,id18390
Marcial_del_Adalid,id18391
Marcin_Leopolita,id18392
Marcin_Mielczewski,id18393
Marco_Antonio_Ingegneri,id18394
Marco_Antonio_Solis,id18395
Marco_Antonio_de_Pordenon,id18396
Marco_Armani,id18397
Marco_Borsato,id18398
Marco_Borsato__Andrea_Bocelli,id18399
Marco_Borsato__Do,id18400
Marco_Borsato__Sita,id18401
Marco_Borsato__Trijntje_Oosterhuis,id18402
Marco_Borsato_and_Lucie_Silvas,id18403
Marco_Borsato_ft_Ali_B,id18404
Marco_Carena,id18405
Marco_Carta,id18406
Marco_Da_Silva,id18407
Marco_Fasano,id18408
Marco_Ferradini,id18409
Marco_Marazzoli,id18410
Marco_Masini,id18411
Marco_Mengoni,id18412
Marco_Molinari,id18413
Marco_Morandi,id18414
Marco_Moretti,id18415
Marco_Sabiu,id18416
Marco_Scacchi,id18417
Marco_Z,id18418
Marco_da_Gagliano,id18419
Marcos_Hernandez,id18420
Marcos_Llunas,id18421
Marcos_Witt,id18422
Marcy_Playground,id18423
Marenzio_Luca,id18424
Margaret_Urlich,id18425
Margie_Rayburn,id18426
Margot_Eskens,id18427
Mari_Trini,id18428
Maria,id18429
Maria_Bello,id18430
Maria_Callas,id18431
Maria_Dolores_Pradera,id18432
Maria_Gadú,id18433
Maria_Luce_Gamboni,id18434
Maria_Luisa_Colombo,id18435
Maria_McKee,id18436
Maria_Montell,id18438
Maria_Muldaur,id18439
Maria_Naumova,id18440
Maria_Nazionale,id18441
Maria_Paris,id18442
Maria_Xaveria_Peruchona,id18443
Mariadele,id18444
Mariah_Carey,id18445
Mariah_Carey__Westlife,id18446
Mariah_Carey__Whitney_Houston,id18447
Mariah_Carey_feat_Boyz_II_Men,id18448
Mariangela,id18449
Marianne_Faithfull,id18450
Marianne_Rosenberg,id18451
Marianne_Weber,id18452
Marianne__Michael,id18453
Mariano_Apicella,id18454
Mariano_Garau,id18455
Marie,id18456
Marie_Claire,id18457
Marie_Laforet,id18458
Marie_Mai,id18459
Marie_N,id18460
Marie_Osmond,id18461
Marie_Widor,id18462
Marie_Wilson,id18463
Mariella_Nava,id18464
Marijn_Van_Duin,id18465
Marillion,id18466
Marilyn_Manson,id18467
Marilyn_Monroe,id18468
Marilyn_Scott,id18469
Marina_Rei,id18470
Marina__the_Diamonds,id18471
Marini_Biagio,id18472
Marino_Barreto,id18473
Marino_Marini,id18474
Mario,id18475
Mario_Abbate,id18476
Mario_Biondi,id18477
Mario_Castelnuovo,id18478
Mario_Frangoulis,id18479
Mario_Gualtieri,id18480
Mario_Lanza,id18481
Mario_Lavezzi,id18482
Mario_Lavezzi__Alexia,id18483
Mario_Lavezzi__Anna_Oxa,id18484
Mario_Lavezzi__Gianni_Morandi,id18485
Mario_Lavezzi_e_Anna_Oxa,id18486
Mario_Merola,id18487
Mario_Merola_e_Rosa_Miranda,id18488
Mario_Musella,id18489
Mario_Rosini,id18490
Mario_Savioni,id18491
Mario_Scucces_e_Donato_Santoianni,id18492
Mario_Tento,id18493
Mario_Tessuto,id18494
Mario_Trevi,id18495
Mario_Venuti,id18496
Mario_Venuti__Carmen_Consoli,id18497
Mario_Winans_Feat_Enya_And_P_Diddy,id18498
Mario_Zelinotti,id18499
Mario_ft_Rich_Boy,id18500
Marion_Meadows,id18501
Marisa_Sannia,id18502
Marisa_Turner,id18503
Marisol,id18504
Marit_Larsen,id18505
Marjorie_Biondo,id18506
Mark_Chapman,id18507
Mark_Chesnutt,id18508
Mark_Cohn,id18509
Mark_Knopfler,id18510
Mark_Knopler,id18511
Mark_Liversidge,id18512
Mark_Lorenz,id18513
Mark_Medlock,id18514
Mark_Medlock__Dieter_Bohlen,id18515
Mark_Morrison,id18516
Mark_Oh,id18517
Mark_Owen,id18518
Mark_Ronson,id18519
Mark_Ronson__Katy_B,id18520
Mark_Ronson_feat_Amy_Winehouse,id18521
Mark_Ronson_ft_Amy_Winehouse,id18522
Mark_Ronson_ft_Bruno_Mars,id18523
Mark_Ronson_ft_Camila_Cabello,id18524
Mark_Ronson_ft_Daniel_Merriweather,id18525
Mark_Ronson_ft_Miley_Cyrus,id18526
Mark_Seymour,id18527
Mark_Snow,id18528
Mark_Wilber_Stewart,id18529
Mark_Williams,id18530
Mark_Wills,id18531
Marko_Tajcevic,id18532
Markus_Partheymüller,id18533
Markus_Pfandler,id18534
Marky_Ramone,id18535
Marlena_Shaw,id18536
Marlene_Dietrich,id18537
Marley_Bob,id18538
Marlon_Bro_Paul_Anderson,id18539
Marmaduke_Overend,id18540
Marmalade,id18541
Maro,id18542
Maroon_5,id18543
Maroon_5_Feat_Wiz_Khalifa,id18544
Maroon_5_feat_Rihanna,id18545
Maroon_5_ft_Cardi_B,id18546
Maroon_5_ft_Kendrick_Lamar,id18547
Maroon_5_ft_Wiz_Khalifa,id18548
Marpurg_Friedrich_Wilhelm,id18549
Marque,id18550
Marquess,id18551
Marquica,id18552
Marquis_Jacques_D,id18553
Marquis_Of_Kensington,id18554
Marra_Gabriele,id18555
Marschner_Adolf_Eduard,id18557
Marshal_Crenshaw,id18558
Marshall_Crenshaw,id18559
Marshall_Tucker_Band,id18560
Marshall_William,id18561
Marshall__Alexander,id18562
Marshall__Hain,id18563
Marshmello__Bastille,id18564
Marshmello__Halsey,id18565
Marta_Sanchez,id18566
Marta_Sánchez,id18567
Martelli_Giulio,id18568
Martha_And_The_Vandellas,id18569
Martha_Davis,id18570
Martha_Munizzi,id18571
Martha_Reeves,id18572
Martha__The_Muffins,id18573
Martha__The_Vandellas,id18574
Marti_Pellow,id18576
Martika,id18577
Martin_Agricola,id18578
Martin_Boettcher_Orchester,id18579
Martin_Böttger,id18580
Martin_Charles,id18581
Martin_Delray,id18582
Martin_Francisco_de_Cruzelaegui,id18583
Martin_Kesici,id18584
Martin_Kingfisher,id18585
Martin_Lauer,id18586
Martin_Luther,id18587
Martin_Madan,id18588
Martin_Neumann,id18589
Martin_Nievera,id18590
Martin_Page,id18591
Martin_Peerson,id18592
Martin_Solveig,id18593
Martin_Solveig_ft_Dragonette,id18594
Martin_Zeuner,id18595
Martina_McBride,id18596
Martina_McBride_ft_Kelly_Clarkson,id18597
Martina_Mc_Bride,id18598
Martina_Stavolo,id18600
Martine_McCutcheon,id18601
Martinenghi_Giovanni,id18603
Martini_Giovanni_Battista,id18604
Martini_Johannes,id18605
Martrina_Mcbride,id18606
Marty_Casey_And_Lovehammers,id18607
Marty_Robbins,id18608
Marty_Stuart,id18609
Marty_Wilde,id18610
Martyr,id18611
Martín_de_Villanueva,id18612
Martín_y_Coll_Antonio,id18613
Martínez_José,id18614
Marusha,id18615
Marvelettes,id18616
Marvin_Gaye,id18617
Marvin_Gaye__Diana_Ross,id18618
Marvin_Gaye__Kim_Weston,id18619
Marvin_Gaye__Tammi_Terrell,id18620
Marvin_Hamlisch,id18621
Mary_Black,id18622
Mary_Chapin_Carpenter,id18623
Mary_Hopkin,id18624
Mary_Hopkins,id18625
Mary_J_Blige,id18626
Mary_J_Blige_Feat_Ja_Rule,id18627
Mary_J_Blige_feat_U2,id18628
Mary_Lambert,id18629
Mary_MacDonald,id18630
Mary_MacGregor,id18631
Mary_Mary,id18633
Mary_Poppins,id18634
Mary_Roos,id18635
Mary_Wells,id18636
María_Del_Monte,id18637
María_Dolores_Pradera,id18638
Mascagni_Pietro,id18639
Maschera_Florentio,id18640
Mason_Lowell,id18641
Mason_William,id18642
Mason_Williams,id18643
Masquerade,id18644
Mass_Production,id18645
Massacration,id18646
Massaino_Tiburtio,id18647
Massenet_Jules,id18648
Massimo_Bubola,id18649
Massimo_Caggiano,id18650
Massimo_Di_Cataldo,id18651
Massimo_Lopez__Mina,id18652
Massimo_Luca,id18653
Massimo_Modugno,id18654
Massimo_Ranieri,id18655
Massimo_Ranieri__Gianni_Morandi,id18656
Massimo_Ranieri__Simona_Molinari,id18657
Massimo_Trojano,id18658
Massive_Attack,id18659
Massun_Ignacio,id18660
Massé,id18661
Master_KG_ft_Nomsebo,id18662
Master_P,id18663
Masterboy,id18664
Masterplan,id18665
Matamoro,id18666
Matari,id18667
Matchbook_Romance,id18668
Matchbox,id18669
Matchbox_20,id18670
Matchbox_Twenty,id18671
Matched,id18672
Mateo_Flecha_el_Joven,id18673
Mateo_Flecha_el_Viejo,id18674
Materia_Prima,id18675
Matheo_de_Dallo_y_Lana,id18676
Mathews_Southern_Comfort,id18677
Mathias_Sohier,id18678
Mathieu_Gascongne,id18679
Mathilde_Santing,id18680
Matia_Bazar,id18681
Matmatah,id18682
Matoma__Enrique_Iglesias,id18683
Matosinhos_Ricardo,id18684
Matraca_Berg,id18685
Matt_Bianco,id18686
Matt_Cardle,id18687
Matt_Corby,id18688
Matt_Flinders,id18689
Matt_Monro,id18690
Matt_Monroe,id18691
Matt_Redman,id18692
Matt_Taylor__Chain,id18693
Matta_João_da,id18694
Mattafix,id18695
Matteis_Nicola,id18696
Matteo_Becucci,id18697
Matteo_Palotta,id18698
Matthaeus_Pipelare,id18699
Mattheson_Johann,id18700
Matthew_Cooke,id18701
Matthew_Guerrieri,id18702
Matthew_Locke,id18703
Matthew_Schellhorn,id18704
Matthew_Wilder,id18705
Matthews_Southern_Comfort,id18706
Matthias_Eckel,id18707
Matthias_Greitter,id18708
Matthias_Herman_Werrecoren,id18709
Matthias_Keller,id18710
Matthias_Reim,id18711
Matthieu_Chedid,id18712
Matthieu_Le_Maistre,id18713
Matías_Juan_de_Veana,id18714
Matías_Ruiz,id18715
Matías_de_Durango,id18716
Mau_Cristiani,id18717
Maude,id18718
Maureen_Mcgovern,id18719
Maurer_Ludwig_Wilhelm,id18720
Maurice_Chevalier,id18721
Maurice_Greene,id18722
Maurice_Jarre,id18723
Maurice_Ravel,id18724
Maurice_White,id18725
Maurizio,id18726
Maurizio_Cazzati,id18727
Maurizio_Lauzi,id18728
Maurizio_Vandelli,id18729
Mauro_Caputo,id18730
Mauro_Di_Maggio,id18731
Mauro_Lusini,id18732
Mauro_Nardi,id18733
Mauro_Picotto,id18734
Mauro_Pilato,id18735
Mauve,id18736
Maverick_Sabre,id18737
Mavericks,id18738
Max_Bruch,id18739
Max_Bygraves_Orkestra,id18740
Max_De_Angelis,id18741
Max_Gazzè,id18742
Max_Greger,id18743
Max_Greger__Orchester,id18744
Max_Lux,id18745
Max_Merritt_And_The_Meteors,id18746
Max_Pezzali,id18747
Max_Pezzali_ft_Nek__Francesco_Renga,id18748
Max_Reger,id18749
Max_Werner,id18750
Maxi_Priest,id18751
Maxime_Le_Forestier,id18752
Maximilian_Guilliaud,id18753
Maxine_Nightingale,id18754
Maxl_Graf,id18755
Maxx,id18756
May_Karl,id18757
Mayday,id18758
Mayer_Hawthorne,id18759
Mayer_John,id18760
Mayfield_Curtis,id18761
Mayflower,id18762
Maylath_Henry,id18763
Maynard_Ferguson,id18764
Mayone_Ascanio,id18765
Maywood,id18766
Mazas_Jacques_Féréol,id18767
Maze,id18768
Maze_feat_Frankie_Beverly,id18769
Mazzy_Star,id18770
Maître_Gims,id18771
Maître_Gosse,id18772
McCartney_Paul,id18773
McCoys,id18774
McEntire_Reba,id18775
McFadden__Whitehead,id18776
McFly,id18777
McFly_ft_Taio_Cruz,id18778
McGibbon_William,id18779
McGranahan_James,id18780
McLean,id18781
Mcbride__The_Ride,id18783
Me_And_My_Girl,id18786
Me__My_Girl,id18787
Me_and_My_Girl_musical,id18788
Meacham_Frank_W,id18789
Meat_Loaf,id18790
Mecano,id18791
Meccano,id18792
Mechelaere_Edward,id18793
Meck_Feat_Leo_Sayer,id18794
Meck_ft_Leo_Sayer,id18795
Meco,id18796
Medley,id18797
Mega_Mindy,id18798
Megadeth,id18799
Megalo,id18800
Megan_McCauley,id18801
Megan_Washington,id18802
Meghan_Trainor,id18803
Meineke_Christopher,id18804
Meirion_Wynn_Jones,id18805
Meja,id18806
Mekelburg_Frauke,id18807
Mel_And_Tim,id18808
Mel_Bonis,id18809
Mel_Brooks,id18810
Mel_Carter,id18811
Mel_Mcdaniel,id18812
Mel__Tim,id18813
Melanie,id18814
Melanie_B,id18815
Melanie_B_ft_Missy_Elliott,id18816
Melanie_C,id18817
Melanie_Cohl,id18818
Melanie_Fiona,id18819
Melanie_Thornton,id18820
Melba_Moore,id18821
Melchior_Franck,id18822
Melchior_Schramm,id18823
Melchior_Teschner,id18824
Melchior_Vulpius,id18825
Melchor_Robledo,id18826
Melendi,id18827
Melendi_Y_La_Hungara,id18828
Melina_Mercouri,id18829
Melinda_Schneider_Feat_Michael_Carr,id18830
Melissa_Etheridge,id18831
Melissa_Manchester,id18832
Melitta_Berg,id18833
Mellancamp_John,id18834
Melocos,id18835
Melody,id18836
Melody_Gardot,id18837
Members_Of_Mayday,id18838
Memo_Remigi,id18839
Memphis_The_Musical,id18840
Men_At_Work,id18841
Men_Without_Hats,id18842
Mena_Massoud__Naomi_Scott,id18844
Mendelssohn,id18845
Mendelssohn_Arnold,id18846
Mendelssohn_Felix,id18847
Mendoza_y_Cortés_Quirino,id18848
Menegali,id18849
Mengoli_Annibale,id18850
Menkveld_Jan_Willem,id18851
Meno_Uno,id18852
Mental_As_Anything,id18853
Merchant_Natalie,id18854
Merche,id18855
Merche_Cuadrado,id18856
Mercyful_Fate,id18857
Meredith_Brooks,id18858
Meri_Cetinic,id18859
Merit_Woodruff,id18860
Merkel_Gustav_Adolf,id18861
Merle_Haggard,id18862
Merle_Haggard__George_Jones,id18863
Merrilee_Rush,id18864
Mertens_Jos,id18865
Mertz_Johann_Kaspar,id18866
Merula_Tarquinio,id18867
Merulo_Claudio,id18868
Merv_Benton,id18869
Messaus_Guillielmus,id18870
Metal_Gear_Solid,id18871
Metallica,id18872
Methfessel_Albert_Gottlieb,id18873
Metro_Station,id18874
Mexican_Mariachi_Band,id18875
Meyer_George_W,id18876
Meyer_Gregor,id18877
Mezzoforte,id18878
Mi_Casa,id18880
Mia_Martini,id18881
Miami_Sound_Machine,id18882
Mica_Paris,id18883
Mica_Paris__Will_Downing,id18884
Micaela,id18885
Micha_Marah,id18886
Michael_Altenburg,id18887
Michael_Andersen,id18888
Michael_Andrews_ft_Gary_Jules,id18889
Michael_Ball,id18890
Michael_Bolton,id18891
Michael_Buble,id18892
Michael_Buble__Idina_Menzel,id18893
Michael_Buble__Nelly_Furtado,id18894
Michael_Buble__Tony_Bennett,id18895
Michael_Buble_feat_Bryan_Adams,id18896
Michael_Buble_ft_Black_Thought,id18897
Michael_Buble_ft_Meghan_Trainor,id18898
Michael_Buble_ft_Reese_Witherspoon,id18899
Michael_Buble_with_Boyz_II_Men,id18900
Michael_Buble_with_Ivan_Lins,id18901
Michael_Bublé,id18902
Michael_Cavendish,id18903
Michael_Chacon,id18904
Michael_Chacón,id18905
Michael_Crawford,id18906
Michael_Deiss,id18907
Michael_East,id18908
Michael_English,id18909
Michael_Falck,id18910
Michael_Franks,id18911
Michael_Franks__Brenda_Russell,id18912
Michael_Franti__Spearhead,id18913
Michael_Franti__Spearhead_ft_Jovanotti,id18914
Michael_George,id18915
Michael_Haller,id18916
Michael_Hermesdorff,id18917
Michael_Hirte,id18918
Michael_Holliday,id18919
Michael_Holm,id18920
Michael_J_Oczko,id18921
Michael_Jackson,id18922
Michael_Jackson_Feat_Justin_Timberlake,id18923
Michael_Jackson_Ft_Akon,id18924
Michael_Jackson__Akon,id18925
Michael_Johnson,id18927
Michael_Kiwanuka,id18928
Michael_Kraf,id18929
Michael_Learns_To_Rock,id18930
Michael_Leuchtenberger,id18932
Michael_Martin_Murphey,id18933
Michael_Martin_Murphy,id18934
Michael_McDonald,id18935
Michael_McDonald__Patti_Labelle,id18936
Michael_Monroe,id18939
Michael_Montgomery,id18940
Michael_Ortega,id18941
Michael_Pesenti,id18942
Michael_Praetorius,id18943
Michael_Sembello,id18944
Michael_W_Smith,id18945
Michael_Wendler,id18946
Michael_Winikoff,id18947
Michael_Wise,id18948
Michael_Zager_Band,id18949
Michaels_Beatbox,id18950
Michal_Marcin_Mioduszewski,id18951
Michel_Angelo_Cancineo,id18952
Michel_Delpech,id18953
Michel_Delpeche,id18954
Michel_Fugain,id18955
Michel_Lambert,id18956
Michel_Laurent,id18957
Michel_Legrand,id18958
Michel_Polnareff,id18959
Michel_Sardou,id18960
Michel_Teló,id18961
Michelangelo_Grancini,id18962
Michele,id18963
Michele_Bravi,id18964
Michele_Carrara,id18965
Michele_Novaro,id18966
Michele_Pecora,id18967
Michele_Richard,id18968
Michele_Saladino,id18969
Michele_Varotto,id18970
Michele_Zanoni,id18971
Michele_Zarillo,id18972
Michele_Zarrillo,id18973
Micheli_Domenico,id18974
Michelle,id18975
Michelle_Branch,id18976
Michelle_McManus,id18977
Michelle_Shocked,id18979
Michelle_Wright,id18980
Michi_Y_Su_Combo_Bravo,id18981
Mick_Flavin,id18982
Mick_Jagger,id18983
Mick_Jagger__David_Bowie,id18984
Mick_Swithinbank,id18985
Mickey_Gilley,id18986
Mickey__Sylvia,id18987
Mico_Richard,id18988
Middle_Of_The_Road,id18989
Midge_Ure,id18991
Midland,id18992
Midnight_Oil,id18993
Midnight_Star,id18994
Mieke,id18995
Mieke__Dennie_Christian,id18996
Miele,id18997
Mietta,id18998
Mighty_Dub_Kats,id18999
Mighty_Mighty_Bosstones,id19000
Mighty_Sparrow__Byron_Lee,id19001
Miguel_Aceves_Mejías,id19002
Miguel_Angel_Munoz,id19003
Miguel_Arnaudas_Larrodé,id19004
Miguel_Bose,id19005
Miguel_Bose_Y_Alaska,id19006
Miguel_Bose_Y_Bimba_Bose,id19007
Miguel_Bose_Y_Julieta_Venegas,id19008
Miguel_Bosé,id19009
Miguel_Bosé_feat_Shakira,id19010
Miguel_Cuni,id19011
Miguel_Gallardo,id19012
Miguel_Nández,id19013
Miguel_Rios,id19014
Miguel_Ríos,id19015
Miguel_Ríos_Y_Manolo_García,id19016
Miguel_Ríos_Y_Maná,id19017
Miguel_Saez,id19018
Miguel_a_Sague_Jr,id19019
Mihail,id19020
Mihimal_G_T,id19021
Mika,id19022
Mike_And_The_Mechanics,id19023
Mike_Batt,id19024
Mike_Brady,id19025
Mike_Brady_Two_Man_Band,id19026
Mike_Curb_Congregation,id19027
Mike_Denver,id19028
Mike_Flowers_Pops,id19029
Mike_Francis,id19030
Mike_Krüger,id19031
Mike_Liddell__Gli_Atomi,id19032
Mike_Oldfield,id19033
Mike_Posner,id19034
Mike_Post,id19035
Mike_Redway,id19036
Mike_Stern,id19037
Mike_Viola,id19038
Mike__The_Mechanics,id19039
Mikel_Erentxun,id19042
Mikey_Spice,id19043
Mikolaj_Zielenski,id19044
Milan_Uherek,id19045
Miles_Davis,id19046
Miley_Cyrus,id19047
Militello_Sergio,id19048
Milk_Inc,id19049
Milk_and_Sugar,id19050
Milky,id19051
Milky_Chance,id19052
Millane_Fernandez,id19053
Millencolin,id19054
Miller,id19055
Miller_Edward,id19056
Millie,id19057
Millie_Jackson,id19058
Millie_Small,id19059
Mills_Brothers,id19060
Mills_Kerry,id19061
Milly,id19062
Milo_Pavlovic,id19063
Milow,id19064
Milton,id19065
Milton_Sr_John,id19066
Milva,id19067
Mily_Balakirev,id19068
Milán_Luis,id19069
Mimmo_Locasciulli,id19070
Mina,id19071
Mina__Beppe_Grillo,id19072
Mina__Celentano,id19073
Mina__Cocciante,id19074
Mina__Fabrizio_De_André,id19075
Mina__Ivano_Fossati,id19076
Mina_e_Adriano_Celentano,id19077
Mina_e_Piero_Pelù,id19078
Mina_e_Renato_Zero,id19079
Mina_feat_Afterhours,id19080
Mindy_Mcready,id19081
Mini_Viva,id19082
Ministri,id19083
Ministry,id19084
Ministry_Of_Sound,id19085
Minnie_Riperton,id19086
Minnie_Ripperton,id19087
Mino_Ranieri,id19088
Mino_Reitano,id19089
Mino_Vergnaghi,id19090
Mint_Condition,id19091
Mint_Royale,id19092
Miramontes_José_Hilario,id19093
Miranda_Lambert,id19094
Mireille_Mathieu,id19095
Mireille_Mathieu__Patrick_Duffy,id19096
Miriam_Makeba,id19097
Miriana_Trevisan_Non_è_la_Rai,id19098
Miroslav_Skoro,id19099
Misfits,id19100
Misia,id19101
Miss_600,id19102
Miss_Montreal,id19103
Missiego,id19104
Mississippi,id19105
Missy_Elliott,id19106
Missy_Higgins,id19107
Mister_John,id19108
Misty_Oldland,id19109
Mita_Medici,id19110
Mitch_Miller,id19111
Mitch_Ryder__The_Detroit_Wheels,id19112
Mitch_Ryder_and_the_Detroit_Wheels,id19113
Mitchel_David_Federan,id19114
Mittantier,id19115
Mix_Noemi__Emma,id19116
Moby,id19118
Mocedades,id19119
Mock_Turtles,id19120
Moda,id19121
Modern_English,id19122
Modern_Romance,id19123
Modern_Talking,id19124
Modest_Mouse,id19125
Modestia_Aparte,id19126
Modjo,id19127
Modà,id19128
Modà_ft_Emma_Marrone,id19129
Modà_ft_Jarabe_de_Palo,id19130
Moe_Bandy,id19131
Moenia,id19132
Moffat_Alfred,id19133
Moffatts,id19134
Mogens_Pedersøn,id19135
Mogol_Audio2,id19136
Mogwai,id19137
Mojinos_Escocíos,id19138
Mojinos_Escozíos,id19139
Molella,id19140
Molinaro_Simone,id19141
Molinet_Jean,id19142
Molltaler,id19143
Molly_Hatchet,id19144
Moloko,id19145
Molotov,id19146
Moltheni,id19147
Moment_of_Truth,id19148
Monaco_James_Vincent,id19149
Moncada,id19150
Moncho,id19151
Monchy_Y_Alexandra,id19152
Mondo_Marcio_ft_Mina,id19153
Mondo_Rock,id19154
Mondrup_Christian,id19155
Moneda_Dura,id19156
Monferrato_Natale,id19157
Mongo_Santamaria,id19158
Monica,id19159
Monica_Naranjo,id19160
Monica_Sarnelli,id19161
Monica_Sarnelli__Carlo_Famularo,id19162
Monifah,id19163
Monika_Martin__Nockalm_Quintett,id19164
Monk_William_Henry,id19165
Monkey_Circus,id19166
Mono_Inc,id19167
Monodia,id19168
Monseigneur_di_Scadre,id19169
Monster_Magnet,id19170
Montanara_Chor,id19171
Montanara_Symphonie_Orchester,id19172
Montanari_Antonio_Maria,id19173
Montber_J_de,id19174
Montell_Jordan,id19175
Montería_Swing,id19176
Monteverdi_Claudio,id19177
Montgomery_Gentry,id19178
Montgomery_Lourdes_C,id19179
Montgommery_Gentry,id19180
Monti,id19181
Monty_Norman,id19182
Monty_Python,id19183
Mood_feat_Juliette,id19184
Moody_Blues,id19185
Moonspell,id19186
Moony,id19187
Moore_Thomas,id19188
Moorhuhn,id19189
Morales_Cristóbal_de,id19190
Morcheeba,id19191
Morel,id19192
Moreno,id19193
Moreno_Carlo,id19194
Moreno_De_Verde_Luna,id19195
Morgan,id19196
Morgan_Evans,id19197
Moritz_Brosig,id19198
Moritz_Hauptmann,id19199
Moritz_Landgraf_von_Hessen,id19200
Morlacchi_Francesco,id19201
Morley_Thomas,id19202
Mormon_Tabernacle_Choir,id19203
Morpain,id19204
Morris_Albert,id19205
Morris_Albert__Mietta,id19206
Morris_Avenue_Band,id19207
Morris_Leila,id19208
Morrison_Van,id19209
Morrissey,id19210
Morrissey__Billie_Joe_Armstrong,id19211
Mortaro_Antonio,id19212
Mortician,id19213
Morton_Jelly_Roll,id19214
Moscheles_Ignaz,id19215
Moses,id19216
Moszkowski_Moritz,id19217
Moti_Special,id19218
Motley_Crue,id19219
Motoori_Nagayo,id19220
Motorace,id19221
Motowns,id19222
Mott_The_Hoople,id19223
Motta,id19224
Moulin_Rouge,id19225
Moulin_Rouge_Cast,id19226
Mourey_Colette,id19227
Mousse_T__Emma_Lanford,id19228
Mousse_T_vs_HotNJuicy,id19229
Mouth__MacNeal,id19230
Mouton_Jean,id19231
Move,id19232
Moving_Pictures,id19233
Mozaiek,id19234
Mozaiek__Walter_Grootaers,id19235
Mozart_Leopold,id19236
Mozart_Wolfgang_Amadeus,id19237
Mp2,id19238
Mr_Acker_Bilk,id19239
Mr_Acker_Bilk_His_Clarinet__Strings,id19240
Mr_Ambo,id19241
Mr_Big,id19242
Mr_Bloe,id19243
Mr_Konrad,id19244
Mr_Mister,id19245
Mr_Mo,id19246
Mr_Oizo,id19247
Mr_President,id19248
Mr_Probz,id19249
Mta_Productions,id19250
Muchachito,id19251
Mucio_Effrem,id19252
Mud,id19253
Mudarra_Alonso,id19254
Muddy_Waters,id19255
Mudvayne,id19256
Muffat_Georg,id19257
Mulzer_Marco,id19258
Mumford__Sons,id19259
Mundy,id19260
Mundy_William,id19261
Mundy__Sharon_Shannon,id19262
Mungo_Jerry,id19263
Muppets_Most_Wanted,id19264
Muratt_Cauê,id19265
Murray_Head,id19266
Murray_James_Ramsey,id19267
Murschhauser_Franz_Xaver,id19268
Musch_Antonio,id19269
Muse,id19270
Muset_Colin,id19271
Musette_Divers,id19272
Music_Instructor,id19273
Music_Instructor_feat_Flying_Steps,id19274
Musica,id19275
Musical_Annie,id19276
Musical_De_kleine_zeemeermin,id19277
Musical_Romeo_en_Julia,id19278
Musici_Napoletani,id19279
Musique_Boutique,id19280
Mussorgsky_Modest,id19281
Mustel_Alphonse,id19282
My_Bloody_Valentine,id19284
My_Chemical_Romance,id19285
My_Dying_Bride,id19286
My_Fair_Lady,id19287
My_Fair_Lady_musical,id19288
My_Friend_The_Chocolate_Cake,id19289
Mya,id19290
Myles_Birket_Foster,id19291
Myron_Floren,id19292
Myrstad_Jan_K,id19293
Mystery_Jets,id19294
Mystic,id19295
Mystikal,id19296
Márton_Jakobey,id19297
Måns_Zelmerlöw,id19298
Métru_Nicolas,id19299
Música_De_Circo,id19300
Müller,id19301
Müller_August_Eberhard,id19302
Müller_Georg_Gottfried,id19303
Münchener_Freiheit,id19304
Münchner_Zwietracht,id19305
NA,id19306
NCCP,id19307
NERD,id19308
NOFX,id19309
NRG_MC,id19310
NTS,id19311
NWA,id19312
NYCC,id19313
N_Gimble_C_Fox,id19314
N_Sync,id19315
N_Trance_Feat_Rod_Stewart,id19316
Nachbaur_Fred,id19318
Nada,id19319
Nada_Surf,id19320
Nadia,id19321
Nadiya,id19322
Nahid_Hassan,id19323
Nair,id19324
Nakatomi,id19325
Nakayama_Shinpei,id19326
Naked_Eyes,id19327
Nana,id19328
Nana_Mouskouri,id19329
Nancy_Hayes,id19330
Nancy_Sinatra,id19331
Nancy_Sinatra__Lee_Hazlewood,id19332
Nanino_Giovanni_Maria,id19333
Nanà,id19334
Naomi_Campbell,id19335
Naomi_Scott,id19336
Narada_Michael_Walden,id19337
Nario,id19338
Narita_Tamezō,id19339
Narváez_Luys_de,id19340
Nasco_Giovanni,id19341
Nash,id19342
Nash_Charles_B,id19343
Nashville_cast,id19344
Nasty,id19345
Nat_Kendrick,id19346
Nat_King_Cole,id19347
Nat_King_Cole__Count_Basie,id19348
Nat_Stuckey,id19349
Natale_Galletta,id19350
Natale_Monferrato,id19351
Natalia,id19352
Natalia_Estrada,id19353
Natalia_Oreiro,id19354
Natalia_Y_Melocos,id19355
Natalia_meets_En_Vogue,id19356
Natalie_Cole,id19357
Natalie_Gauci,id19358
Natalie_Goossens,id19359
Natalie_Imbruglia,id19360
Natalie_Umbruglia,id19361
Natalino_Otto,id19362
Natasha_Bedingfield,id19363
Natasja,id19364
Nate_James,id19365
Nate_Ruess,id19366
Nathalie,id19367
Nathalie_Geudens,id19368
Nathan_Carter,id19369
Nathan_Cavilleri,id19370
Nathaniel_Giles,id19371
Nathaniel_Patrick,id19372
Natural_Born_Killers_The,id19373
Naughty_Boy_ft_Beyonce__Arrow_Benjamin,id19374
Naughty_By_Nature,id19375
Naujalis_Juozas,id19376
Naumann_Johann_Gottlieb,id19377
Navajita_Plateá,id19378
Nayer_ft_Pitbull__Mohombi,id19379
Nazareth,id19380
Nazareth_Ernesto,id19381
Neal_McCoy,id19382
Ned_Miller,id19384
Neelkamal_Singh,id19385
Neffa,id19386
Negramaro,id19387
Negramaro__Elisa,id19388
Negrita,id19389
Nehemiah_Shumway,id19390
Nehls_Ulrich,id19391
Neidlinger_William_Harold,id19392
Neighbours,id19393
Neil_Davy,id19394
Neil_Diamond,id19395
Neil_Hefti,id19396
Neil_Moret,id19397
Neil_Sedaka,id19398
Neil_Young,id19399
Neja,id19400
Nek,id19401
Nek_Balli_di_gruppo,id19402
Nell,id19403
Nello_Daniele,id19404
Nelly,id19405
Nelly_Feat_City_Spud,id19406
Nelly_Feat_Tim_Mcgraw,id19407
Nelly_Furtado,id19408
Nelly__Jaheim,id19409
Nelly_feat_Kelly_Rowland,id19410
Nelson_Diaz_Lauzurica,id19411
Nelson_Riddle,id19412
Nelson_Tavares,id19413
Nena,id19414
Nena_Daconte,id19415
Neneh_Cherry,id19416
Nenna_Pomponio,id19417
Neon_Trees,id19418
Nephew,id19419
Neri_per_caso,id19420
Nerina_Pallot,id19421
Nervo_ft_Kylie_Jake_Shears__Nile_Rodgers,id19422
Neumane_Antonio,id19423
Nevermore,id19424
Nevin_Ethelbert,id19425
New_Band,id19426
New_Dada,id19427
New_Era,id19428
New_Found_Glory,id19429
New_Hope_Club,id19430
New_Kids_On_The_Block,id19431
New_Life,id19433
New_Life_Worship,id19434
New_Mission,id19435
New_Order,id19436
New_Radicals,id19437
New_Trolls,id19438
New_Trolls__Greta,id19439
New_Vaudeville_Band,id19440
Newsboys,id19441
Newton,id19442
Newton_Faulkner,id19443
Next_One,id19444
Niall_Horan,id19445
Niccolò_Fabi,id19446
Niccolò_Fabi_Daniele_Silvestri__Max_Gazzè,id19447
Niccolò_Fabi_e_Max_Gazzè,id19448
Nice_Little_Penguins,id19449
Niche,id19450
Nichelmann_Christoph,id19451
Nichol_H_Ernest,id19452
Nicholas_Brady,id19453
Nicholas_De_Angelis,id19454
Nicholas_Strogers,id19455
Nicholson_Richard,id19456
Nick_And_Jay,id19457
Nick_Austin,id19458
Nick_Berry,id19459
Nick_Carter,id19460
Nick_Gilder,id19461
Nick_Jonas,id19462
Nick_Jonas_ft_Tove_Lo,id19463
Nick_Kamen,id19464
Nick_Kershaw,id19465
Nick_Lowe,id19466
Nick_Mackenzie,id19467
Nick_OTeen__Al_K_Hole,id19468
Nick_Straker_Band,id19469
Nick__Jay,id19470
Nickelback,id19471
Nicki,id19472
Nicki_French,id19473
Nicki_Minaj,id19474
Nickleback,id19475
Nicky_Jam__Enrique_Iglesias,id19476
Nicky_Nicolai__Stefano_Di_Battista,id19477
Nicky_Nicolai__Stefano_Di_Battista_jazz_quartet,id19478
Nico_Fidenco,id19479
Nico_Haak,id19480
Nico_Tirone_dei_Gabbiani,id19481
Nico__Vinz,id19482
Nico_e_i_Gabbiani,id19483
Nicola_Arigliano,id19484
Nicola_Congiu,id19485
Nicola_De_Pane,id19486
Nicola_Di_Bari,id19487
Nicola_Parma,id19488
Nicola_Piovani,id19489
Nicola_Vicentino,id19490
Nicolaes_Craen,id19492
Nicolai_Philipp,id19493
Nicolas,id19494
Nicolas_Couturier,id19495
Nicolas_Dalayrac,id19496
Nicolas_Gombert,id19497
Nicolas_Lemmens,id19498
Nicolas_Merques,id19499
Nicolas_Pagnier,id19500
Nicolas_Rogier,id19501
Nicolas_Saboly,id19502
Nicolas_de_Angelis,id19503
Nicolas_de_Marle,id19504
Nicolas_de_Wismes,id19505
Nicolaus_Adam_Strungk,id19506
Nicolaus_Zangius,id19507
Nicole,id19508
Nicole_Kidman_Moulin_Rouge,id19509
Nicole_Kidman__Ewan_Mcgregor,id19510
Nicole_Regnes,id19511
Nicole_Scherzinger,id19512
Nicole__Hugo,id19513
Nicolette_Larson,id19514
Nicolle_des_Celliers_de_Hesdin,id19515
Nicolo_Coradino,id19516
Nicolo_Peruve,id19517
Nie_Er,id19518
Niegowski_Krzysztof,id19519
Niel_Diamond,id19520
Niels_Brinck,id19521
Niels_Wilhelm_Gade,id19522
Niels_William,id19523
Nielsen_Carl,id19524
Niemen,id19525
Nifoloa,id19526
Night,id19527
Night_Ranger,id19528
Nightcrawlers,id19529
Nightwish,id19530
Nik_Kershaw,id19531
Nik_P,id19532
Nik__Jay,id19533
Niki_French,id19534
Nikka_Costa,id19535
Nikki,id19536
Nikki_Webster,id19537
Nikko_Smith,id19538
Nikla,id19539
Nikolai_Kedrov,id19540
Nikolaus_Betscher,id19541
Nikolaus_Decius,id19542
Nilla_Pizzi,id19543
Nilsson,id19544
Nina_Simone,id19545
Nina_Zilli,id19546
Nina_Zilli_e_Giuliano_Palma,id19547
Nine,id19548
Nine_Days,id19549
Nine_Inch_Nails,id19550
Nini_Rosso,id19551
Nino_Bravo,id19552
Nino_Buonocore,id19553
Nino_DAngelo,id19554
Nino_Ferrer,id19555
Nino_Fiore,id19556
Nino_Manfredi,id19557
Nino_Rosso,id19558
Nino_Rota,id19559
Nino_Taranto,id19560
Nino_Tempo_And_April_Stevens,id19561
Nino_de_Angelo,id19562
Ninot_le_Petit,id19563
Nirvana,id19564
Nitin_Sawhney,id19565
Nitti__Agnello,id19566
Nitty_Gritty_Dirt_Band,id19567
Nizlopi,id19568
Niña_Pastori,id19569
No_Angels,id19570
No_Doubt,id19571
No_Fear_feat_Van_Thomas,id19572
No_Means_No,id19573
No_Mercy,id19574
Noa,id19575
Noah,id19576
Noah_and_the_Whale,id19577
Nobuaki_Izawa,id19578
Nockalm_Quintett,id19579
Noel_Bauldeweyn,id19580
Noel_Coward__Gertrude_Lawrence,id19581
Noel_Cowcher,id19582
Noel_Gallaghers_High_Flying_Birds,id19583
Noel_Jones,id19584
Noelia,id19585
Noemi,id19586
Noemi_e_Fiorella_Mannoia,id19587
Noir_Désir,id19588
Noisettes,id19589
Noiseworks,id19590
Nola_Giovanni_Domenico_da,id19591
Nolans,id19592
Noll_Jürgen,id19593
Nomadi,id19594
Nomadi__Zucchero,id19595
Nomansland,id19596
Nomeansno,id19597
Non_Stop_Dancers,id19598
Noordkaap,id19599
Norah_Jones,id19600
Norbert_Lederbauer,id19601
Norman_Brown,id19602
Norman_Conners,id19603
Norman_Connors,id19604
Norman_Greenbaum,id19605
Norman_Hutchins,id19606
Norman_Wisdom,id19607
Normand_Marc_Roger,id19608
Normie_Rowe,id19609
Norther,id19610
Norworth_Jack,id19611
Notic,id19612
Notorious_BIG,id19613
Novaro_Michele,id19615
Novaspace,id19616
Novecento,id19617
Noyon_Joseph,id19618
Noé_Faignient,id19619
Nsync,id19620
Nubia,id19621
Nucia_Natali,id19622
Nuclear_Assault,id19623
Nuclear_Dawn,id19624
Nuel,id19625
Nugent_Ted,id19626
Numan_Gary,id19627
Nunca_Feat_Pat_Krimson,id19628
Nunzia_Gretone,id19629
Nunzio_Fiore,id19630
Nunzio_Gallo,id19631
Nuova_Compagnia_di_Canto_Popolare,id19632
Nuovi_Angeli,id19633
Nuraghi,id19634
Nuria_Fergó,id19635
Nusch,id19636
Nutile_Emmanuele,id19637
Nuttin_But_Stringz,id19638
Nycholas_Maia,id19639
Nylon,id19640
Nyv,id19641
Nägeli_Hans_Georg,id19642
O,id19643
OBryan,id19644
OMC,id19645
OMD,id19646
ORO,id19647
O_Town,id19648
Oak_Ridge_Boys,id19649
Oaklahoma,id19650
Oar_Of_A_Revolution,id19651
Oasis,id19652
Objetivo_Birmania,id19653
Obk,id19654
Obrecht_Jacob,id19655
Obrien,id19656
Ocean,id19657
Ocean_Colour_Scene,id19658
Oceana,id19659
Ockeghem_Johannes,id19660
Ocsmith,id19661
Octopus,id19662
Odell_Herbert_Forrest,id19663
Odesza,id19664
Odyssey,id19665
Oesten_Theodore,id19666
Off_Side,id19667
Offenbach,id19668
Offenbach_Jacques,id19669
Offspring,id19670
Offspring_The,id19671
Ogiński_Michał_Kleofas,id19672
Ohio_Express,id19673
Oingo_Boingo,id19674
Okano_Teiichi,id19675
Okeover_John,id19676
Oklahoma,id19677
Ol55,id19678
Olaf_Henning,id19679
Old_Crow_Medicine_Show,id19680
Ole_Bull,id19681
Oleta_Adams,id19682
Oley_Johann_Christoph,id19683
Olga_Tañon,id19684
Olive,id19685
Olive_Bice,id19686
Oliver,id19687
Oliver_Arthur_King,id19688
Oliver_Brownson,id19689
Oliver_Cheatham,id19690
Oliver_Holden,id19691
Oliver_Onions,id19692
Oliver_Shaw,id19693
Olivera_Jose_Antonino,id19694
Oliveria_Prescott,id19695
Olivia_Newton_John,id19696
Olly_Murs,id19697
Olly_Murs_ft_Flo_Rida,id19698
Olly_Murs_ft_Louisa_Johnson,id19699
Olly_Murs_ft_Rizzle_Kicks,id19700
Olly_Murs_ft_Travie_McCoy,id19701
Olmos_Jorge,id19702
Olsen_Brothers,id19703
Olter_Marcus,id19704
Olvera_Moises,id19705
Olé_Olé,id19706
Omar,id19707
Omar_Pedrini,id19708
Ombretta_Colli,id19709
Ome_Henk,id19712
Omi,id19713
Omi_felix_Jaehn_Remix,id19714
Onda_Vaselina,id19715
One,id19716
OneRepublic,id19717
OneRepublic_ft_Tiziano_Ferro,id19718
One_Direction,id19719
One_Night_Only,id19720
One_True_Voice,id19721
Onmyouza,id19723
Onofrio_Antenoreo,id19724
Onslow_George,id19725
Ooby_Dooby,id19726
Oomph,id19727
Opera,id19728
Operacion_Triunfo,id19729
Operacion_Triunfo_1,id19730
Operacion_Triunfo_4,id19731
Operación_Triunfo_2,id19732
Operation_Ivy,id19733
Ophèlie_Winter,id19734
Opitiis_Benedictus_de,id19735
Opium,id19736
Opus,id19737
Orange_Blue,id19738
Orazio_Benevoli,id19739
Orazio_Griffi,id19740
Orazio_Nantermi,id19741
Orazio_Vecchi,id19742
Orbital,id19743
Orchester_Ambros_Seelos,id19744
Orchester_Anthony_Ventura,id19745
Orchester_Bert_Kaempfert,id19746
Orchester_Klaus_Hallen,id19747
Orchester_Mantovani,id19748
Orchester_Marc_Alpina,id19749
Orchester_Martin_Böttcher,id19750
Orchester_Paul_Biste,id19751
Orchester_Ricci_Ferra,id19752
Orchester_Roberto_Delgado,id19753
Orchestra_Franco_Bagutti,id19754
Orchestra_Italiana,id19755
Orchestral_Manoeuvres_In_The_Dark_OMD,id19756
Ordinary_Boys,id19757
Orfeo_Vecchi,id19758
Organ_Version,id19759
Orgy,id19760
Orianthi,id19761
Orientall,id19762
Orietta_Berti,id19763
Original_Alpenland_Quintett,id19764
Original_Cast_2011,id19765
Original_Tv_Soundtrack,id19766
Original_USA_Gospel_Choir,id19767
Orishas,id19768
Oriwoh_Edewede,id19769
Orlando_Gibbons,id19770
Orlando_di_Lasso,id19771
Orleans,id19772
Orleya,id19773
Orme,id19774
Ornella_Vanoni,id19775
Ornella_Vanoni__Burt_Bacharach,id19776
Ornella_Vanoni__Carmen_Consoli,id19777
Ornella_Vanoni__Eros_Ramazzotti,id19778
Ornella_Vanoni__Gepi,id19779
Ornella_Vanoni__Gino_Paoli,id19780
Ornella_Vanoni__Jovanotti,id19781
Ornella_Vanoni__Mina,id19782
Ornella_Vanoni__Toquinho,id19783
Ornella_Vanoni_feat_Pooh,id19784
Orologio_Alessandro,id19785
Orphan,id19786
Orquesta_Alcatráz,id19787
Orquesta_Gato_Negro,id19788
Orquesta_Guayacan,id19789
Orquesta_Maravella,id19790
Orquesta_Mira_Quien_Baila,id19791
Orquesta_Mondragon,id19792
Orquesta_Oasis,id19793
Orquesta_Plateria,id19794
Orquesta_Santiago,id19795
Orquesta_Tenerife,id19796
Orquestra_Maravella,id19797
Orquestra_Plateria,id19798
Ortiz_Diego,id19799
Orville_Peck__Shania_Twain,id19800
Osbert_Parsley,id19801
Osbourne_Ozzy,id19802
Oscar_Ahnfelt,id19803
Oscar_Harris,id19804
Oscar_Peterson_Trio,id19805
Oscar_Sandberg,id19806
Oscar_Santos,id19807
Oscar_Van_Durme,id19808
Oscar_Wagner,id19809
Oscar_dLeon,id19810
Oshea,id19811
Osiander_Lucas,id19812
Osibisa,id19813
Oskar_Pasch,id19814
Oswald_Andreas,id19815
Oswald_James,id19816
Ot_2008,id19817
Otago,id19818
Otero_Alfredo_Nicolás,id19819
Othmayr_Caspar,id19820
Otierre,id19821
Otilio_Portal,id19822
Otis_Day__the_Knights,id19823
Otis_Redding,id19824
Ottawan,id19825
Ottmar_Liebert,id19826
Otto_Brandenburg,id19827
Otto_Goldschmidt,id19828
Otto_Olsson,id19829
Otto_Valerius,id19830
Otto_W__Eva_Hassmann,id19831
Ottowan,id19832
Our_Daughters_Wedding,id19833
Our_Lady_Peace,id19834
Outhere_Brothers_The,id19835
Outkast,id19836
Outlandish,id19837
Outlaws,id19838
Overkill,id19839
Owen_Paul,id19840
Owl_City,id19841
Owl_City_Feat_Carly_Rae_Jepsen,id19842
Owl_City__Yuna,id19843
Ozark_Henry_ft_Elisa,id19844
Ozias_Thurston_Linley,id19845
Ozomatli_Feat_Jack_Johnson,id19846
Ozzy,id19847
Ozzy_Osbourne,id19848
Ozzy__Kelly_Osbourne,id19849
Ozéas_de_Carvalho_Lima,id19850
P,id19851
PFM,id19852
PFM_Premiata_Forneria_Marconi,id19853
PFM__Fabrizio_De_André,id19854
PJ_Proby,id19855
POD,id19856
PP_Arnold,id19857
PSY,id19858
P_Bex,id19859
P_Eppink,id19860
P_Lion,id19861
Paa_Slaget_12,id19862
Pablo_Alboran,id19863
Pablo_Cruise,id19864
Pachelbel_Charles_Theodore,id19865
Pachelbel_Johann,id19866
Pachulski_Henryk,id19867
Pacifico_feat_Gianna_Nannini,id19868
Pacifico_ft_Malika_Ayane,id19869
Paco_Aguiler,id19870
Padovano_Annibale,id19871
Padre_Alfonso_Maria_Parente,id19872
Padre_Narciso_da_Milano,id19873
Paez_Y_Sabina,id19874
Pagani_Francesco,id19875
Paganini_Niccolò,id19876
Pagliara_Rocco,id19877
Pago,id19878
Pago_e_Franco_Califano,id19879
Paien_Gioan,id19880
Paige_Ohara_And_Robby_Benson,id19881
Paige__Dickson,id19882
Pain,id19883
Pain_Of_Salvation,id19884
Paine_John_Knowles,id19886
Paisiello_Giovanni,id19887
Paix_Jakob,id19888
Pal_Esterhazy,id19889
Palestrina,id19890
Palestrina_Giovanni_Pierluigi_da,id19891
Paloma_Faith,id19892
Paloma_San_Basilio,id19893
Pam_Tillis,id19894
Pamela_Williams,id19895
Paminger_Leonhard,id19896
Panda,id19897
Pandemonium,id19898
Panic_At_the_Disco,id19899
Panjabi_MC,id19900
Pantera,id19901
Panther_the,id19902
Paola_Folli,id19903
Paola_Turci,id19904
Paola__Chiara,id19905
Paolo_Agostini,id19906
Paolo_Animuccia,id19907
Paolo_Aretino,id19908
Paolo_Bellasio,id19909
Paolo_Belli,id19910
Paolo_Bozzi,id19911
Paolo_Carta,id19912
Paolo_Conte,id19913
Paolo_Frescura,id19914
Paolo_Isnardi,id19915
Paolo_Jannacci,id19916
Paolo_Masnelli,id19917
Paolo_Meneguzzi,id19918
Paolo_Mengoli,id19919
Paolo_Nutini,id19920
Paolo_Pandolfo,id19921
Paolo_Quagliati,id19922
Paolo_Quagliato,id19923
Paolo_Salvatore,id19924
Paolo_Scotto,id19925
Paolo_Simoni,id19926
Paolo_Spoladore,id19927
Paolo_Tarditi,id19928
Paolo_Teodori,id19929
Paolo_Tosti,id19930
Paolo_Vallesi,id19931
Paolo_Virchi,id19932
Papa_Roach,id19933
Papen_Petrus,id19934
Paper_Lace,id19935
Pappa_Bear,id19936
Pappo,id19937
Paps_N_Skar,id19938
Papy_N,id19939
Paquita_La_Del_Barrio,id19940
Paradies_Pietro_Domenico,id19941
Paradis_Maria_Theresia_von,id19942
Paradise_Lost,id19943
Paradise_Love_Squad_feat_Oli_P,id19944
Paradisi,id19945
Paradisio,id19946
Paraissio,id19947
Paramore,id19948
Pariah,id19949
Parkside_Pugs,id19950
Parmalee,id19951
Parov_Stelar,id19952
Parra_For_Cuva,id19953
Parry_Charles_Hubert_Hastings,id19954
Parry_Joseph,id19955
Parsley_Osbert,id19956
Parsons_Project_Alan,id19957
Parsons_Robert,id19958
Partners_in_Kryme,id19959
Parton_Harris__Ronstadt,id19960
Party_All_Stars,id19961
Partyvision_feat_Myra,id19962
Pasadenas,id19963
Pascal_Danel,id19964
Pascal_Feat_Karen_Parry,id19965
Pascal_Picard,id19966
Paschal_de_LEstocart,id19967
Pasión_Vega,id19968
Pasodoble,id19969
Pasquale_Pisari,id19970
Pasquale_Tristabocca,id19971
Pasquini_Bernardo,id19972
Pasquini_Ercole,id19973
Passenger,id19974
Passengers,id19975
Passereau_Pierre,id19976
Passilongo_Ciro_Roberto,id19977
Passion_Fruit,id19978
Passion__Gun,id19979
Pastora,id19980
Pastora_Soler,id19981
Pat_Benatar,id19982
Pat_Boone,id19983
Pat_Krimson,id19984
Pat_Martino,id19985
Pat_Metheny,id19986
Pat_Metheny_Group,id19987
Pat_Wilson,id19988
Patavino_Francesco,id19989
Pater_Moeskroen,id19990
Patience__Prudence,id19991
Pato_Banton_Featuring_Ub40,id19992
Pato_Banton_feat_UB40,id19993
Patrice,id19994
Patrice_Rushen,id19995
Patricia_Kaas,id19996
Patricia_Manterola,id19997
Patrick_Feeney,id19998
Patrick_Hernandez,id19999
Patrick_Juvet,id20000
Patrick_Lindner,id20001
Patrick_Naumann,id20002
Patrick_Osullivan,id20003
Patrick_Samson,id20004
Patrick_Swayze,id20005
Patrick_Yandall,id20006
Patrick__Carina,id20007
Patrizia_Laguidara,id20008
Patrizio,id20009
Patrizio_Buanne,id20010
Patrizio_Sandrelli,id20011
Patsy_Cline,id20012
Patti_Austin,id20013
Patti_Drew,id20014
Patti_LaBelle,id20015
Patti_Page,id20017
Patti_Paige,id20018
Patti_Smith,id20019
Pattie_Page,id20020
Pattison_Thomas_Mee,id20021
Patty_Austin,id20022
Patty_Brard__Ome_Henk,id20023
Patty_Hill,id20024
Patty_Loveless,id20025
Patty_Pravo,id20026
Patty_Pravo__Briga,id20027
Patty_Pravo__Vasco_Rossi,id20028
Paul,id20029
Paul_Anka,id20030
Paul_Anka_And_Odia_Coates,id20031
Paul_Baloche,id20032
Paul_Brown__Marc_Antoine,id20033
Paul_Carrack,id20034
Paul_Davis,id20035
Paul_De_Leeuw,id20036
Paul_Desmond,id20037
Paul_Décha,id20038
Paul_Giamatti__Arnold_McCuller,id20039
Paul_Gilbert,id20040
Paul_Hofhaimer,id20041
Paul_Homberger,id20042
Paul_Jackson,id20043
Paul_Johnson,id20044
Paul_Jones,id20045
Paul_Kelly,id20046
Paul_Kuhn,id20047
Paul_Leo_Söhner,id20048
Paul_Lécot,id20049
Paul_Mauriat,id20050
Paul_Mauriat__Orchestra,id20051
Paul_McCartney,id20052
Paul_McCartney__Michael_Jackson,id20053
Paul_McCartney__Stevie_Wonder,id20054
Paul_McCartney__The_Wings,id20055
Paul_Mccartney_And_Wings,id20058
Paul_Michiels,id20059
Paul_Mounsey,id20060
Paul_Oakenfold,id20061
Paul_Peuerl,id20062
Paul_Rosas,id20063
Paul_Severs,id20064
Paul_Simon,id20065
Paul_Stetsenko,id20066
Paul_Stookey,id20067
Paul_Taylor,id20068
Paul_Thorn,id20069
Paul_Weller,id20070
Paul_Williams,id20071
Paul_Young,id20072
Paul__Paula,id20073
Paula_Abdul,id20075
Paula_Cole,id20076
Paulina_Rubio,id20077
Paulito,id20078
Paulo_Nutini,id20079
Paumann_Conrad,id20080
Pavarotti,id20081
Pavel_Chesnokov,id20082
Paërti_Angelo,id20083
Pe_Werner,id20084
Peabo_Bryson,id20085
Peabo_Bryson__Roberta_Flack,id20086
Peace_Albert_Lister,id20087
Peaches__Herb,id20088
Pearl,id20089
Pearl_Jam,id20090
Pease_Harry,id20091
Pedersøn_Mogens,id20092
Pedro_Aranaz_y_Vides,id20093
Pedro_Bermúdez,id20094
Pedro_Elias_Gutierrez,id20095
Pedro_Fernández_de_Castilleja,id20096
Pedro_Guerra,id20097
Pedro_Infante,id20098
Pedro_Laza_Y_Sus_Pelayeros,id20099
Pedro_Nolasco_Estrada_Aristondo,id20100
Pedro_Rabaza,id20101
Pedro_de_Cristo,id20102
Pedro_de_Escobar,id20103
Pedro_de_Heredia,id20104
Peerson_Martin,id20105
Peggy_Lee,id20106
Peggy_March,id20107
Peggy_Zina,id20108
Pelayo_Melvin,id20109
Pelham_Humfrey,id20110
Pellegrini_Vincenzo,id20111
Pellegrune_Symon,id20112
Pendulum,id20113
Penny_McLean,id20114
Pennywise,id20115
People,id20116
People_United,id20117
Peoples_Choice,id20118
Peor_Imposible,id20119
Pepa,id20120
Pepe_Lienhard_Orchestra,id20121
Peppe_Brio,id20122
Peppercorn,id20123
Peppino_Di_Capri,id20124
Peppino_Di_Capri__Fred_Bongusto,id20125
Peppino_Di_Capri__Gigi_Proietti__Stefano_Palatresi,id20126
Peppino_Gagliardi,id20127
Pepusch_John_Christopher,id20129
Peraza_Francisco_de,id20130
Percentonetto,id20131
Percy_Faith,id20132
Percy_Sledge,id20133
Percy_Wenrich,id20134
Perez_Prado,id20135
Perfume,id20136
Pergolesi_Giovanni_Battista,id20137
Perience,id20138
Perissone_Cambio,id20139
Perkins_Carl,id20140
Permiso_Extraordinario,id20141
Perplexer,id20142
Perry_Como,id20143
Perti_Giacomo_Antonio,id20144
Perullo_Ludovico,id20145
Pescetti_Giovanni_Battista,id20146
Pesenti_Martino,id20147
Pestalozza_Alberto,id20148
Pet_Shop_Boys,id20149
Pet_Shop_Boys_ft_Years__Years,id20150
Pete_Doherty,id20151
Pete_Murray,id20152
Pete_Rodriguez,id20153
Pete_Tex,id20154
Pete_Townshend,id20155
Peter,id20156
Peter_Abrahamsen,id20157
Peter_Alexander,id20158
Peter_Allen,id20159
Peter_And_Gordon,id20160
Peter_Andersen__Claus_Christensen,id20161
Peter_Andre,id20162
Peter_Andre_ft_Warren_G,id20163
Peter_Auty,id20164
Peter_Beil,id20165
Peter_Belli,id20166
Peter_Bird,id20167
Peter_Blanker,id20168
Peter_C_Lutkin,id20169
Peter_Cetera,id20170
Peter_Cornelius,id20171
Peter_Dodds_McCormick,id20172
Peter_Frampton,id20173
Peter_Gabriel,id20174
Peter_Griesbacher,id20175
Peter_Henn,id20176
Peter_Hinnen,id20177
Peter_Hofmann,id20178
Peter_Holm,id20179
Peter_Idool_2003_winner,id20180
Peter_Jacques_Band,id20181
Peter_Kay_as_Geraldine_McQueen,id20182
Peter_Kent,id20183
Peter_Koelewijn,id20184
Peter_Kraus,id20185
Peter_Kreuder,id20186
Peter_Maffay,id20187
Peter_Maffay__Yothu_Yindi,id20188
Peter_Nero,id20189
Peter_Orloff,id20190
Peter_P_Bilhorn,id20191
Peter_Paul_And_Mary,id20192
Peter_Philips,id20193
Peter_Piel,id20194
Peter_Ram,id20195
Peter_Reid,id20196
Peter_Salata,id20197
Peter_Sarstedt,id20198
Peter_Sellers,id20199
Peter_Skellern,id20200
Peter_Steinbach,id20201
Peter_Sue__Marc,id20202
Peter_Thomas_Orchester,id20203
Peter_Van_Wood,id20204
Peter_Vesth,id20205
Peter_Viskinde,id20206
Peter_Warlock,id20207
Peter_White,id20208
Peter_Yost,id20209
Peter__De_Andre_Kopier,id20210
Peter_de_Koning,id20212
Peter_van_Laet,id20213
Petite_Meller,id20214
Petra,id20215
Petra_Frey,id20216
Petra_Magoni,id20217
Petrali_Vincenzo,id20218
Petrucci_John,id20219
Petrus_Wilhelmi_de_Grudencz,id20220
Petty_Tom,id20221
Petty_Tom__The_Heartbreakers,id20222
Petula_Clark,id20223
Peuerl_Paul,id20224
Pevernage_André,id20225
Peyer_Johann_Baptist,id20226
Pezel_Johann_Christoph,id20227
Pezold_Christian,id20228
Pfeiffer_Johann,id20229
Pfeil_Heinrich,id20230
PhD,id20231
Phalèse_Pierre,id20232
Phantom_Blues_Band,id20233
Pharao,id20234
Pharrell_Williams,id20235
Pharrell_Williams__Camila_Cabello,id20236
Phats__Small,id20237
Phil_Carmen,id20238
Phil_Collins,id20239
Phil_Collins__Philip_Bailey,id20240
Phil_Hird,id20241
Phil_Kelsall,id20242
Phil_Lynott__Thin_Lizzy,id20243
Phil_Perry,id20244
Phil_Spector,id20245
Phil__Co,id20246
Phile_Philip,id20247
Philibert_Jambe_de_Fer,id20248
Philidor_Pierre_Danican,id20249
Philidor_lainé_André_Danican,id20250
Philip_Armes,id20251
Philip_DeWalt,id20252
Philip_Hayes,id20253
Philip_King,id20254
Philip_Le_Bas,id20255
Philip_Legge,id20256
Philip_Phile,id20257
Philip_van_Wilder,id20258
Philipp_Dulichius,id20259
Philipp_Jacob_Baudrexel,id20260
Philippe,id20261
Philippe_Benoist,id20262
Philippe_Duc,id20263
Philippe_Rameau,id20264
Philippe_Robrecht,id20265
Philippe_Rogier,id20266
Philippe_Verdelot,id20267
Philippe_de_Monte,id20268
Philips_Peter,id20269
Phillip_Phillips,id20270
Phillips_Montague_Fawcett,id20271
Philomena_Begley,id20272
Phoebe_Cates,id20273
Phyllis_Hyman,id20274
Phyllis_Nelson,id20275
Pia_Ortkaer,id20276
Pian_Rozzladil,id20277
Piano_Fantasia,id20278
Piaser_Julien,id20279
Picard_Pascal,id20280
Picchi_Giovanni,id20281
Picchianti_Luigi,id20282
Piccolo_Coro_dellAntoniano,id20283
Picture_This,id20284
Pidò_Massimiliano,id20285
Pierangelo_Bertoli,id20286
Piercing,id20287
Pierdavide_Carone,id20288
Pierné_Gabriel,id20289
Piero_Benedetti,id20290
Piero_Ciampi,id20291
Piero_Focaccia,id20292
Piero_Marras,id20293
Piero_Mazzocchetti,id20294
Piero_Pelù,id20295
Pierpont_James,id20296
Pierre,id20297
Pierre_Attaingnant,id20298
Pierre_Bonhomme,id20299
Pierre_Certon,id20300
Pierre_Clereau,id20301
Pierre_Colin,id20302
Pierre_Groscolas,id20303
Pierre_La_Fage,id20304
Pierre_Maniez,id20305
Pierre_Moulu,id20306
Pierre_Passereau,id20307
Pierre_Sandrin,id20308
Pierre_Vermont,id20309
Pierre_de_Manchicourt,id20310
Pierre_de_Villiers,id20311
Pierre_de_la_Rue,id20312
Pierrequin_de_Thérache,id20313
Piet_Piraat,id20314
Piet_Veerman,id20315
Pietasters,id20316
Pietro_Amico_Giacobetti,id20317
Pietro_Andrea_Bonini,id20318
Pietro_Domenico_Paradisi,id20319
Pietro_Pontio,id20320
Pietro_Ragno,id20321
Pietro_Vinci,id20322
Pignoise,id20323
Pignoise_Y_Melendi,id20324
Pigram_Brothers,id20325
Pikotaro,id20326
Pilkington_Francis,id20327
Pilot,id20328
Pimpinela,id20329
Pincapallina,id20330
Pink,id20331
Pink_Feat_Nate_Ruess,id20332
Pink_Floyd,id20333
Pink_Martini,id20334
Pink_feat_Indigo_Girls,id20335
Pink_ft_Nate_Ruess,id20336
Pinkard_Maceo,id20337
Pinkfong,id20338
Pino_Daniele,id20339
Pino_Daniele_e_Giorgia,id20340
Pino_Donaggio,id20341
Pino_Mauro,id20342
Pino_Pugliese,id20343
Pinocchio,id20344
Pio,id20345
Piotta,id20346
Pipelare_Matthaeus,id20347
Pippo_Caruso,id20348
Pippo_Franco,id20349
Pirates_Of_Mississippi,id20350
Pirates_of_the_Mississippi,id20351
Piroye_Charles,id20352
Pita_ft_Baz_Shockproof__Drei,id20353
Pitbull,id20354
Pitbull_ft_Jennifer_Lopez,id20355
Pitingo,id20356
Pitoni_Giuseppe_Ottavio,id20357
Pitty,id20358
Pitura_Freska,id20359
Piula_College,id20360
Pixie_Lott,id20361
Pixie_Lott_ft_Jason_Derulo,id20362
Pixie_Lott_ft_Pusha_T,id20363
Pixies,id20364
Pjproby,id20365
Pla_Joan_Baptista,id20366
Pla_José,id20367
Placebo,id20368
Placido_Domingo,id20369
Plain_White_Ts,id20370
Plan_B,id20371
Planet_Funk,id20372
Planet_P_Project,id20373
Plastic_Beltrand,id20374
Plastic_Bertrand,id20375
Plastico,id20376
Platero_Y_Tu,id20377
Platters,id20378
Platti_Giovanni_Benedetto,id20379
Play,id20380
Playa_Rouge,id20381
Playahitty,id20382
Player,id20383
Player_A,id20384
Playford_John,id20385
Pleyel_Ignaz,id20386
Pobdon_Nfp,id20387
Pochy_Coco_Van,id20388
Pochy_Familia,id20389
Poco,id20390
Poco_Loco_Gang,id20391
Podbielski_Jan,id20392
Podder_Shombit_Kumar,id20393
Poglietti_Alessandro,id20394
Point_Of_Grace,id20395
Pointer_Sisters,id20396
Poison,id20397
Poli_Chavez_y_sus_Coronados,id20398
Police,id20399
Police_The,id20400
Pollack_Lew,id20401
Polle_Eduard,id20402
Polleri_Giovanni_Battista,id20403
Pollio_Antonio,id20404
Pompeo_Cannicciari,id20405
Pomponio_Nenna,id20406
Ponce_Juan,id20407
Ponce_Manuel,id20408
Pooh,id20409
Pop_Tops,id20410
Popular,id20411
Popular_Judío,id20412
Popular_Mexicano,id20413
Porcupine_Tree,id20414
Porgy__Bess,id20415
Porpora_Nicola_Antonio,id20416
Porretas,id20417
Port_Adelaide_Football_Club_Song,id20418
Porta_Costanzo,id20419
Portishead,id20420
Portnoff_Leo,id20421
Portugal_The_Man,id20422
Posch_Isaac,id20423
Post_Malone,id20424
Post_Malone__Swae_Lee,id20425
Post_Modern_Jukebox,id20426
Postmodern_Jukebox,id20427
Postmodern_Jukebox_ft_Haley_Reinhart,id20428
Postmodern_Jukebox_ft_Hannah_Gill,id20429
Poul_Bundgard,id20430
Poulsen_Brian_Stenger,id20431
Povia,id20432
Powderfinger,id20433
Powerman_5000,id20434
Pozzo_Vincenzo_dal,id20435
Pozzoli_Eugenio,id20436
Pquadro,id20437
Praeger_Ferdinand,id20438
Praetorius_Bartholomaeus,id20439
Praetorius_Hieronymus,id20440
Praetorius_Michael,id20441
Praise_Cats,id20442
Prefab_Sprout,id20443
Prefisso,id20444
Prelleur_Peter,id20445
Prentzel_Johannes,id20446
Presidents_Of_The_USA,id20447
Presidents_Of_The_United_States_Of_America,id20448
Preston_Thomas,id20450
Presuntos_Implicados,id20451
Pretty_Poison,id20452
Prezioso,id20453
Prezioso_feat_Marvin,id20454
Pride_Of_Erin_Waltz,id20455
Primal_Scream,id20456
Primavera_Giovan_Leonardo,id20457
Primus,id20458
Prince,id20459
Prince_Buster,id20460
Prince_Ital_Joe,id20461
Prince_Royce,id20462
Prince__Sheena_Easton,id20463
Princessa,id20464
Priscilla_Ahn,id20465
Proclaim_Kids,id20466
Proclaimers,id20467
Procol_Harum,id20468
Prodigy,id20469
Prodigy_The,id20470
Profeti,id20471
Prokofiev,id20472
Propaganda,id20473
Propellerheads,id20474
Propellerheads_Feat_Shirley_Bassey,id20475
Propellerheads_ft_Shirley_Bassey,id20476
Proyecto_1,id20477
Proyecto_Uno,id20478
Prudent_Émile,id20479
Psalm_100,id20480
Pseudo_Echo,id20481
Psychedelic_Furs,id20483
Pua,id20484
Puccini_Giacomo,id20485
Puddle_Of_Mudd,id20486
Puff_Daddy,id20488
Puff_Daddy__Faith_Evans,id20489
Puff_Daddy_feat_Jimmy_Page,id20490
Puff_Johnson,id20491
Pulici_Ignatio,id20492
Pulp,id20493
Pump_Boys_And_Dinettes_Cast,id20494
Punkreas,id20495
Pupo,id20496
Pur,id20497
Purcell_Daniel,id20498
Purcell_Henry,id20499
Purday_Charles_Henry,id20500
Pure_Prairie_League,id20501
Pussycat,id20502
Pussycat_Dolls,id20503
Pussycat_Dolls_ft_william,id20504
Pylle_Og_Mik,id20505
Pyotr_Ilyich_Tchaikovsky,id20506
Pyrus,id20507
Python_Lee_Jackson,id20508
Pérez_Joseph,id20509
Périlhou_Albert,id20510
Pérotin,id20511
Pēteris_Sarkans,id20512
Q_Connection,id20513
Qed,id20514
Quagliati_Paolo,id20515
Quantz_Johann_Joachim,id20516
Quarterflash,id20517
Quartetto_Cetra,id20518
Quartz,id20519
Quattrocentocolpi,id20520
Queco,id20521
Queen,id20522
Queen_Dance_Traxx_ft_Captain_Jack,id20523
Queen_Esther_Marrow__The_Harlem_Gospel_Singers,id20524
Queen__David_Bowie,id20525
Queens_Of_The_Stone_Age,id20526
Queens_of_Stone_Age,id20527
Queensryche,id20528
Quelli,id20529
Quickstep,id20530
Quidant_Alfred,id20531
Quiet_Riot,id20532
Quijano,id20533
Quilter_Roger,id20534
Quincy_Jones,id20535
Quincy_Jones_ft_James_Ingram,id20536
Quincy_Jones_ft_Ray_Charles__Chaka_Khan,id20537
Quintiliano_Quaranta,id20538
Quintorigo,id20539
Quirici_Giovanni,id20540
Quirino_Gasparini,id20541
Quisisona,id20542
REM,id20543
REO_Speedwagon,id20544
RE_Hudson,id20545
RG,id20546
RICHIE_LIONEL,id20547
RIKI,id20548
RMB,id20549
ROBO_feat_Ichiro_Mizuki,id20550
R_B_Greaves,id20551
R_E_M,id20552
R_Kelly,id20553
R_Ranjay_Music_Official,id20554
R_Schumann,id20555
Racer_X,id20556
Racey,id20557
Rachael_Yamagata,id20558
Rachel,id20559
Rachel_Platten,id20560
Rachel_Stevens,id20561
Rachmaninoff,id20562
Rachmaninoff_Sergei,id20563
Rachmaninov,id20564
Rachmaninov_Sergei,id20565
Rackemann_Friedrich_Christian,id20566
Racquet_Charles,id20567
Radio_Futura,id20568
Radio_Globo,id20569
Radiohead,id20570
Radney_Foster,id20571
Raf,id20572
Raf__Umberto_Tozzi,id20573
Rafa_Villalba,id20574
Rafael_Antonio_Castellanos,id20575
Rafael_Hernandez,id20576
Rafael_Sales_Arantes,id20577
Rafael_Álvarez_Ovalle,id20578
Raff_Joachim,id20579
Raffaele_Castielli,id20580
Raffaella_Carra,id20581
Raffaella_Carrà,id20582
Raffaella_Carrà__Bob_Sinclar,id20583
Raffaella_Cavalli,id20584
Raffaello_Rontani,id20585
Raffy_Louis,id20586
Ragan_Whiteside_ft_Patrice_Rushen,id20587
Ragazzi_Italiani,id20588
Rage,id20589
Rage_Against_The_Machine,id20590
Ragga_Time,id20592
RagnBone_Man,id20593
Ragner__Country_Service,id20594
Rah_Band,id20595
Raimundo_Amador,id20596
Rainbow,id20597
Rainhard_Fendrich,id20598
Raiz,id20599
Rajig,id20600
Ralf_Bendix,id20601
Ralph_MacDonald,id20602
Ralph_McTell,id20604
Ralph_Vaughan_Williams,id20605
Ram_Jam,id20606
Ramazotti,id20607
Ramin_Djawadi,id20608
Ramirez,id20609
Ramiro_Real,id20610
Rammstein,id20611
Ramones,id20612
Ramones_The,id20613
Ramses_Shaffy,id20614
Ramsey_Lewis,id20615
Ramsey_Lewis_Trio,id20616
Ramón_Ayala,id20617
Ramón_Biosca,id20618
Rancid,id20619
Randy_Crawford,id20620
Randy_Meisner,id20621
Randy_Newman,id20622
Randy_Travis,id20623
Randy_VanWarmer,id20624
Raoul_Casadei,id20626
Raoult,id20627
Raphael,id20628
Raphael_Gualazzi,id20629
Rare_Bird,id20630
Rare_Earth,id20631
Rascal_Flatts,id20632
Rascel,id20633
Raselius_Andreas,id20634
Rasmus,id20635
Rasmus_Noehr,id20636
Raspberries,id20637
Rata_Blanca,id20638
Ratt,id20639
Rauch_Andreas,id20640
Raul_Malo,id20641
Raul_Malo_The_Mavericks,id20642
Raulequin_de_Mol,id20643
Raulin,id20644
Raulin_Rodriguez,id20645
Ravasenga_Carlo,id20646
Ravel_Maurice,id20647
Ravenscroft_John,id20648
Ravenscroft_Thomas,id20649
Raverii_Alessandro,id20650
Ravina_Jean_Henri,id20651
Rawls_Lou,id20652
Ray_Anthony,id20653
Ray_Barretto,id20654
Ray_Brown__The_Whispers,id20655
Ray_Charles,id20656
Ray_Charles_And_Norah_Jones,id20657
Ray_Charles_Jake__Elwood,id20658
Ray_Charles__Natalie_Cole,id20659
Ray_Charles__The_Blues_Brothers,id20660
Ray_Charles_with_Diana_Krall,id20661
Ray_Charles_with_Elton_John,id20662
Ray_Charles_with_James_Taylor,id20663
Ray_Charles_with_Norah_Jones,id20664
Ray_Columbus__The_Invaders,id20665
Ray_Connif,id20666
Ray_Conniff,id20667
Ray_Dylan,id20668
Ray_Gelato,id20669
Ray_Gomez,id20670
Ray_Kennedy,id20671
Ray_Martin_Singers,id20672
Ray_Mcvay_And_His_Orchestra,id20673
Ray_Palmer,id20674
Ray_Parker_Jnr,id20675
Ray_Parker_Jr,id20676
Ray_Peterson,id20677
Ray_Price,id20678
Ray_Richards,id20679
Ray_Sepulveda,id20680
Ray_Stevens,id20681
Raya_Real,id20682
Raydio,id20683
Raydio_Ray_Parker_Jr,id20684
Raymond_Froggatt,id20685
Raymond_Lefèvre_Orchestra,id20686
Raymond_van_het_Groenewoud,id20687
Razorlight,id20688
Raúl,id20689
Rb_Greaves,id20690
Rbd_Rebelde,id20691
Ready_for_the_World,id20692
Real_Life,id20693
Real_McCoy,id20694
Real_Suarez,id20696
Reamonn,id20697
Reamonn_feat_Xavier_Naidoo,id20698
Reba_McEntire,id20699
Rebecca,id20701
Rebecca_Black,id20702
Rebecca_Ferguson,id20703
Rebel_Hands,id20704
Rebelo_José_Eduardo,id20705
Red_Canzian,id20706
Red_Foley,id20707
Red_Hot_Chili_Peppers,id20708
Red_Hot_Chilli_Peppers,id20709
Red_River_Rockn_Rollers,id20710
Red_Vincent_Hurley,id20711
Redbone,id20712
Redding_Otis,id20713
Redford_John,id20714
Redgum,id20715
Redman,id20716
Redner_Lewis_H,id20717
Rednex,id20718
Reef,id20719
Reel_2_Real,id20720
Reel_Big_Fish,id20721
Regard__RAYE,id20722
Regenboog_trio,id20723
Reger_Max,id20724
Reggae_Version,id20725
Regi__Bart_Peeters,id20726
Regina_Belle,id20727
Reginald_Libert,id20728
Reginald_Spofforth,id20729
Regis_Philbin,id20730
Regnart_Jacob,id20731
Reicha_Anton,id20732
Reichardt_Johann_Friedrich,id20733
Reichardt_Louise,id20734
Reiche_Gottfried,id20735
Reimondo_Ballestra,id20736
Reimund_Hess,id20737
Reincidentes,id20738
Reincken_Johann_Adam,id20739
Reinecke_Carl,id20740
Reiners_Paul_Douglas,id20741
Reinhard_Keiser,id20742
Reinhard_Mey,id20743
Relient_K,id20744
Rembrandts_The,id20746
Remo_Germani,id20747
Remy_Shand,id20748
Renaissance,id20749
Renan_Luce,id20750
Renato_Carosone,id20751
Renato_Pareti,id20752
Renato_Rascel,id20753
Renato_Zero,id20754
Renato_Zero_con_Mario_Biondi,id20755
Renato_dei_Profeti,id20756
Rene_Froger,id20757
Rene_Grothmann,id20758
Rene_Olstead,id20759
Rene_Schuurmans,id20760
Renee_Geyer,id20761
Renee_Olstead,id20762
Renee_Zellweger,id20763
Renee_Zellweger_Chicago_Film_Cast,id20764
Renee__Renata,id20765
Renee__Renato,id20766
Renegades,id20767
Renner_Joseph,id20768
Rent,id20769
Rent_Soundtrack,id20770
Rentarō_Taki,id20771
Renzo_Arbore,id20772
Renzo_Arbore_e_Frassica,id20773
Renzo_Arbore_e_lOrchestra_Italiana,id20774
Renzo_Bracesco,id20775
René_Froger,id20776
René_Schuurmans,id20777
Replay,id20779
Republica,id20780
Requiebros,id20781
Reservoir_Dogs,id20782
Resinarius_Balthasar,id20783
Respect_feat_Hannah_Jones,id20784
Restless_Heart,id20785
Retro_Rockets,id20786
Rettore,id20787
Rex,id20788
Rex_Gildo,id20789
Rhapsody,id20790
Rhapsody_of_Fire,id20791
Rheinberger_Josef_Gabriel,id20792
RhymesWorldHindi,id20793
Rhythm_Kings,id20794
Rhythm_Sophie__Tom_Stormy_Trio,id20795
Ria_Valk,id20796
Ribelli,id20797
Ric_Gerty,id20798
Ric_Ocasek,id20799
Ricardo_Arjona,id20800
Ricardo_Montaner,id20801
Riccardo_Cocciante,id20802
Riccardo_Del_Turco,id20803
Riccardo_Fogli,id20804
Ricchi__Poveri,id20805
Ricchi_e_Poveri,id20806
Riccio_Giovanni_Battista,id20807
Rice_and_Beans_Orchestra,id20808
Rich_Charlie,id20809
Richard_Allison,id20810
Richard_Anthony,id20811
Richard_Ashcroft,id20812
Richard_Ayleward,id20813
Richard_Brown,id20814
Richard_Carlton,id20815
Richard_Clapton,id20816
Richard_Clayderman,id20817
Richard_Clayderman__James_Last__His_Orchestra,id20818
Richard_Damon,id20819
Richard_Dering,id20820
Richard_Edwards,id20821
Richard_Elliot,id20822
Richard_Farrant,id20823
Richard_Garbett,id20824
Richard_Harris,id20825
Richard_Hawley,id20826
Richard_John_Samuel_Stevens,id20827
Richard_Leveridge,id20828
Richard_Marx,id20829
Richard_Nicholson,id20830
Richard_Norris,id20831
Richard_Partridge,id20832
Richard_Pygott,id20833
Richard_Quesnel,id20834
Richard_R_Terry,id20835
Richard_Ragnvald,id20836
Richard_S_Willis,id20837
Richard_Sampson,id20838
Richard_Sanderson,id20839
Richard_Sheppard,id20840
Richard_Smert,id20841
Richard_Strauss,id20842
Richard_Strutt,id20843
Richard_Taylor,id20844
Richard_Wagner,id20845
Richard_Woodward,id20846
Richard_Worgan,id20847
Richard_X_vs_Liberty_X,id20848
Richard_de_Lalande,id20849
Richie_Sambora,id20851
Richmond_Football_Club_Song,id20852
Richter_Ferdinand_Tobias,id20853
Rick_Astley,id20854
Rick_Astley_Tischmusikversion,id20855
Rick_Dees__His_Cast_of_Idiots,id20856
Rick_Guard,id20857
Rick_James,id20858
Rick_Nelson,id20859
Rick_Pino,id20860
Rick_Springfield,id20861
Rick_Trevino,id20862
Rickie_Lee_Jones,id20863
Ricky_Dillard__New_G,id20864
Ricky_Gianco,id20865
Ricky_King,id20866
Ricky_Martin,id20867
Ricky_Martin__Christina_Aguilera,id20868
Ricky_Martin__Madonna,id20869
Ricky_Martin_ft_Joss_Stone,id20870
Ricky_Martín,id20871
Ricky_Matut_Arrangement,id20872
Ricky_Nelson,id20873
Ricky_Shayne,id20874
Ricky_Skaggs,id20875
Ricky_Tomlinson,id20876
Ricky_Valance,id20877
Ricky_Van_Shelton,id20878
Rickycorreo,id20879
Rickycorreo_Version,id20880
Rico_Davis_Feat_Fatman_Scoop,id20881
Ricochet,id20882
Ride,id20883
Righeira,id20884
Right_Said_Fred,id20885
Rihanna,id20886
Rihanna_feat_JayZ,id20887
Rihanna_ft_william,id20888
Rik_Waller,id20889
Rikard_Nordraak,id20890
Riki_Maiocchi,id20892
Riki_ft_CNCO,id20893
Rikki_Lee_Coulter,id20894
Riky_Anelli,id20895
Riley_Glenn,id20896
Rimbault_Edward_Francis,id20897
Rinaldo_del_Mel,id20898
Rinck_Christian_Heinrich,id20899
Ringo,id20900
Ringo_Starr,id20901
Rino_Gaetano,id20902
Rino_de_Maria,id20903
Rio,id20904
Rippingtons,id20905
Rise_Against,id20906
Rita_Coolidge,id20907
Rita_Deneve,id20908
Rita_Forte,id20909
Rita_Loza,id20910
Rita_Ora,id20911
Rita_Ora_ft_Rudimental,id20912
Rita_Pavone,id20913
Ritchie_Blackmore,id20914
Ritchie_Valens,id20915
Ritmo_Ritmo,id20916
Riton_x_Oliver_Heldens_ft_Vula,id20917
Riva_Feat_Danni_Minogue,id20918
Riva_feat_Dannii_Minogue,id20919
River_Dance,id20920
Rixton,id20921
Roachford,id20922
Roaring_Boys,id20923
Rob_De_Nijs,id20924
Rob_Thomas,id20925
Rob_Zombie,id20926
Robben_Ford,id20928
Robbie_Porter,id20929
Robbie_Robertson,id20930
Robbie_Ronalds,id20931
Robbie_Wiliams,id20932
Robbie_Williams,id20933
Robbie_Williams__Frank_Sinatra,id20934
Robbie_Williams__Gary_Barlow,id20935
Robbie_Williams__Kylie_Minogue,id20936
Robbie_Williams__Nicole_Kidman,id20937
Robbie_Williams__Queen,id20938
Robbie_Williams__Rod_Stewart,id20939
Robbie_Williams_ft_Kelly_Clarkson,id20940
Robbie_Williams_ft_Lily_Allen,id20941
Robbie_Williams_ft_Lissie,id20942
Robbie_Williams_ft_Michael_Buble,id20943
Robbie_Williams_ft_Olly_Murs,id20944
Robbie_Williams_ft_Pet_Shop_Boys,id20945
Robert_Boyd,id20946
Robert_Broderip,id20947
Robert_Burns,id20948
Robert_Cooke,id20949
Robert_Cray,id20950
Robert_Cray_Band,id20951
Robert_Creighton,id20952
Robert_Duncan,id20953
Robert_Fayrfax,id20954
Robert_Franz,id20955
Robert_Fuchs,id20956
Robert_Führer,id20957
Robert_Godard,id20958
Robert_Gordon,id20959
Robert_Hampton,id20960
Robert_Herick,id20961
Robert_John,id20962
Robert_Johnson_II,id20963
Robert_Jones,id20964
Robert_Knight,id20965
Robert_Leroy,id20966
Robert_Lightbourne,id20967
Robert_Long,id20968
Robert_Lowry,id20969
Robert_Lucas_Pearsall,id20970
Robert_Meigret,id20971
Robert_Miles,id20972
Robert_Miles_ft_Maria_Nayler,id20973
Robert_Morton,id20974
Robert_Palmer,id20975
Robert_Palmer__UB40,id20976
Robert_Parsons,id20977
Robert_Prescott_Stewart,id20978
Robert_Ramsey,id20979
Robert_Schumann,id20980
Robert_Stone,id20981
Robert_White,id20982
Robert_de_Févin,id20983
Roberta_Flack,id20984
Robertino,id20985
Roberto_Angelini,id20986
Roberto_Benigni,id20987
Roberto_Carlos,id20988
Roberto_Giglio,id20989
Roberto_Murolo,id20990
Roberto_Murolo__Mia_Martini,id20991
Roberto_Remondi,id20992
Roberto_Soffici,id20993
Roberto_Torres,id20994
Roberto_Vailerio,id20995
Roberto_Vecchioni,id20996
Robin_Beck,id20997
Robin_S,id20998
Robin_Schulz_ft_Ilsey,id20999
Robin_Thicke,id21000
Robin_Thicke_Feat_Ti__Pharrell,id21001
Robin_Trower,id21002
Robinson_McClellan,id21003
Robson__Jerome,id21004
Roby_Facchinetti,id21005
Roby_Facchinetti__Riccardo_Fogli,id21006
Roby_Rossini,id21007
Robyn,id21008
Rocco_Granata,id21009
Rocco_Hunt,id21010
Rocco_Hunt_ft_Ana_Mena,id21011
Rocco_Hunt_ft_Annalisa,id21012
Rocco_Rodio,id21013
Rocco__Granada,id21014
Roch_Voisine,id21015
Rocio_Durcal,id21016
Rocio_Durcal_Y_Jaime_Morey,id21017
Rocio_Durcal_Y_Juan_Gabriel,id21018
Rocio_Jurado_Y_Chayanne,id21019
Rocio_Jurado_Y_Falete,id21020
Rocio_Jurado_Y_Lolita,id21021
Rocio_Jurado_Y_Malu,id21022
Rock_Galileo,id21023
Rockets,id21024
Rockin_Sydney,id21025
Rocking_Ghosts,id21026
Rockmelons,id21027
Rockwell,id21028
Rocky_Burnette,id21029
Rocky_Horror,id21030
Rocky_Horror_Picture_Show,id21031
Rocky_M,id21032
Rocky_Roberts,id21033
Rocky_Sharpe__The_Replays,id21034
Rocío_Jurado,id21035
Rod_Stewart,id21036
Rod_Stewart_Feat_Chaka_Khan,id21037
Rod_Stewart__Python_Lee_Jackson,id21038
Rod_Stewart__Tina_Turner,id21039
Rodigini,id21040
Rodney_Atkins,id21041
Rodney_Crowell,id21042
Rodney_Crowell_with_Johnny_Cash,id21043
Rodney_Franklin,id21044
Rodolfo_Chikilicuatre,id21045
Rodolfo_y_su_tìpica,id21046
Rodrigo_Amarante,id21047
Rodrigo_de_Ceballos,id21048
Rodriguez,id21049
Roelkin,id21050
Roger_Daltrey,id21051
Roger_Hodgson,id21052
Roger_Miller,id21053
Roger_Petrich,id21054
Roger_Quilter,id21055
Roger_Sanchez,id21056
Roger_Waters,id21057
Roger_Whittaker,id21058
Rogers,id21059
Rogers_Kenny,id21060
Rogers__West,id21061
Rogier_Philippe,id21062
Rognoni_Taeggio_Giovanni_Domenico,id21063
Rogue_Traders,id21064
Rokes,id21065
Roland_Kaiser,id21066
Roland_Konings,id21067
Rolando_Mastrulli,id21068
Rolle_Johann_Heinrich,id21069
Rollergirl,id21070
Rolling_Stones,id21071
Rolling_Stones_The,id21072
Rollo_And_King,id21073
Rollo__King,id21074
Rolls_33,id21075
Roman_Johan_Helmich,id21076
Romano_Juan_O,id21077
Romano__Sapienza_feat_Rodriguez,id21078
Romans,id21079
Romantic_Sound_Orchestra,id21080
Romantic_Strings_Orchestra,id21081
Romantics,id21082
Romeo,id21083
Romeo_und_Julia_musical,id21084
Romer_Frank,id21085
Romero_Oliveri,id21086
Romero_Olivieri,id21087
Ron,id21088
Ron_Kenoly,id21089
Ron_May_Vs_David_Jones,id21090
Ronald_McVey,id21091
Ronan_Hardiman,id21092
Ronan_Keating,id21093
Ronan_Keating__Kate_Rusby,id21094
Ronan_Keating_and_Lulu,id21095
Ronan_Keating_feat_Yusuf,id21096
Ronan_Keating_ft_LeAnn_Rimes,id21097
Rondeau_Michel,id21098
Rondinella_Pasquale,id21099
Rondo_Veneziano,id21100
Ronettes,id21101
Ronnie_Burns,id21102
Ronnie_Dunn,id21103
Ronnie_Dyson,id21104
Ronnie_Flex,id21105
Ronnie_Hylton,id21106
Ronnie_Mc_Dowell,id21107
Ronnie_Mcdowell,id21108
Ronnie_Milsap,id21109
Ronnie_Tober,id21110
Ronny_Dyson_Bell,id21111
Rooke_William_Michael,id21112
Room_5,id21113
Room_5_Ftoliver_Cheatham,id21114
Room_5_feat_Oliver_Cheatham,id21115
Root_George_Frederick,id21116
Roquelay,id21117
Rore_Cipriano_de,id21118
Ros_Sereysothea,id21119
Rosa,id21120
Rosa_Y_Manu_Tenorio,id21121
Rosana,id21122
Rosana_Y_Ot,id21123
Rosanna_Fratello,id21124
Rosario,id21125
Rosario_Flores,id21126
Rosas_Juventino,id21127
Rose_Royce,id21128
Rose_Tattoo,id21129
Rose_Wollin_Group,id21130
Rosemary_Clooney,id21131
Rosendo,id21132
Rosenmüller_Johann,id21133
Rosenstolz__Marc_Almond,id21134
Roser,id21135
Rosie_Delmah__Conkarah,id21136
Ross_Jallo,id21137
Ross_Mittchels_Orkestra,id21138
Ross_Ryan,id21139
Ross_Wilson,id21140
Rossana_Casale,id21141
Rossano,id21142
Rossella_Marcone,id21143
Rossi_Giovanni_Maria_de,id21144
Rossi_Luigi,id21145
Rossi_Michelangelo,id21146
Rossi_Salamone,id21147
Rossini,id21148
Rossini_Gioacchino,id21149
Rossini_Gioacchino_Antonioe,id21150
Rossy_War,id21151
Rotation,id21152
Rotic,id21153
Rotter_Martin,id21154
Rousseau_Samuel_Alexandre,id21155
Roussel_Albert,id21156
Rowland_H_Prichard,id21157
Rowland_Hugh_Prichard,id21158
Roxette,id21159
Roxy_Music,id21160
Roy_Acuff,id21161
Roy_Black,id21162
Roy_Orbison,id21163
Roy_Orbison_Feat_Emmylou_Harris,id21164
Roy_Paci,id21165
Roy_Paci__Aretuska,id21166
Roy_Paci__Aretuska__Jovanotti,id21167
Roy_Paci__Aretuska_feat_Manu_Chao,id21168
Roy_Wood__Wizzard,id21169
Royal_Gigolos,id21170
Royal_Philharmonic_Orchestra,id21171
Royksopp,id21172
Rozalla,id21173
Rozhdestvenskaya_Muzyika,id21174
Ruben_Gomez,id21175
Rubinstein_Anton,id21176
Ruby__The_Romantics,id21177
Rudala,id21179
Rudi_Carrell,id21180
Rudimental,id21181
Rudimental_Feat_Emeli_Sande,id21182
Rudimental_feat_James_Arthur,id21183
Rudimental_ft_Ed_Sheeran,id21184
Rudimental_ft_Jess_Glynne_Macklemore__Dan_Caplen,id21185
Rudolf_Rock,id21186
Rudolf_Rock__Die_Schocker,id21187
Rudolph_Palme,id21188
Rudolph_di_Lasso,id21189
Rudy_Giovannini,id21190
Rudy_Marra,id21191
Ruff_Endz,id21192
Ruffo_Vincenzo,id21193
Rufus_Chaka_Khan,id21194
Rufus__Chaka_Khan,id21195
Ruggero_Scandiuzzi,id21196
Ruggiero_Giovannelli,id21197
Rugsted_Kreutzfeld,id21198
Rugsted_Kreutzfeldt,id21199
Rui_Da_Silva,id21200
Rumer,id21201
Run_DMC,id21202
Runrig,id21203
Rupert_Holmes,id21204
Rupert_Unterholtzer,id21205
Rush,id21206
Ruslana_Eurovision_Winner_2004,id21207
Russ_Ballard,id21208
Russ_Conway,id21209
Russell_Henry,id21210
Russell_Morris,id21211
Russell_Watson,id21212
Russia,id21213
Ruth_Jacott,id21214
Ruth_McKenny,id21215
Rutigliano_Andrea,id21216
Ry_Cooder,id21217
Ryan_Adams,id21218
Ryan_Gosling__Emma_Stone,id21219
Ryan_Paris,id21220
Ryckeghem_André_Van,id21221
Rysbye,id21222
Ryuichi_Sakamoto,id21223
Ryuichi_Sakamoto_Feat_Thomas_Dolby,id21224
Ryuichi_Sakamoto__Iggy_Pop,id21225
Rzewski_Frederic,id21226
Ræhs_Christian,id21227
Rémi_Studer,id21228
Ríos_De_Gloria,id21229
S2_El_Bus,id21230
SAMBRO09,id21231
SASH,id21232
SCYCS,id21233
SG_arrangement,id21234
SOAD_rulz_,id21235
SRG_Dolla_Ft_BGM_Rahk,id21236
SRV,id21237
SSO,id21238
SWV,id21239
SZA__Justin_Timberlake,id21240
S_Club,id21241
S_Club_7,id21242
S_Club_7_Juniors,id21243
S_Club_Juniors,id21244
S_Club_Juniors__Donny_Osmond,id21245
S_Deplechin,id21246
S_Golino,id21247
S_Panini,id21248
S_Robin,id21249
S_Wesley_Martin,id21250
Sabadini_Bernardo,id21251
Sabien_Tiels,id21252
Sabina_Stilo,id21253
Sabine_Tiels,id21254
Sabrina_Carpenter,id21255
Sabrina_Salerno,id21256
Sacchini_Antonio,id21257
Sade,id21258
Safeway,id21259
Safri_Duo,id21260
Sagi_Rei,id21261
Sagreras_Julio_Salvador,id21262
Sailor,id21263
Saint_Etienne,id21264
Saint_Motel,id21265
Sakellarides_Leonidas,id21266
Sal_Da_Vinci,id21267
Salamon_Jacek,id21269
Salamone_Rossi,id21270
Salif_Keita,id21271
Salis__Salis,id21272
Salome,id21273
Salomé,id21274
Salomé_Théodore,id21275
Salsa,id21276
Salsa_Kid,id21277
Salt_n_Pepa,id21278
Salvador,id21279
Salvatore_Gambardella,id21280
Salvo_Guastella,id21281
Sam_Bailey,id21282
Sam_Brown,id21283
Sam_Butera__The_Witnesses,id21284
Sam_Cooke,id21285
Sam_Fischer,id21286
Sam_Gooris,id21287
Sam_Hunt,id21288
Sam_Padrul_ft_Chuck_New,id21289
Sam_Smith,id21290
Sam_Smith__Demi_Lovato,id21291
Sam_Smith__Normani,id21292
Sam_Sparro,id21293
Sam_The_Sham,id21294
Sam_The_Sham__The_Pharaohs,id21295
Sam__Dave,id21297
Sam__Mark,id21298
Sam_and_the_Womp,id21299
Samael,id21301
Samantha,id21302
Samantha_Cole,id21303
Samantha_Fox,id21304
Samantha_Jade,id21305
Samantha_Mumba,id21306
Samantha_Sang,id21307
Samba_titres_A,id21308
Sammartini_Giuseppe,id21309
Sammi_Smith,id21310
Sammy_Barbot,id21311
Sammy_Davis_Jr,id21312
Sammy_Davis_Jr__Dean_Martin,id21313
Sammy_Davis_Junior,id21314
Sammy_Hagar,id21315
Sammy_Kershaw,id21316
Sammy_Spear,id21317
Samoa_I_Texas,id21318
Sampson_I,id21319
Samson_en_Gert,id21320
Samuel,id21321
Samuel_Arnold,id21322
Samuel_Babcock,id21323
Samuel_Chapple,id21324
Samuel_Holyoke,id21325
Samuel_Long,id21326
Samuel_Naumbourg,id21327
Samuel_Reay,id21328
Samuel_Scheidt,id21329
Samuel_Sebastian_Wesley,id21330
Samuel_Wakely,id21331
Samuel_Webbe,id21332
Samuel_Webbe_Jr,id21333
Samuel_Wesley,id21334
Samuele_Bersani,id21335
Samuele_Bersani_feat_Fabio_Concato,id21336
San_Seals,id21337
Sanderson_James,id21338
Sandi_Thom,id21339
Sandie_Shaw,id21340
Sandpipers,id21341
Sandra,id21342
Sandra_Kim,id21343
Sandra_Kim__Frank_Galan,id21344
Sandrin,id21345
Sandrina,id21346
Sandrine,id21347
Sandro_Giacobbe,id21348
Sandy_Marton,id21349
Sandy_Posey,id21350
Sandy_Shaw,id21351
Sandy_Y_Papo,id21352
Sanford_Samuel_L,id21353
Sangre_Azul,id21354
Sanne,id21355
Sanne_Salomonsen,id21356
Sanraj__Rupini,id21357
Santa_Barbara,id21358
Santa_Cruz_Antonio_de,id21359
Santa_Esmeralda,id21360
Santana,id21361
Santana_Acoustic_Guitar_Version,id21362
Santana_Feat_Anthony_Hamilton,id21363
Santana_Feat_Michelle_Branch,id21364
Santana_Feat_Ozomatli,id21365
Santana_Feat_Will_I_Am,id21366
Santana__Buddy_Miles,id21367
Santana__Chad_Kroeger,id21368
Santana__Steven_Tyler,id21369
Santana_feat_Chad_Kroeger,id21370
Santana_feat_Dave_Matthews,id21371
Santana_feat_Everlast,id21372
Santana_feat_Rob_Thomas,id21374
Santana_ft_Chad_Kroeger,id21375
Santana_ft_Rob_Thomas,id21376
Santarosa,id21377
Sante_Pesci,id21378
Santino_Rocchetti,id21379
Santo_California,id21380
Santo__Johnny,id21381
Santos_Jonathan,id21382
Sanz_Gaspar,id21383
Saphir,id21384
Sapozhnikov_Aleksandr,id21385
Sara,id21386
Sara_6,id21387
Sara_Bareilles,id21388
Sara_Evans,id21389
Sara_Lorenz,id21390
Saragossa_Band,id21391
Sarah_Brightman,id21392
Sarah_Connor,id21393
Sarah_Connor_Feat_Tq,id21394
Sarah_Flower_Adams,id21395
Sarah_Lambert,id21396
Sarah_McLachlan,id21397
Sarah_Vaughan,id21399
Sarah_Whatmore,id21400
Sarah__Koen_Wauters,id21401
Sarasate_Pablo_de,id21402
Saratoga,id21403
Sarcilla_Glenn_Patrick_E,id21404
Sarina_Paris,id21405
Sarmiento_Salvatore,id21406
Sash_feat_Tina_Cousins,id21408
Sasha,id21409
Sasha_feat_Young_Deenay,id21410
Satie_Erik,id21411
Sator,id21412
Satyricon,id21413
Sau,id21414
Sau__Sopa_De_Cabra,id21415
Saumell_Robredo_Manuel,id21416
Savage_Garden,id21417
Save_Ferris,id21418
Sawyer_Brown,id21419
Sawyer_Charles_Carroll,id21420
Saybia,id21421
Saybya,id21422
Saygrace,id21423
Sayles_James_Mason,id21424
Saëns,id21425
Saëns_Camille,id21426
Sbs,id21427
Scandal,id21428
Scandinavian_Folk_Tune,id21429
Scarlatti_Alessandro,id21430
Scarlatti_Domenico,id21431
Scarpa_Jolando,id21432
Scary_Pockets_ft_Dannielle_de_Andrea,id21433
Scatman,id21434
Scatman_John,id21435
Schale_Christian_Friedrich,id21436
Scheidemann_Heinrich,id21437
Scheidt_Samuel,id21438
Schein_Johann_Hermann,id21439
Schelle_Johann,id21440
Scherer_Johann,id21441
Scherer_Sebastian_Anton,id21442
Schiavetti_Giulio,id21443
Schickhardt_Johann_Christian,id21444
Schieferdecker_Johann_Christian,id21445
Schildt_Melchior,id21446
Schletterer_Hans_Michel,id21447
Schlick_Arnolt,id21448
Schmelzer_Johann_Heinrich,id21449
Schmitt_Alexander,id21450
Schmitt_Alphonse,id21451
Schnabel_Joseph,id21452
Schneider_Pierre,id21453
Schnier_Joâo,id21454
Schola_Cantorum,id21455
Scholtz_Herrmann,id21456
Schop_Johann,id21457
Schreiner_Hermann_L,id21458
Schubert_Camille,id21459
Schubert_Franz,id21460
Schulhoff_Julius,id21461
Schultz_Johannes,id21462
Schulz_Johann_Abraham_Peter,id21463
Schumann_Clara,id21464
Schumann_Robert,id21465
Schuyt_Cornelis,id21466
Schöffer_Peter,id21467
Schürzenjäger,id21468
Schütz_Heinrich,id21469
Scialpi,id21470
Scipione_Barotius,id21471
Scipione_Dentice,id21472
Scipione_Lacorcia,id21473
Scissor_Sisters,id21474
Scoop,id21475
Scooter,id21476
Scooter_Lee,id21477
Scorpions,id21478
Scott_Douglas_Walter,id21479
Scott_James,id21480
Scott_Joplin,id21481
Scott_Mackenzie__Flowerpot_Men_Traffic,id21482
Scott_McKenzie,id21483
Scott_Walker,id21485
Scotty_McCreery,id21486
Scouting_For_Girls,id21488
Screaming_Jets,id21490
Scriabin_Aleksandr,id21491
Scriabin_Alexander,id21492
Scritti_Politti,id21493
Scrunter,id21494
Scugnizzi__Sal_Da_Vinci,id21495
Seal,id21496
Seals_And_Crofts,id21497
Seals__Crofts,id21498
Sean_Kingston,id21499
Sean_Paul,id21500
Sebastian,id21501
Sebastian_Deyle,id21502
Sebastian_Festa,id21503
Sebastian_Göring,id21504
Sebastian_Virdung,id21505
Sebastian_de_Vivanco,id21506
Sebastiano_Cherici,id21507
Sebastiano_Raciti,id21508
Sebastián_Durón,id21509
Sebastián_Iradier,id21510
Sebastián_Raval,id21511
Second_Imij,id21512
Secret_Service,id21513
Seether,id21514
Seether_Feat_Amy_Lee,id21515
Seger_Bob,id21516
Seger_Josef_Ferdinand_Norbert,id21517
Segni_Giulio,id21518
Seguridad_Social,id21519
Selah_Sue,id21520
Selena,id21521
Selena_Gomez,id21522
Selena_Gomez__Rema,id21523
Selena_Gomez_x_Marshmello,id21524
Selma_Bjornsdottir,id21525
Selma_Hernandes,id21526
Selma_y_Salaverde_Bartolomé_de,id21527
Semino_Rossi,id21528
Semisonic,id21529
Senfl_Ludwig,id21530
Senleches_Jaquemin_de,id21531
Senotto_E,id21532
Sentenced,id21533
Sentidos_Opuestos,id21534
September,id21535
Sepultura,id21536
Serafino_Patta,id21537
Seraphim,id21538
Serebro,id21539
Serena_Abrami,id21540
Serena_C,id21541
Serena_Santucci__Speranza_Rizza,id21542
Serge_Lama,id21543
Sergei_Prokofiev,id21544
Sergei_Rachmaninoff,id21545
Sergei_Taneyev,id21546
Sergent_Garcia,id21547
Sergio,id21548
Sergio_Bruni,id21549
Sergio_Cammariere,id21550
Sergio_Cammariere__Gino_Paoli,id21551
Sergio_Caputo,id21552
Sergio_Dalma,id21553
Sergio_Endrigo,id21554
Sergio_Franchi,id21555
Sergio_Leonardi,id21556
Sergio_Mendes,id21557
Sergio_Mendes__Brasil_66,id21558
Sergio_Sylvestre,id21559
Sergio_and_the_Ladies,id21560
Sermisy_Claudin_de,id21561
Servaes_de_Koninck,id21562
Servin_Jean,id21563
Sesame_Street,id21564
Sessa_dAranda,id21565
Session,id21566
Sevault,id21567
Sevendust,id21568
Severin_Cornet,id21569
Severina,id21570
Severo_Bonino,id21571
Severus_Gastorius,id21572
Sevillana,id21573
Sex,id21574
Sex_Bomb,id21575
Sex_Pistols,id21576
Sexbomb,id21577
Seymour_John_Grey_Egerton,id21578
Sha_Na_Na,id21579
Sha_Na_Na_Grease_Soundtrack,id21580
Shade,id21581
Shade__Federica_Carta,id21582
Shadows,id21583
Shaft,id21584
Shaggy,id21585
Shaggy_feat_Rayvon,id21586
Shaggy_feat_Ricardo_RikRok_Ducent,id21587
Shaila_Durcal,id21588
Shakatak,id21589
Shake,id21590
Shakespeares_Sister,id21591
Shakespears_Sister,id21592
Shakin_Stevens,id21593
Shakin_Stevens__Bonnie_Tyler,id21594
Shakira,id21595
Shakira_Feat_Wyclef_Jean,id21596
Shakira_Y_Alejandro_Sanz,id21597
Shakira_Y_El_Cata,id21598
Shakira__Nicky_Jam,id21599
Shakira_ft_Carlos_Santana,id21600
Shakira_ft_Maluma,id21601
Shakira_ft_Rihanna,id21602
Shalamar,id21603
Shalim,id21604
Sham_Rock,id21605
Shane_Fenton,id21606
Shane_Richie,id21607
Shane_Ritchie,id21608
Shania_Twain,id21609
Shanice,id21610
Shanks_And_Bigfoot,id21611
Shanks__Bigfoot,id21612
Shannon_James_Royce,id21613
Shannon_Noll,id21614
Shapeshifters,id21615
Sharleen_Spiteri,id21616
Sharon_B,id21617
Sharon_Kips,id21618
Shatrov_Ilya,id21619
Shaun_Cassidy,id21620
Shawn_Colvin,id21621
Shawn_Mendes,id21622
Shawn_Mendes__Camila_Cabello,id21623
Shawn_Mendes_ft_Camila_Cabello,id21624
Shawn_Mullins,id21625
Shayne_Ward,id21626
Sheena_Easton,id21627
Sheila,id21628
Sheila_B_Devotion,id21629
Sheila_Escovedo,id21630
Shelby_Lynne,id21631
Shelby_Lynne_And_Allison_Moorer,id21632
Shelia_B_Devotion,id21633
Shelley_Fabares,id21634
Shelton_Brooks,id21635
Sheppard,id21636
Sheppard_John,id21637
Sheppard_Kenny_Wayne,id21638
Sherbet,id21639
Sheriff,id21640
Sheryl_Crow,id21641
Sheryl_Crow__Sting,id21642
Sheryn_Regis,id21643
Sheryngham,id21644
Shirelles,id21645
Shirley_And_Company,id21646
Shirley_Bassey,id21647
Shirley_Ellis,id21648
Shirley__Company,id21649
Shirt,id21651
Shivaree,id21652
Shocking_Blue,id21653
Shola_Ama,id21654
Shontelle,id21655
Shostakovich_Dimitri,id21656
Shout_Praise_Kids,id21657
Showaddywaddy,id21658
Showalter_Anthony_Johnson,id21659
Showmen,id21660
Shubert,id21661
Shubh,id21662
Shubidua,id21663
Sia,id21664
Sia_ft_Sean_Paul,id21665
Sicher_Fridolin,id21666
Siciliano,id21667
Sidney_Bechet,id21668
Sidney_Thomsons_Orkestra,id21669
Sidney_Youngblood,id21670
Sieczynski_Rudolf,id21671
Siefert_Paul,id21672
Siempre_Así,id21673
Siessmayr_Herkulan,id21674
Sigala,id21675
Sigala_Ella_Eyre_Meghan_Trainor_ft_French_Montana,id21676
Sigala__Ella_Eyre,id21677
Sigala_ft_Bryn_Christopher,id21678
Sigfús_Einarsson,id21679
Sigismondo_dIndia,id21680
Sigismund_Ritter_von_Neukomm,id21681
Sigma_ft_Ella_Henderson,id21682
Sigma_ft_Take_That,id21683
Sigrid,id21684
Sigupai_Allstar,id21685
Silas_J_Vail,id21686
Silcher_Friedrich,id21687
Silent_Circle,id21688
Silent_Ruins,id21689
Silk_City__Dua_Lipa_ft_Mark_Ronson__Diplo,id21690
Siloti_Alexander,id21691
Silva_Patápio,id21692
Silver_Convention,id21693
Silverchair,id21694
Silvia_Padilla,id21695
Silvia_Salemi,id21696
Silvio_Cesar,id21697
Simeon_Jocelin,id21698
Simmes_William,id21699
Simon_Biazeck,id21700
Simon_Butterfly,id21701
Simon_Collins,id21702
Simon_Ives,id21703
Simon_Johann_Caspar,id21704
Simon_Matthew,id21705
Simon_May,id21706
Simon_Parks_Orchestra,id21707
Simon_Paul,id21708
Simon_Webbe,id21709
Simon__Garfunkel,id21710
Simon_de_Baldis,id21711
Simon_de_Bonnefond,id21712
Simona_Molinari,id21713
Simone,id21714
Simone_Cristicchi,id21715
Simone_Fedi,id21716
Simone_Gatto,id21717
Simone_Molinaro,id21718
Simone_Nina,id21719
Simone_Olivieri,id21720
Simone_Stella,id21721
Simone_Verovio,id21722
Simonetto_Alessandro,id21723
Simple_Minds,id21724
Simple_Plan,id21725
Simple_Plan_Feat_Knaan,id21726
Simple_Plan_Feat_Natasha_Bedingfield,id21727
Simple_Plan_ft_Sean_Paul,id21728
Simplicity,id21729
Simply_Red,id21730
Simpson_Thomas,id21731
Sin_Bandera,id21732
Sinach,id21733
Sinatra_Nancy,id21734
Sinding_Christian,id21735
Sinead_Fame_Academy,id21736
Sinead_OConnor,id21737
Sinead_Quinn,id21739
Singers,id21740
Singing_In_The_Rain,id21741
Sinitta,id21742
Sinéad_OConnor,id21743
Siobhan_Donaghy,id21744
Siouxsie_and_the_Banshees,id21745
Sipho_Mabuse,id21746
Sir_Henry_And_His_Butlers,id21747
Sir_Lancelot,id21748
Sirenia,id21749
Siret_Nicolas,id21750
Sisqo,id21751
Sister_Act,id21752
Sister_Act_2_Cast,id21753
Sister_Act_Cast,id21754
Sister_Hazel,id21755
Sister_Sledge,id21756
Sisters_Of_Mercy,id21757
Sisters_Of_Sound,id21758
Siw_Malmkvist,id21760
Six,id21761
Six60,id21762
Six_Feet_Under,id21763
Six_Was_Nine,id21764
Sixpence_None_The_Richer,id21765
Sixt_Dietrich,id21767
Sjk_Santa_Justa_Klan,id21768
Sjögren_Emil,id21769
Skalariak,id21770
Skank,id21771
Skankin_Pickle,id21772
Skape,id21773
Skeaf_Joseph,id21774
Skee_Lo,id21775
Skeeter_Davis,id21776
Skiantos,id21777
Skid_Row,id21778
Skin,id21779
Skip_Ewing,id21780
Skipper__Co,id21781
Skunk_Anansie,id21782
Skye,id21783
Skyhooks,id21784
Skylab_Orchestra,id21785
Skylark,id21786
Slade,id21787
Slash,id21788
Slater,id21789
Slave,id21790
Slayer,id21791
Slegel_Valentin,id21792
Slice_Of_Saturday_Night,id21793
Slik,id21794
Slim_Dusty,id21795
Slim_Whitman,id21796
Slipknot,id21797
Sly_And_The_Family_Stone,id21798
Sly__The_Family_Stone,id21799
Small_Faces,id21800
Small_Talk,id21801
Smallpools,id21802
Smap,id21803
Smart_Henry_Thomas,id21804
Smash,id21805
Smash_Mouth,id21806
Smashing_Pumpkins,id21807
Smashmouth,id21808
Smetana_Bedřich,id21809
Smith_Ella,id21810
Smith_Elliott,id21811
Smith_John_Christopher,id21812
Smith_Sydney,id21813
Smiths,id21814
Smiths_The,id21815
Smoke_City,id21816
Smokey_Joes_Cafe_Soundtrack,id21817
Smokey_Robinson,id21818
Smokey_Robinson__The_Miracles,id21819
Smokie,id21821
Smokie_Norful,id21822
Smyth_Ethel,id21823
Snap,id21824
Snap__Summer,id21825
Sneaker_Pimps,id21826
Sneaky_Sound_System,id21827
Sniff_n_The_Tears,id21828
Snoop_Dogg,id21830
Snow_Patrol,id21831
Snow_White,id21832
Soap,id21833
Soda_Club,id21834
Soda_Estéreo,id21835
Soderini_Agostino,id21836
Sodom,id21837
Soerba,id21838
Soes_Bjerre,id21839
Soes_Fenger,id21840
Sofaplanet,id21841
Soft_Cell,id21842
Soft_Cell__Marc_Almond,id21843
Sohan_bhai__Heena_dawar,id21844
Sol_Violinsky,id21845
Solage,id21846
Sold,id21847
Soler_Antonio,id21848
Solid_Harmonie,id21849
Solo,id21850
Solomon_Burke,id21851
Solomon_Howe,id21852
Solomon_King,id21853
Somethin_Smith__The_Redheads,id21854
Something_Rotten_Heidi_Blickenstaff,id21855
Something_Rotten_Musical,id21856
Something_for_the_People,id21857
Sommer_Johann,id21858
Son_By_Four,id21859
Son_De_Sol,id21860
Sonata_Arctica,id21861
Soncino_Emanuell,id21862
Song_Of_The_South,id21863
Songs_From_A_New_World_Cast,id21865
Sonia,id21866
Sonia_Dada,id21867
Sonia_Y_Selena,id21868
Sonic_Magnum,id21869
Sonique,id21870
Sonny_Boy_Williamson_II,id21871
Sonny_Moeller,id21872
Sonny_Moller,id21873
Sonny_OBrien,id21874
Sonny_Rollins,id21875
Sonny__Cher,id21876
Sonohra,id21877
Sonora_Cordobesa,id21878
Sonora_Dinamita,id21879
Sophia_Grace,id21880
Sophia_Loren,id21881
Sophie_B_Hawkins,id21882
Sophie_Ellis_Bextor,id21883
Sopworth_Camel,id21884
Sor_Fernando,id21885
Soraya,id21886
Soraya_Arnelas,id21887
Sorelle_Bandiera,id21888
Sorge_Georg_Andreas,id21889
Soriano_Francesco,id21890
Sorrows,id21891
Soto_de_Langa_Francisco,id21892
Sottotono,id21893
Soul_2_Soul,id21894
Soul_Asylum,id21895
Soul_Ballet,id21896
Soul_Control,id21897
Soul_II_Soul_ft_Caron_Wheeler,id21898
Soulful_Dynamics,id21899
Soulja_Boy_ft_Sammie,id21900
Soulsister,id21901
Soultans,id21902
Soulutions,id21903
Sound_Convoy,id21904
Sound_Garden,id21905
Soundgarden,id21906
Sounds_Orchestrals,id21907
Soundtrack,id21908
Soundtrack_From_Barnum,id21909
Sousa_John_Philip,id21910
South_Pacific,id21911
Southern_All_Stars,id21912
Southern_Pacific,id21913
Southern_Sons,id21914
Soy_Un_Tsunami,id21915
Space,id21916
Spacehog,id21917
Spagna,id21918
Spandau_Ballet,id21919
Spanky_and_Our_Gang,id21920
Spargo,id21921
Sparklehorse,id21922
Sparks,id21923
Sparx_Y_Lorenzo_Antonio,id21924
Spawnbreezie,id21925
Spectrum,id21926
Speer_Daniel,id21927
Spencer_And_Hill_Vs_Shes_All_That,id21928
Spencer_Davis_Group,id21929
Spencer__Hill,id21930
Sperger_Johann_Matthias,id21931
Sperindio_Bertoldi,id21932
Spice_Girls,id21933
Spice__Co,id21934
Spider_Murphy_Gang,id21935
Spiegler_Matthias,id21936
Spike,id21937
Spiller,id21938
Spin_Doctors,id21939
Spinacino_Francesco,id21940
Spinal_Tap,id21941
Spindler_Fritz,id21942
Spinners,id21943
Spiral_Staircase,id21944
Spiral_Starecase,id21945
Spirit,id21946
Splender,id21947
Splinter,id21948
Split_Enz,id21949
Spongebob_Squarepants,id21950
Spontone_Bartolomeo,id21951
Spoon,id21952
Spotnics,id21953
Spring,id21954
Spring_Awakening_Cast,id21955
Springsteen_Bruce,id21956
Springstein_Bruce,id21957
Springwater,id21958
Spryo_Gyra,id21959
Sps,id21960
Spunge,id21961
Spyro_Gyra,id21962
Squadra_Italia,id21963
Square,id21964
Squeeze,id21965
Squeezer,id21966
Squirrel_Nut_Zippers,id21967
St_Vincent,id21968
Stabbing_Westward,id21969
Stabsmusikkorps_der_Bundeswehr,id21970
Stacey_Q,id21971
Stacie_Orrico,id21972
Stadio,id21973
Staind,id21974
Stainer_John,id21975
Stampen__Dagen,id21976
Stan_Getz,id21977
Stan_Getz__Antonio_Carlos_Jobim,id21978
Stan_Van_Samang,id21979
Standard,id21980
Standard_Mta_Arr,id21981
Standard_Version,id21982
Stanford_Charles_Villiers,id21983
Stanislav_Surin,id21984
Stanislaw_Moniuszko,id21985
Stanley_Clarke,id21986
Stanley_John,id21987
Stanley_Marchant,id21988
Stanley_Turrentine,id21989
Star_Sounds_Orchestra,id21990
Star_Trek,id21991
Star_Wars,id21992
Star_Wash,id21993
Starbuck,id21994
Stardust,id21995
Starland_Vocal_Band,id21996
Starlight_Express,id21997
Stars,id21998
Stars_on_45,id21999
Stars_on_54_Ultra_Naté_Amber__Jocelyn_Enriquez,id22000
Starsailor,id22001
Starship,id22002
Stash,id22003
Status_Quo,id22004
Status_Quo__Brian_May,id22005
Status_Quo__The_Beach_Boys,id22006
Stealers_Wheel,id22007
Steam,id22008
Stebbins_George_Coles,id22009
Steel_Breeze,id22010
Steel_Pulse,id22011
Steely_Dan,id22012
Steen__Stanley,id22013
Stef_Bos,id22014
Stef_Ekkel,id22015
Stefan_Everts,id22016
Stefan_Mross,id22017
Stefan_Obendorf,id22018
Stefania_Cento,id22019
Stefania_Rotolo,id22020
Stefanie_Heinzmann,id22021
Stefanie_Hertel,id22022
Stefano_Bernardi,id22023
Stefano_Centomo,id22024
Stefano_Fabri,id22025
Stefano_Felis,id22026
Stefano_Filippini,id22027
Stefano_Landi,id22028
Stefano_Ligi,id22029
Stefano_Nascimbeni,id22030
Stefano_Picchi,id22031
Stefano_Rosso,id22032
Stefano_Torchio,id22033
Steffe_William,id22034
Steffens_Johann,id22035
Stehle_Johann_Gustav_Eduard,id22036
Steigleder_Johann_Ulrich,id22037
Stella,id22038
Stella_Simone,id22039
Stelle_Azzurre,id22040
Stephan_Mahu,id22041
Stephanie_Mills,id22042
Stephen_Adams,id22043
Stephen_Bishop,id22044
Stephen_Collins_Foster,id22045
Stephen_Curtis_Chapman,id22046
Stephen_Gately,id22047
Stephen_Jarvis,id22048
Stephen_Jenks,id22049
Stephen_Schlacks,id22050
Stephen_Schlaks,id22051
Steppenwolf,id22052
Steps,id22053
Steps_Ahead,id22054
Steps_Bwitched_And_Billie_Piper,id22055
Steps_Tina_Cousins_Cleopatra_Bwitched__Billie_Piper,id22056
Stereo_MCs,id22057
Stereo_Mc,id22058
Stereophonics,id22059
Steudlein_Harrison_Joseph,id22060
Steuerlein_Johann,id22061
Stevan_Hristic,id22062
Stevan_Mokranjac,id22063
Steve_Angello__Laidback_Luke_ft_Robin_S,id22064
Steve_Brookstein,id22065
Steve_Draper,id22066
Steve_Earle,id22067
Steve_Forbert,id22068
Steve_Goodman__John_Prine,id22069
Steve_Hacket,id22070
Steve_Hackett,id22071
Steve_Harley__Cockney_Rebel,id22072
Steve_Holy,id22073
Steve_Kolander,id22074
Steve_Lang,id22075
Steve_Lawrence,id22076
Steve_Martin_Feat_Bernadette_Peters,id22077
Steve_Miller_Band,id22078
Steve_Tyrell,id22079
Steve_Vai,id22080
Steve_Wariner,id22081
Steve_Winwood,id22082
Steven_Bray,id22083
Steven_Curtis_Chapman,id22084
Steven_Houghton,id22085
Stevens_Cat,id22086
Stevie_B,id22087
Stevie_McCrorie,id22088
Stevie_Nicks,id22090
Stevie_Ray_Vaughan,id22091
Stevie_Wonder,id22092
Stevie_Wonder__Dionne_Warwick,id22093
Stevie_Wonder_and_Take_6,id22094
Stevie_Wonder_ft_En_Vogue__Prince,id22095
Stevie_Wright,id22096
Stig_Rossen,id22097
Stiltskin,id22098
Sting,id22099
Sting__Mary_J_Blige,id22100
Sting__Robert_Downey_Jr,id22101
Stockard_Channing,id22102
Stockard_Channing_Grease_Soundtrack,id22103
Stoddard_Isaiah_T,id22104
Stoltzer_Thomas,id22105
Stone_Temple_Pilots,id22106
Stonebridge_ft_Therese,id22107
Stonings_Henry,id22108
StooShe,id22109
Storace_Bernardo,id22110
Stories,id22111
Stormy_Six,id22112
Story_Of_The_Year,id22113
Stradella_Alessandro,id22115
Stragà,id22116
Strait_George,id22117
Stralsund_Gesangbuch,id22118
Strange_Advance,id22119
Stranglers_The,id22120
Strata_Giovanni_Battista,id22121
Strato_Vani,id22122
Stratovarius,id22123
Strauss,id22124
Strauss_Johann,id22125
Strauss_Jr_Johann,id22126
Strauss_Richard,id22127
Strauss_Sr_Johann,id22128
Stray_Cats,id22129
Street,id22130
Streisand_Barbra,id22131
Striggio_Alessandro,id22132
Strokes,id22133
Strokes_The,id22134
Stromae,id22135
Strozzi_Barbara,id22136
Strungk_Delphin,id22137
Strunz__Farah,id22138
Stubbs_Simon,id22139
Studio3,id22140
Studio_3,id22141
Stults_Robert_Morrison,id22142
Stylistics,id22143
Stylophonic,id22144
Styx,id22145
Sublime,id22146
Subsonica,id22147
Subsonica_ft_Righeira,id22148
Sue_Ann_Carwell__Joey_Diggs,id22149
Sue_Palmer,id22150
Sue_Thompson,id22151
Suede,id22152
Sugababes,id22153
Sugar_Lee_Hooper,id22154
Sugar_Minott,id22155
Sugar_Ray,id22156
Sugar__The_Lollipops,id22157
Sugarfree,id22158
Sugarland,id22159
Sui_Generis,id22160
Suicidal_Tendencies,id22161
Suicide_Machines,id22162
Suk_Josef,id22163
Sukima_Switch,id22164
Sullivan_Arthur,id22165
Sum_41,id22166
Sumarte_Richard,id22167
Summertime_Blues,id22168
Sunday_Blues,id22169
Sung_Si_Kyung,id22170
Sunmi_Feat_Lena,id22171
Sunny_Side_Up,id22172
Sunscreem,id22173
Sunset_Boulevard,id22174
Sunshine_Underground,id22175
SuperHeavy,id22176
Superboys,id22177
Supergrass,id22178
Superman,id22179
Superman_Lovers,id22180
Supersisters,id22181
Supertramp,id22182
Supertramp_Mta_Arr,id22183
Supply_Belcher,id22184
Suppé_Franz_von,id22185
Surfaris,id22186
Surprise_Orchestra,id22187
Survivor,id22188
Susan_Ashton,id22189
Susan_Boyle,id22190
Susan_Cadogan,id22191
Susan_Maughan,id22192
Susan_McCann,id22193
Susan_Partlan,id22195
Susato_Tielman,id22196
Sutherland_Brothers__Quiver,id22197
Suzanne_Ciani,id22198
Suzanne_Vega,id22199
Suzi_Quatro,id22200
Suzi_Quatro__Chris_Norman,id22201
Suzy_Bogguss,id22202
Sveinbjörn_Sveinbjörnsson,id22203
Swanee,id22204
Sweelinck_Jan_Pieterszoon,id22205
Sweet,id22206
Sweet_Box,id22207
Sweet_Charity_Musical,id22208
Sweet_Sensation,id22209
Sweetbox,id22210
Sweethearts,id22211
Sweney_John_Robinson,id22212
Swert_Jules_de,id22213
Swing,id22214
Swing_Jazz_Arrangement,id22215
Swing_Out_Sister,id22216
Swing_Waltz,id22217
Swinging_Blue_Jeans,id22218
Swiss,id22219
Sydney_Devine,id22221
Sydney_Youngblood,id22222
Sylvain_Van_Genechten,id22223
Sylvanus_Ripley,id22224
Sylvester,id22225
Sylvia,id22226
Sylvie_Vartan,id22227
Symbols,id22228
Symphonie_Montanara,id22229
Symphony_X,id22230
Synthesizer_Version,id22231
Syreeta__Stevie_Wonder,id22232
Syria,id22233
Sysmoebius_Z_Q,id22234
System_Of_A_Down,id22235
Szhirley,id22237
Séverac_Déodat_de,id22238
Söhne_Mannheims,id22239
T,id22240
TBand,id22241
TC_Matic,id22242
TG_Sheppard,id22243
TINI,id22244
TI_Feat_Justin_Timberlake,id22245
TLC,id22246
TNN,id22247
TNT,id22248
TNT_Party_Zone,id22249
TPau,id22250
TV_Theme,id22251
T_Carter,id22253
T_G_Sheppard,id22254
T_Graham_Brown,id22255
T_Rex,id22256
T_Riccio,id22257
T_Spoon,id22258
T_Tertius_Noble,id22259
Tabrar_Joseph,id22260
Taco,id22261
Taeyang,id22262
Tag_Team,id22263
Taglia_42,id22264
Tagore_Rabindranath,id22265
Tails,id22266
Taio_Cruz,id22267
Taio_Cruz_Feat_Ludacris,id22268
Takagi__Ketra_ft_Arisa__Lorenzo_Fragola,id22269
Take_Me_To_The_River,id22270
Take_That,id22271
Tal_Bachman,id22272
Talexy_Adrien,id22273
Talk_Talk,id22274
Talking_Heads,id22275
Tallis_Thomas,id22276
Tam_Tam_Go,id22277
Tamar_Braxton,id22278
Tamara,id22279
Tamara_Seisdedos,id22280
Tamba_Trio,id22281
Tameka_Starr,id22282
Tami_Tappan_Dam,id22283
Tami_Tappan_Damiano,id22284
Tamia,id22285
Tammin,id22286
Tammy_Wynette,id22287
Tamourés,id22288
Tamperer,id22289
Tamre_Rosannes_Peter_Belli_Zididada,id22290
Tamyra_Gray,id22291
Tan_Katzner,id22292
Tanel_Padar__Dave_Benton,id22293
Tango,id22294
Tania_Kernaghan,id22295
Tania_Maria,id22296
Tanita_Tikaram,id22297
Tantoni_Yahya,id22298
Tantric,id22299
Tanya_Tucker,id22300
Tapia_Jorge_Luis,id22301
Tar_Yar_Lin_Let__Yoon_Yoon,id22302
Tarantella,id22303
Tarkan,id22304
Tarquinio_Merula,id22305
Tartini_Giuseppe,id22306
Tasahiro_Ikumi,id22307
Tasha_Cobbs,id22308
Tasmin_Archer,id22309
Tata_Golosa,id22310
Tate_Montoya,id22311
Tatlıyay_Haydar,id22312
Tatu,id22313
Tatyana_Ali,id22314
Tauscher_H_W,id22315
Tavares,id22316
Tavares_Luciano,id22317
Taverner_John,id22318
Taxiride,id22319
Taylor,id22320
Taylor_Dayne,id22321
Taylor_Henderson,id22322
Taylor_James,id22323
Taylor_Swift,id22324
Taylor_Tell,id22325
Tazenda,id22326
Tazenda__Eros_Ramazzotti,id22327
Tazenda__Francesco_Renga,id22328
Tchaikovsky,id22329
Tchaikovsky_Pyotr,id22330
Tchaikowski,id22331
Tears_For_Fears,id22332
Technohead,id22334
Technotronic,id22335
Ted_Herold,id22336
Ted_Mulry,id22337
Ted_Mulry_Gang,id22338
Ted_Nugent,id22339
Ted_Snyder,id22340
Teddy_Bears,id22341
Teddy_Edelman,id22342
Teddy_Pendergrass,id22343
Teddy_Thompson,id22344
Tee_Set,id22345
Teemu_Soini,id22346
Teens,id22347
Teeq,id22348
Tegnér_Alice,id22349
Teike_Carl,id22350
Tejeda_Alonso_de,id22351
Telemann_Georg_Philipp,id22352
Televizionnaya_Muzyika_Iz_Filmov,id22353
Tell_Taylor,id22354
Telly_Savalas,id22355
Tema_Para_Trompeta,id22356
Temple_of_the_Dog,id22357
Temptations,id22358
Temptations_The,id22359
Ten_Sharp,id22360
Ten_Years_After,id22361
Tennessee_Ernie_Ford,id22362
Teo_Mammucari,id22363
Teodoro_Casati,id22364
Teodoro_Clinio,id22365
Teofil_Klonowski,id22366
Teofilo_Gargario,id22367
Teppisti_dei_Sogni,id22368
Tequila,id22370
Terence_Trent_DArby,id22371
Terence_Trent_DArby_ft_Desree,id22372
Teresa_Brewer,id22374
Teresa_De_Sio,id22375
Teresa_Rabal,id22376
Teresa_Teng,id22377
Teresa_Victoria_Carpio,id22378
Teri_DeSario__KC__The_Sunshine_Band,id22379
Teri_de_Sario,id22380
Terrence_Trent_Darby,id22381
Terri_Clark,id22382
Terror_Fabulous,id22383
Terry_Dean,id22384
Terry_Gibbs,id22385
Terry_Gordon,id22386
Terry_Jacks,id22387
Terry_Richard_Runciman,id22388
Terry_Stafford,id22389
Tesla,id22390
Tess,id22391
Tessarini_Carlo,id22392
Testament,id22393
Texas,id22394
Texas_Lightning,id22395
Texas_Tornados,id22396
Texas_feat_Paul_Buchanan,id22397
Tha_Truth,id22399
Thalberg_Sigismond,id22400
Thalia,id22401
Thalia_ft_Robbie_Williams,id22402
Thalmann_Franz_Daniel_von,id22403
TheGiornalisti,id22404
The_1975,id22405
The_411,id22406
The_5678s,id22407
The_5_6_7_8s,id22408
The_5th_Dimension,id22409
The_Ace_Cats,id22410
The_Ad_Libs,id22411
The_Alan_Parsons_Project,id22412
The_Allman_Brothers_Band,id22413
The_Allniters,id22414
The_Amazing_Rhythm_Aces,id22415
The_Amen_Corner,id22416
The_Andrew_Sisters,id22417
The_Androids,id22418
The_Angels,id22419
The_Animals,id22420
The_Arbors,id22421
The_Archies,id22422
The_Art_Of_Noise_ft_Tom_Jones,id22423
The_Association,id22424
The_Atlantics,id22425
The_Avener,id22426
The_Avett_Brothers,id22427
The_BBQ_Band,id22428
The_Babys,id22429
The_Badloves,id22430
The_Band,id22431
The_Band_Perry,id22432
The_Band_Wagon,id22433
The_Bangles,id22434
The_Barkays,id22435
The_Baseballs,id22436
The_Basement_Drunkards,id22437
The_Bay_City_Rollers,id22438
The_Beach_Boys,id22439
The_Beatles,id22440
The_Beatles_Mta_Arr,id22441
The_Beatles_Revival_Band,id22442
The_Beautiful_South,id22443
The_Bee_Gees,id22444
The_Beginning_Of_The_End,id22445
The_Bellamy_Brothers,id22446
The_Bells,id22447
The_Beloved,id22448
The_Berzerker,id22449
The_Big_Bopper,id22450
The_Big_Five,id22451
The_Black_Crowes,id22452
The_Black_Keys,id22453
The_Black_Sorrows,id22454
The_Blackbyrds,id22455
The_Blow_Monkeys,id22456
The_Blue_Jays,id22457
The_Bluebells,id22458
The_Blues_Brothers,id22459
The_Blues_Image,id22460
The_Bobby_Fuller_Four,id22461
The_Boo_Radleys,id22462
The_Book_Of_Mormon,id22463
The_Boomtown_Rats,id22464
The_Box_Tops,id22465
The_Boy_From_Oz,id22466
The_Boyz,id22467
The_Brand_New_Heavies,id22468
The_Brian_Setzer_Orchestra,id22469
The_Brilliant_Things,id22470
The_Broadway_Kids,id22471
The_Brooklyn_Tabernacle_Choir,id22472
The_Brothers_Four,id22473
The_Brothers_Johnson,id22474
The_Buckingham,id22475
The_Buckinghams,id22476
The_Buggles,id22477
The_Buzzcocks,id22478
The_Byrds,id22479
The_Cadillacs,id22480
The_Calling,id22481
The_Canton_Spirituals,id22482
The_Capitals,id22483
The_Cardigans,id22484
The_Carpenters,id22485
The_Cars,id22486
The_Cascades,id22487
The_Casinos,id22488
The_Cat_Empire,id22489
The_Cats,id22490
The_Cavaliers,id22491
The_Chainsmokers,id22492
The_Chainsmokers__Coldplay,id22493
The_Chainsmokers_ft_Daya,id22494
The_Chainsmokers_ft_Halsey,id22495
The_Chainsmokers_ft_Kelsea_Ballerini,id22496
The_Chainsmokers_ft_Phoebe_Ryan,id22497
The_Champs,id22498
The_Charlie_Daniels_Band,id22499
The_Cheeky_Girls,id22500
The_Cherokees,id22501
The_Chic_Experience,id22502
The_Chicks,id22503
The_Chiffons,id22504
The_Choirboys,id22505
The_Chordettes,id22506
The_Christians,id22507
The_Church,id22508
The_Clancys,id22509
The_Clash,id22510
The_Cliff_Adams_Singers,id22511
The_Coasters,id22512
The_Coastline_Band,id22513
The_Colourfield,id22514
The_Commitments,id22515
The_Commodores,id22516
The_Communards,id22517
The_Contours,id22518
The_Coral,id22519
The_Corrs,id22520
The_Courteeners,id22521
The_Cowsills,id22522
The_Cranberries,id22523
The_Crests,id22524
The_Crew_Cuts,id22525
The_Crystals,id22526
The_Cube,id22527
The_Cure,id22528
The_Cutting_Crew,id22529
The_Cyrkle,id22530
The_Darkness,id22531
The_Darts,id22532
The_Dave_Brubeck_Quartet,id22533
The_Dave_Clark_Five,id22534
The_Davitt_Country_Band,id22535
The_Dazz_Band,id22536
The_Delfonics,id22537
The_Delltones,id22538
The_Denvermen,id22539
The_Derailers,id22540
The_Detroit_Spinners,id22541
The_Diamonds,id22542
The_Dingoes,id22543
The_Disco_Boys_feat_RB,id22544
The_Divine_Comedy,id22545
The_Dixie_Cups,id22546
The_Doobie_Brothers,id22547
The_Doodlebops,id22548
The_Doors,id22549
The_Dream_Merchants,id22550
The_Drifters,id22551
The_Drunken_Chaperone,id22552
The_Dublin_City_Ramblers,id22553
The_Dubliners,id22554
The_Duke_of_Burlington,id22555
The_Duprees,id22556
The_Dynamic_Hepnotics,id22557
The_Eagles,id22558
The_Easybeats,id22559
The_Eels,id22560
The_Emotions,id22561
The_English_Beat,id22562
The_Equals,id22563
The_Everly_Brothers,id22564
The_Exciters,id22565
The_Exes,id22566
The_Exponents,id22567
The_Fabulous_Thunderbirds,id22568
The_Fargone_Beauties,id22569
The_Fatback_Band,id22570
The_Feeling,id22571
The_Ferrets,id22572
The_Fifth_Estate,id22573
The_First_Choice,id22574
The_First_Class,id22575
The_Five_Satins,id22576
The_Five_Stairsteps,id22577
The_Fixx,id22578
The_Flames,id22579
The_Flaming_Lips,id22580
The_Flamingos,id22581
The_Fleetwoods,id22582
The_Floaters,id22583
The_Flower_Pot_Men,id22584
The_Flowers,id22585
The_Flying_Machine,id22586
The_Flying_Pickets,id22587
The_Fortunes,id22588
The_Foundations,id22589
The_Four_Jays,id22590
The_Four_Js,id22591
The_Four_Kents,id22592
The_Four_Lads,id22593
The_Four_Seasons,id22594
The_Four_Tops,id22595
The_Fourmost,id22596
The_Fratellis,id22597
The_Fray,id22598
The_Friends_Of_Distinction,id22599
The_Furey_Brothers,id22600
The_Fureys,id22601
The_Gap_Band,id22602
The_Georgia_Satellites,id22603
The_Gospel_Explosions,id22604
The_Grass_Roots,id22605
The_Greatest_Showman,id22606
The_Greatest_Showman_Soundtrack,id22607
The_Grid,id22608
The_Groop,id22609
The_Groovegrass_Boyz,id22610
The_Guess_Who,id22611
The_Gun,id22612
The_Happenings,id22613
The_Happy_Groover,id22614
The_Harlem_Gospel_Singers,id22615
The_Heartists,id22616
The_Highwaymen,id22617
The_Hippos,id22618
The_Hollies,id22619
The_Hondells,id22620
The_Honeydrippers,id22621
The_Hoosiers,id22622
The_Hooters,id22623
The_Hues_Corporation,id22624
The_Human_League,id22625
The_Ides_Of_March,id22626
The_Imperials,id22627
The_Infamous_Stringdusters,id22628
The_Intrigues,id22629
The_Intruders,id22630
The_Invisible_Mans_Band,id22631
The_Islanders,id22632
The_Isley_Brothers,id22633
The_J_Geils_Band,id22634
The_Jackson_5,id22635
The_Jackson_5_The_Jacksons,id22636
The_Jacksons,id22637
The_Jam,id22638
The_Jeff_Healey_Band,id22639
The_Jesus_Lizard,id22640
The_Jezabels,id22641
The_Jimi_Hendrix_Experience,id22642
The_Jimmy_Castor_Bunch,id22643
The_Jive_Aces,id22644
The_John_Butler_Trio,id22645
The_Johnny_Burnette_Trio,id22646
The_Johnny_Thompson_Singers,id22647
The_Jones_Girls,id22648
The_Joneses,id22649
The_Judds,id22650
The_Jungle_Book,id22651
The_Kaiser_Chiefs,id22652
The_Kalin_Twins,id22653
The_Kelly_Family,id22654
The_Kentucky_Headhunters,id22655
The_Killers,id22656
The_King,id22657
The_Kingsmen,id22658
The_Kinks,id22659
The_Knack,id22660
The_Kolors,id22661
The_Kolors_ft_Elodie,id22662
The_Kooks,id22663
The_Korgis,id22664
The_Kovenant,id22665
The_Las,id22666
The_Last_Bison,id22667
The_Last_Goodnight,id22668
The_Left_Banke,id22669
The_Lemon_Pipers,id22670
The_Lemonheads,id22671
The_Lettermen,id22672
The_Levellers,id22673
The_Lighthouse_Family,id22674
The_Lion_King,id22675
The_Little_Mermaid,id22676
The_Lively_Ones,id22677
The_Locomotions,id22678
The_Lords,id22679
The_Lotus_Eaters,id22680
The_Love_Affair,id22681
The_Loved_Ones,id22682
The_Lovelets,id22683
The_Lovin_Spoonful,id22684
The_Lumineers,id22685
The_Mackenzie_ft_Jessy,id22686
The_Madden_Brothers,id22687
The_Magic_Lanterns,id22688
The_Mamas__The_Papas,id22689
The_Mamas_and_the_Papas,id22691
The_Manhattan_Transfer,id22692
The_Manhattans,id22693
The_Marcels,id22694
The_Marshall_Tucker_Band,id22695
The_Martins,id22696
The_Marvelettes,id22697
The_Masters_Apprentices,id22698
The_Mavericks,id22699
The_Maytells,id22700
The_McCoys,id22701
The_Mcclymonts,id22702
The_Mersey_Beats,id22703
The_Merseybeats,id22704
The_Mighty_Mighty_Bosstones,id22705
The_Mike_Curb_Congregation,id22706
The_Mind_Benders,id22707
The_Mindbenders,id22708
The_Mini_Beats,id22709
The_Minstrels,id22710
The_Miracles,id22711
The_Mixtures,id22712
The_Models,id22713
The_Moffats,id22714
The_Moffatts,id22715
The_Moments,id22716
The_Monkees,id22717
The_Moody_Blues,id22718
The_Motels,id22719
The_Move,id22720
The_Muppets,id22721
The_Mystery_Jets,id22722
The_Nelson_Riddle_Orchestra,id22723
The_New_Colony_Six,id22724
The_New_Seekers,id22725
The_Nightcrawlers,id22726
The_Nite_Liters,id22727
The_Nolans,id22728
The_Notting_Hillbillies,id22729
The_OJays,id22730
The_OKaysions,id22731
The_Oak_Ridge_Boys,id22732
The_Offspring,id22733
The_Ohio_Express,id22734
The_Only_Seven,id22737
The_Ordinary_Boys,id22738
The_Orioles,id22739
The_Ormsby_Brothers,id22740
The_Osmonds,id22741
The_Other_Ones,id22742
The_Outfield,id22743
The_Outhere_Brothers,id22744
The_Overtones,id22745
The_Partridge_Family,id22746
The_Party_Boys,id22747
The_Pasadenas,id22748
The_Pearls,id22749
The_Penguins,id22750
The_Pentangle,id22751
The_Persuaders,id22752
The_Phat_Cat_Players_ft_Coco_Brown,id22753
The_Pick_Nicks,id22754
The_Pierces,id22755
The_Pipkins,id22756
The_Platters,id22757
The_Pogues,id22758
The_Pointer_Sisters,id22759
The_Police,id22760
The_Poppy_Family,id22761
The_Pretenders,id22762
The_Princess_And_The_Frog,id22763
The_Proclaimers,id22764
The_Prodigy,id22765
The_Psychedelic_Furs,id22766
The_Pussycat_Dolls,id22767
The_Pussycat_Dolls_Feat_Busta_Rhymes,id22768
The_Pussycat_Dolls_Feat_Will_I_Am,id22769
The_Radios,id22770
The_Rainbows,id22771
The_Rainy_Day_Singers,id22772
The_Ramones,id22773
The_Rascals,id22774
The_Rasmus,id22775
The_Raspberries,id22776
The_Rats,id22777
The_Rattles,id22778
The_Ray_Charles_Singers,id22779
The_Real_Thing,id22780
The_Reels,id22781
The_Rembrandts,id22782
The_Righteous_Brothers,id22783
The_Rinky_Dinks,id22784
The_Rippingtons,id22785
The_Rocky_Horror_Picture_Show,id22786
The_Rolling_Stones,id22787
The_Romantics,id22788
The_Ronettes,id22789
The_Rooftop_Singers,id22790
The_Roots_feat_Cody_Chesnutt,id22791
The_Royal_Showband_Waterford,id22792
The_Rubettes,id22793
The_Rutles,id22794
The_SOS_Band,id22795
The_Saints,id22796
The_Saturdays,id22797
The_Saw_Doctors,id22798
The_Scabs,id22799
The_Scaffold,id22800
The_Script,id22801
The_Seahorses,id22802
The_Searchers,id22803
The_Seekers,id22804
The_Sensational_Alex_Harvey_Band,id22805
The_Servant,id22806
The_Sex_Pistols,id22807
The_Shadows,id22808
The_Shadows__Jan_Hammer,id22809
The_Shags,id22810
The_Shakers,id22811
The_Shamen,id22812
The_Sherbs,id22813
The_Shins,id22814
The_Shirelles,id22815
The_Shorts,id22816
The_Simpsons,id22817
The_Sisterhood,id22818
The_Skytones,id22819
The_Smashing_Pumpkins,id22820
The_Smiths,id22821
The_Soca_boys,id22822
The_Sorrows,id22823
The_Soul_Survivors,id22824
The_Sound_Of_Music,id22825
The_Soundlovers,id22827
The_Space_Brothers,id22828
The_Sparks,id22829
The_Specials,id22830
The_Spencer_Davis_Group,id22831
The_Spiders,id22832
The_Spiders_1950s_Band,id22833
The_Spinners,id22834
The_Spotnickers,id22835
The_Spotnicks,id22836
The_Standells,id22837
The_Staple_Singers,id22838
The_Statler_Brothers,id22839
The_Steeldrivers,id22840
The_Stepp_Sisters,id22841
The_Steppers,id22842
The_Steve_Gibbons_Band,id22843
The_Stone_Roses,id22844
The_Strangers,id22845
The_Stranglers,id22846
The_Strokes,id22847
The_Style_Council,id22848
The_Stylistics,id22849
The_Sugababes,id22850
The_Sunclub,id22851
The_Sunny_Cowgirls,id22852
The_Sunnyboys,id22853
The_Superjesus,id22854
The_Supertones,id22855
The_Supremes,id22856
The_Supremes__the_Temptations,id22857
The_Surfaris,id22858
The_Sweet,id22859
The_Swingers,id22860
The_Swinging_Blue_Jeans,id22861
The_Sylvers,id22862
The_Symbol,id22863
The_Symbols,id22864
The_Tamperer_ft_Maya,id22865
The_Tams,id22866
The_Teddy_Bears,id22867
The_Temper_Trap,id22868
The_Temprees,id22869
The_Temptations,id22870
The_Three_Degrees,id22871
The_Three_Tenors_3_Tenors,id22872
The_Thrills,id22873
The_Ting_Tings,id22874
The_Toys,id22875
The_Tractors,id22876
The_Trammps,id22877
The_Tremeloes,id22878
The_Troggs,id22879
The_Tune_Weavers,id22880
The_Turtles,id22881
The_Tweets,id22882
The_Twilights,id22883
The_Tymes,id22884
The_Underdog_Project,id22885
The_Underground_Set,id22886
The_United_Dance_People,id22887
The_Upsetters,id22888
The_Vamps,id22889
The_Vapors,id22890
The_Velvet_Underground,id22891
The_Velvettes,id22892
The_Ventures,id22893
The_Veronicas,id22894
The_Verve,id22895
The_Very_Best,id22896
The_Vibrants,id22897
The_Vines,id22898
The_Vogues,id22899
The_Waifs,id22900
The_Walker_Brothers,id22901
The_Wallflowers,id22902
The_Wanted,id22903
The_Waterboys,id22904
The_Weather_Girls,id22905
The_Weeknd,id22906
The_Whispers,id22907
The_White_Stripes,id22908
The_Who,id22909
The_Wiggles,id22910
The_Wonders,id22911
The_Woolpackers,id22912
The_Yardbirds,id22913
The_Yardbirds_ft_Jeff_Beck,id22914
The_Young_Rascals,id22915
The_Youngbloods,id22916
The_Zombies,id22917
The_Zutons,id22918
Theatre_of_Tragedy,id22919
Thelma_Houston,id22920
Thelonious_Monk,id22921
Them,id22922
Them_Van_Morrison,id22923
Theme_from_Allo_Allo,id22924
Theo_Diepenbrock,id22925
Theodorakis,id22926
Theodore_Dubois,id22927
Theodore_Morse,id22928
Therion,id22929
They_Might_Be_Giants,id22930
Thin_Lizzy,id22931
Things_Of_Stone__Wood,id22932
Third_Eye_Blind,id22933
Third_World,id22934
Thirsty_Merc,id22935
This_Mortal_Coil,id22936
Thoinot_Arbeau,id22937
Thom_Pace,id22938
Thomas_Adams,id22939
Thomas_Ambroise,id22940
Thomas_Anders,id22941
Thomas_Anders__Three_Degrees,id22942
Thomas_Arne,id22943
Thomas_Attwood,id22944
Thomas_Attwood_Walmisley,id22945
Thomas_Bateson,id22946
Thomas_Campion,id22947
Thomas_Causton,id22948
Thomas_Champion,id22949
Thomas_Clark,id22950
Thomas_Crecquillon,id22951
Thomas_Dolby,id22952
Thomas_Ebdon,id22953
Thomas_Eisenhut,id22954
Thomas_Elsbeth,id22955
Thomas_Firth,id22956
Thomas_Ford,id22957
Thomas_Gottschalk__die_besorgten_Väter,id22958
Thomas_Greaves,id22959
Thomas_Hastings,id22960
Thomas_Haweis,id22961
Thomas_Helmig,id22962
Thomas_Helmig__Medina,id22963
Thomas_Hunt,id22964
Thomas_J_Williams,id22965
Thomas_Jarman,id22966
Thomas_John_Rogers,id22967
Thomas_Merritt,id22968
Thomas_Morley,id22969
Thomas_Mudd,id22970
Thomas_Norris,id22971
Thomas_Purday,id22972
Thomas_Pöpel,id22973
Thomas_Ravenscroft,id22974
Thomas_Rhett,id22975
Thomas_Stoltzer,id22976
Thomas_Tallis,id22977
Thomas_Thordarson,id22978
Thomas_Tomkins,id22979
Thomas_Tremain,id22980
Thomas_Vautor,id22981
Thomas_W_Talley,id22982
Thomas_Weelkes,id22983
Thomas_Whythorne,id22984
Thomas_à_Becket,id22985
Thompson_Square,id22986
Thompson_Steven_E,id22987
Thompson_Twins,id22988
Thompson_Will_Lamartine,id22989
Thor,id22990
Thornton_James,id22991
Three_Days_Grace,id22992
Three_Degrees,id22993
Three_Dog_Night,id22994
Three_Doors_Down,id22995
Three_Step,id22996
Thunder,id22997
Thunderclap_Newman,id22998
Thurlow_Weed,id22999
Théodore_Dubois,id23000
Théodore_Gouvy,id23001
TiPiCal,id23002
Tiamat,id23003
Tiburtio_Massaino,id23004
Tielman_Susato,id23005
Tierney_Harry,id23006
Tierra_Santa,id23007
Tierra_feat_Cecilia_Gayle,id23008
Ties,id23009
Tiesto,id23010
Tiffany,id23011
Tight_Fit,id23012
Tim_Bendzko,id23013
Tim_Bo_Madsen,id23014
Tim_Christensen,id23015
Tim_Kristensen,id23016
Tim_McGraw,id23017
Tim_Pratt,id23019
Tim_Risher,id23020
Tim_Tim,id23021
Timbaland,id23022
Timbaland_Feat_Keri_Hilson__Doe,id23023
Timbaland_Ft_One_Republic,id23024
Timbaland_feat_One_Republic,id23025
Timbaland_ft_OneRepublic,id23026
Timberland_Feat_Katy_Perry,id23027
Timeless,id23028
Timi_Yuro,id23029
Timmy_Thomas,id23030
Timoria,id23031
Timothy_Olmsted,id23032
Timothy_R_Matthews,id23033
Timothy_Swan,id23034
Tin_Tin,id23035
Tin_Tin_Out,id23036
Tina_Arena,id23037
Tina_Charles,id23038
Tina_Cousins,id23039
Tina_Cousins__Sash,id23040
Tina_Dico,id23041
Tina_Karol,id23042
Tina_Rainford,id23043
Tina_Turner,id23044
Tina_Turner__Barry_White,id23045
Tina_Turner__Rod_Stewart,id23046
Tinchy_Stryder_ft_Taio_Cruz,id23047
Tinel_Jef,id23048
Ting_Tings,id23049
Tinturia,id23050
Tiromancino,id23051
Tiromancino__Tiziano_Ferro,id23052
Tischer_Johann_Nikolaus,id23053
Tischmusikversion,id23054
Titelouze_Jean,id23055
Titiyo,id23056
Tito_Gomez,id23057
Tito_Puente,id23058
Tito_Ramos,id23059
Tito_Rojas,id23060
Tiziana_Rivale,id23061
Tiziano_Ferro,id23062
Tiziano_Ferro__Carmen_Consoli,id23063
Tiziano_Ferro__Jamelia,id23064
Tiziano_Ferro_feat_Kelly_Rowland,id23065
Tiziano_Lugli,id23066
Toad_The_Wet_Sprocket,id23068
Toadies,id23070
Tobias_Regner,id23071
Tobler_Johann_Heinrich,id23072
Toby_Keith,id23073
Toby_Keith_And_Willie_Nelson,id23074
Toby_Keith__Sting,id23075
Toby_Wardman,id23076
Tod_B_Galloway,id23077
Todd_Rundgren,id23078
Toesedrengene,id23079
Tokens,id23080
Tokio_Hotel,id23081
Tol_Hansse,id23082
Tom_Astor,id23083
Tom_Astor__Johnny_Cash,id23084
Tom_Astor__Lynn_Anderson,id23085
Tom_Braxton,id23086
Tom_Cochran,id23087
Tom_DeLonge,id23088
Tom_Jobim,id23089
Tom_Jones,id23090
Tom_Jones__Heather_Small,id23091
Tom_Jones__Jools_Holland,id23092
Tom_Jones__Mousse_T,id23093
Tom_Jones__Stereophonics,id23094
Tom_Jones__The_Cardigans,id23095
Tom_Jones_feat_Simply_Red,id23096
Tom_Mahieu,id23097
Tom_Odell,id23098
Tom_Petty,id23099
Tom_Petty_And_The_Heartbreakers,id23100
Tom_Robinson,id23103
Tom_Robinson_Band,id23104
Tom_Russell,id23105
Tom_Stormy_Trio_Feat_Rhythm_Sophie,id23106
Tom_T_Hall,id23107
Tom_Tom_Club,id23108
Tom_Turpin,id23109
Tom_Waes,id23110
Tom_Waits,id23111
Tom_Walker,id23112
Tom_Wopat,id23113
Tomas_Luis_da_Victoria,id23114
Tomaso_Cecchino,id23115
Tomaso_Pucci,id23116
Tomkins_Thomas,id23117
Tommaso_Bai,id23118
Tommaso_Paradiso,id23119
Tommy_Edwards,id23120
Tommy_Fleming,id23121
Tommy_James_And_The_Shondells,id23122
Tommy_James__The_Shondells,id23123
Tommy_Makem,id23125
Tommy_Roe,id23126
Tommy_Sands,id23127
Tommy_Steele,id23128
Tommy_Steiner,id23129
Tommy_Tutone,id23130
Tommy_Walker,id23131
Tomás_Luis_de_Victoria,id23132
Tomás_de_Torrejón_y_Velasco,id23133
Tone_Loc,id23134
Tones,id23135
Tones_And_I,id23136
Toni_Basil,id23138
Toni_Braxton,id23139
Toni_Braxton_ft_Trey_Songz,id23140
Toni_Servi,id23141
Tonic,id23142
Tonina_Torielli,id23143
Tonino_Apicella,id23144
Tonino_Carotone,id23145
Tonino_Carotone_e_gli_Arpioni,id23146
Tono_Rosario,id23147
Tontxu,id23148
Tony_Astarita,id23149
Tony_Banks,id23150
Tony_Barber,id23151
Tony_Bennett,id23152
Tony_Bennett_And_Lady_Gaga,id23153
Tony_Bennett_Feat_Stevie_Wonder,id23154
Tony_Bennett__Amy_Winehouse,id23155
Tony_Bennett__Lady_Gaga,id23156
Tony_Carey,id23157
Tony_Christie,id23158
Tony_Cucchiara,id23159
Tony_Dallara,id23160
Tony_Del_Monaco,id23161
Tony_Esposito,id23162
Tony_Evans_Orchestra,id23163
Tony_Joe_White,id23164
Tony_Landa,id23165
Tony_Marshall,id23166
Tony_Orlando_And_Dawn,id23167
Tony_Orlando__Dawn,id23168
Tony_Renis,id23169
Tony_Ronald,id23170
Tony_Sandler,id23171
Tony_Santagata,id23172
Tony_Santos,id23173
Tony_Stevens,id23174
Tony_Terry,id23175
Tony_Toni_Toné,id23176
Tool,id23177
Toontje_Lager,id23178
Toots_Thielemans,id23179
Toots__The_Maytals,id23180
Toots_and_the_Maytals,id23181
Topic_ft_A7S,id23182
Toploader,id23183
Topol,id23184
Topolino_Radio_Orquesta,id23185
Toquinho,id23186
Toquinho_e_Fred_Bongusto,id23187
Toquinho_e_Jorge_Benjor,id23188
Torben_Klaes,id23189
Torelli_Giuseppe,id23190
Toreros_Muertos,id23191
Torfrock,id23192
Tori_Amos,id23193
Tori_Kelly,id23194
Tormento__Tiromancino,id23195
Tornados,id23196
Torre_Francisco_de_la,id23197
Torres_Eduardo,id23198
Tosca,id23199
Toselli_Enrico,id23200
Tosone_Marcello,id23201
Total_Touch,id23202
Toto,id23203
Toto_Cotugno,id23204
Toto_Cutugno,id23205
Toto_Cutugno_e_Annalisa_Minetti,id23206
Totò,id23207
Touch_And_Go,id23208
Touch_Of_Joy,id23209
Touché,id23211
Touché_feat_Krayzee,id23212
Tournemire_Charles,id23213
Tove_Lo,id23214
Tower_Of_Power,id23215
Town,id23217
Tozzi__Ruggeri__Morandi,id23218
Trabaci_Giovanni_Maria,id23219
Trace_Adkins,id23220
Tracey_Bonham,id23221
Tracey_Byrd,id23222
Tracey_Ullman,id23223
Tractors,id23224
Tracy_Byrd,id23225
Tracy_Chapman,id23226
Tracy_Lawerance,id23227
Tracy_Lawrence,id23228
Trad,id23229
Trading_Yesterday,id23230
Traditional,id23231
Traditional_Australian,id23232
Traditional_Irish,id23233
Trafassi,id23234
Trafassi_Man,id23235
Traffic,id23236
Train,id23237
Trance,id23238
Trance_feat_Rod_Stewart,id23239
Transcargo,id23240
Transfer,id23241
Transvision_Vamp,id23242
Traveling_Wilburys,id23243
Travie_Mccoy_Featuring_Bruno_Mars,id23244
Travis,id23245
Travis_Tritt,id23246
Treble,id23247
Treem,id23248
Trehou_Gregorius,id23249
Trentemoller,id23250
Trettrè,id23251
Trevor_Horn_ft_Robbie_Williams,id23252
Trey_Anastasio,id23253
Triana,id23254
Tribalistas,id23255
Tribà,id23256
Tricarico,id23257
Tricarico_ft_Francesco_de_Gregori,id23258
Trick_Pony,id23259
Trijntje_Oosterhuis,id23260
Trine_Dyrholm,id23261
Trini_Lopez,id23262
Trini_Triggs,id23263
Trio,id23265
Trio_Lescano,id23266
Trisha_Yearwood,id23267
Tristania,id23268
Tritant_Gustave,id23269
Triumph,id23270
Trivium,id23271
Troels_Trier,id23272
Trombetti_Ascanio,id23273
Tromboncino_Bartolomeo,id23274
Trooper,id23275
Tropicana_Club,id23276
Troy_Cook_Jr,id23277
Truck_Stop,id23278
Trudy_Richards,id23279
True_Steppers__Dane_Bowers__Victoria_Beckham,id23280
True_Steppers__Dane_Bowers_ft_Victoria_Beckham,id23281
Truman_Wetmore,id23282
Très_bien_avec_Ilona,id23283
Tschaikovsky_Peter_Ilyich,id23284
Tsirkovaya_Muzyika,id23285
Tsé,id23286
Tubb_Ernest,id23287
Tucker_Henry_L,id23288
Tullio_De_Piscopo,id23289
Tullio_Visioli,id23290
Tun,id23291
Tunder_Franz,id23292
Tune_Up,id23293
Tupac,id23294
Turin_Brakes,id23295
Turner_Overdrive,id23296
Tuxedo,id23297
Tv2,id23298
Tv_Ad_1970_Australia,id23299
Twain_Shania,id23301
Twarres,id23302
Tweets,id23303
Twenty_4_Seven,id23304
Twenty_One_Pilots,id23305
Twin_Peaks,id23306
Twista,id23307
Twisted_Sister,id23308
Twiztid,id23309
Two_Of_Us,id23310
TyGo630,id23311
Ty_England,id23312
Tye_Christopher,id23313
Tye_Tribbett,id23314
Tyketo,id23315
Tyketto,id23316
Tyla,id23317
Tyler_Farr,id23318
Tyler_Hilton,id23319
Tyler_Rusco,id23320
Type,id23321
Type_O_Negative,id23322
Typically_Tropical,id23323
Tyrone_Davis,id23324
Tárrega_Francisco,id23325
Türk_Daniel_Gottlob,id23326
U96,id23327
UB40,id23328
UFO,id23329
UKW,id23330
US3,id23331
USA_For_Africa,id23332
U_96,id23333
Ub40__Chrissie_Hynde,id23335
Uccellini_Marco,id23336
Udo_Jurgens,id23337
Udo_Jürgens,id23338
Udo_Jürgens_und_Sonja_Kimmons,id23339
Udo_Lindenberg,id23340
Ugly_Kid_Joe,id23341
Uglyz_The,id23342
Ugoletti_Paolo,id23343
Ugolino,id23344
Ulali,id23345
Ulivieri,id23346
Ulrich_Braetel,id23347
Ultimate_Kaos,id23348
Ultimate_Medleys,id23349
Ultimate_Rejects,id23350
Ultimo,id23351
Ultra_Nate,id23352
Ultrabeat,id23353
Ultravox,id23354
Umberto_Balsamo,id23355
Umberto_Bindi,id23356
Umberto_Bindi__New_Trolls,id23357
Umberto_Giordano,id23358
Umberto_Marcato,id23359
Umberto_Napolitano,id23360
Umberto_Tozzi,id23361
Umberto_Tozzi__Marco_Masini,id23362
Umbreit_Karl_Gottlieb,id23363
Umiliani,id23364
Uncle_Kracker,id23365
Undercover,id23366
Underworld,id23367
Unified_Tribe,id23368
Unique_Ii,id23369
Unit_4__2,id23370
Unknown,id23371
Unleashed,id23372
Uomobono_Morsolino,id23373
Upa_Dance,id23374
Urban_Cookie_Collective,id23375
Urban_Electro_Dj_Sizzahand,id23376
Urban_Trad,id23377
Urbano_Aspa,id23378
Urbanus,id23379
Uriah_Davenport,id23380
Uriah_Heep,id23381
Urko,id23382
Usher,id23384
Usher_Feat_Lil_Jon_Ludacris,id23385
Usher_Feat_William,id23386
Utada_Hikaru,id23387
Utah_Saints,id23388
Utrecht_Heinrich,id23389
Uwe_Hübner,id23390
VICKY_SALAMOR,id23391
VOF_De_Kunst,id23392
VV_Brown,id23394
V_Marceau,id23395
V_Spy_V_Spy,id23396
Vader,id23397
Vader_Abraham,id23398
Vaet_Jacobus,id23399
Vai_Steve,id23400
Valderrabano,id23401
Valderrábano_Enríquez_de,id23402
Valdes,id23403
Valen,id23404
Valente_Antonio,id23405
Valente_Vincenzo,id23406
Valenti_Niccolò,id23407
Valentin,id23408
Valentin_Haussmann,id23409
Valentina_Giovagnini,id23410
Valentina_Giovannini,id23411
Valentina_Stella,id23412
Valentina_Stella__Gigi_Finizio,id23413
Valentine_Robert,id23414
Valentini_Giuseppe,id23415
Valenza_Gaetano,id23416
Valeria_Farinacci,id23417
Valeria_Rossi,id23418
Valerio_Guami,id23419
Valerio_Scanu,id23420
Valerius_Adrianus,id23421
Valls_Francisco,id23422
Valse_Musette,id23423
Vamp,id23424
Vampire_Weekend,id23425
Van_Alstyne_Egbert,id23426
Van_Halen,id23427
Van_McCoy,id23428
Van_Morrison,id23430
Van_Schenkhof_Mark,id23431
Van_Weerbeke_Gaspar,id23432
Van_den_Plas_A,id23433
Vance_Joy,id23434
Vance_Lane,id23435
Vanda_Vanda,id23436
Vandals,id23437
Vandals_The,id23438
Vanessa_Amorosi,id23439
Vanessa_Carlton,id23440
Vanessa_Chinitor,id23441
Vanessa_Paradis,id23442
Vanessa_Williams,id23443
Vangelis,id23444
Vanhal_Johann_Baptist,id23445
Vanilla_Fudge,id23446
Vanilla_Ice,id23447
Vanity_Fare,id23448
Varios,id23449
Various,id23450
Various_Artists,id23451
Various_Country,id23452
Varotto_Michele,id23453
Vasco_Rossi,id23454
Vasily_Kalinnikov,id23455
Vasso_Ovale,id23456
Vatroslav_Lisinski,id23457
Vaughan_Brothers,id23458
Vaughan_Williams_Ralph,id23459
Vaya_Con_Dios,id23460
Vecchi_Orazio,id23461
Vega,id23462
Vega4,id23463
Vegas,id23464
Veit_Václav,id23465
Velthur_Tognoni,id23466
Velvet,id23467
Velvet_Revolver,id23468
Venegas_de_Henestrosa_Luis,id23469
Vengaboys,id23470
Vengaboys_ft_Cheekah,id23471
Venice,id23472
Venter_Pa_Far,id23473
Ventures,id23474
Vera_Lynn_with_Roland_Shaw_Orchestra,id23475
Veracini_Francesco_Maria,id23476
Veramente_Anonimi,id23477
Verdelot_Philippe,id23478
Verdena,id23479
Verdi_Giuseppe,id23480
Verdi_Guiseppe,id23481
Verdiana,id23482
Verdonck_Cornelis,id23483
Vern_Gosdin,id23484
Vernice,id23485
Veronica_Lock,id23486
Veronica_Ventavoli,id23487
Verspoell_Christoph_Bernhard,id23488
Vertical_Horizon,id23489
Vertigo,id23490
Veruca_Salt,id23491
Veruska,id23492
Verve,id23493
Verve_Pipe,id23494
Vetter_Nicolaus,id23495
Via_Verdi,id23496
Viadana_Lodovico_da,id23497
Vianella,id23498
Vic_Damone,id23499
Vic_Mizzy,id23500
Vic_Reeves,id23501
Vic_Reeves__The_Wonderstuff,id23502
Vic__Sepp,id23503
Vicelli_Stefano,id23504
Vicente_Fernandez,id23505
Viceversa,id23506
Vicki_Sue_Robinson,id23507
Vickie_Winans,id23508
Vicky_Leandros,id23509
Vico_Torriani,id23510
Vict_Rai,id23511
Victor_Eder,id23512
Victor_Herbert,id23513
Victor_Manuel,id23514
Victor_Wilburn,id23515
Victoria_Beckham,id23516
Victoria_Tomás_Luis_de,id23517
Vidal_Paul,id23518
Vierling_Johann_Gottfried,id23519
Viggo_Sommer,id23520
Vigon_Bamy_Jay,id23521
Vika_And_Linda_Bull,id23522
Vika__Linda_Bull,id23523
Vikingarna,id23524
Vikki_Carr,id23525
Vilarroig_Pedro,id23526
Vilbac_Renaud_de,id23527
Village_People,id23528
Village_Stompers,id23529
Villate,id23530
Ville_Valo_feat_Natalia_Avelon,id23531
Villoldo_Ángel_Gregorio,id23532
Vince_Gill,id23533
Vince_Gill__Rodney_Crowlley,id23534
Vincent_Francis_Novello,id23535
Vincent_IV_Teo,id23536
Vincentio_Podio,id23537
Vincenzo_Albrici,id23538
Vincenzo_Bellavere,id23539
Vincenzo_Bertolusi,id23540
Vincenzo_Fronti,id23541
Vincenzo_Fuxio,id23542
Vincenzo_Recco,id23543
Vincenzo_Ruffo,id23544
Vinci_Pietro,id23545
Vines,id23546
Vineyard,id23547
Vinicio_Capossela,id23548
Vinicius_Toquinho_Y_María_Creuza,id23549
Vinko_Vodopivec,id23550
Viola_Valentino,id23551
Viola_Wills,id23552
Violent_Femmes,id23553
Violetta_Zironi,id23554
Virgilio_Mazzocchi,id23555
Viro_Angel,id23556
Virtual_Zone,id23557
Visage,id23558
Visconti,id23559
Vishal_Mishra,id23560
Vision,id23561
Visions,id23562
Visée_Robert_de,id23563
Vitali_Filippo,id23564
Vitamin_C,id23565
Vitas,id23566
Vittorio_De_Sica,id23567
Vittorio_Franz,id23568
Vittorio_Grigolo__Nicola_Piovani,id23569
Vittorio_Inzaina,id23570
Vivaldi_Antonio,id23571
Vivian_Green,id23572
Vlad_Zoborovski,id23573
Vladimir_Berdović,id23574
Vladimir_Cosma,id23575
Vladimir_Vavilov,id23576
Vogel_Moritz,id23577
Vogler_Georg_Joseph,id23578
Voivod,id23579
Vojtěch_Ulrich,id23580
Volbeat,id23581
Volumia,id23582
Von_Tilzer_Albert,id23583
Vonda_Shepard,id23584
Vonda_Shepard_Ally_Mcbeal,id23585
Vonda_Shepard__Al_Green__Ally_Mcbeal,id23586
Voyager,id23587
Vredeman_Jacob,id23588
Vulfran_Samin,id23589
Vulpius_Melchior,id23590
Václav_Emanuel_Horák,id23591
Vásquez_Juan,id23592
Víctor,id23593
WASP,id23594
W_Gorzelniawski,id23595
W_J_White,id23596
W_Kosminski,id23597
W_martin,id23598
Wachs_Paul,id23599
Wade_Hayes,id23600
Wade_John_Francis,id23601
Waelrant_Hubert,id23602
Wagenseil_Georg_Christoph,id23603
Wagner_Richard,id23604
Wake,id23605
Walch_Johann_Heinrich,id23606
Waldteufel_Emile,id23607
Walk_Off_The_Earth_ft_Parachute,id23608
Walk_The_Moon,id23609
Walkers,id23610
Wall_Flowers,id23611
Wallace_Collection,id23612
Waller_Fats,id23613
Wallflowers,id23614
Walsh_John,id23615
Walt_Andres__The_Buddy_Morrow_Orchestra,id23616
Walter_Beasley,id23617
Walter_Capiau,id23618
Walter_Cecil_Hay,id23619
Walter_Cecil_Macfarren,id23620
Walter_Egan,id23621
Walter_Factor_X,id23622
Walter_Foini,id23623
Walter_Frye,id23624
Walter_Janes,id23625
Walter_Johann,id23626
Walter_Kittredge,id23627
Walter_Murphy,id23628
Walter_Murphy_and_the_Big_Apple_Band,id23629
Walter_Porter,id23630
Walter_Wanderley,id23631
Walther_Johann_Gottfried,id23632
Waltz_Style,id23633
Wamdue_Project,id23634
Wanda_Jackson,id23635
Wanda_Sa_y_Celia_Vaz,id23636
Wang_Chung,id23637
Wannes_van_de_Velde,id23638
War,id23639
Ward_John,id23640
Ward_Samuel_Augustus,id23641
Warlock_Peter,id23642
Warren_G,id23643
Warren_G__Adina_Howard,id23644
Warren_G__Nate_Dogg,id23645
Warren_George_William,id23646
Warren_Hill,id23647
Warren_Zevon,id23648
Was_Not_Was,id23649
Waterloo__Robinson,id23650
Wauquel,id23651
Waylon_Jennings,id23652
Wayman_Tisdale,id23653
Wayne_Fontana,id23654
Wayne_Fontana_and_the_Mindbenders,id23655
Wayne_Newton,id23656
Wayne_Shorter,id23657
Wayne_Wonder,id23658
We_Are_Scientists,id23659
Weather_Report,id23660
WebbPierce,id23661
Webbe_Samuel,id23662
Weber_Carl_Maria_von,id23663
Weber_Kristof_J,id23664
Webster_Joseph_Philbrick,id23665
Wedding_Songs,id23666
Weddings_Parties_Anything,id23667
Weelkes_Thomas,id23668
Ween,id23669
Weezer,id23670
Weimar,id23671
Weiss_Karl,id23672
Weiss_Sylvius_Leopold,id23673
Wencke_Myhre,id23674
Wendy_Matthews,id23675
Wendy_Moten,id23676
Wendy_Moton,id23677
Wendy_Perez,id23678
Wendy_Van_Wanten,id23679
Wendy_Van_Wanten__Willy_Sommers,id23680
Wenrich_Percy,id23682
Wenzel_Wilhelm_Würfel,id23683
Werner_Heinrich,id23684
Werner_Müller__Ambros_Seelos,id23685
Wert_Giaches_de,id23686
Wes,id23687
Wes_Carr,id23688
Wes_Montgomery,id23689
Wesley_Samuel,id23690
Wesley_Samuel_Sebastian,id23691
Wess,id23692
Wess__Dori_Ghezzi,id23693
West_Angeles_Cogic_Mass_Choir__Congregation,id23694
West_Angeles_Mass_Choir,id23695
West_John_Ebenezer,id23696
West_Side_Connection,id23697
West_Spencer_Fried,id23698
Westlife,id23699
Westlife_And_Diana_Ross,id23700
Westlife__Diana_Ross,id23701
Wet_Wet_Wet,id23702
Wet_Willie,id23703
Wetmore_William_J,id23704
Weyse_Christoph_Ernst_Friedrich,id23705
Wham,id23706
Wham_Dance_Remix,id23707
Wheatus,id23708
Whigfield,id23709
Whistling_Jack_Smith,id23710
White_Christmas_Broadway,id23711
White_Lion,id23712
White_Plains,id23713
White_Robert,id23714
White_Stripes,id23715
White_Town,id23716
White_Zombie,id23717
Whiteface,id23718
Whiteman_Paul,id23719
Whitesnake,id23720
Whitfeld,id23721
Whitney_Houston,id23722
Whitney_Houston__Enrique_Iglesias,id23723
Whitney_Houston__George_Michael,id23724
Whitney_Houston__Jermaine_Jackson,id23725
Who,id23726
Widmann_Benedikt,id23727
Widmann_Erasmus,id23728
Widor,id23729
Wiedoeft_Rudy,id23730
Wietse_Stuurman,id23731
Wigbert,id23732
Wilbert_Harrison,id23733
Wilbye_John,id23734
Wilco,id23735
Wild_Cherry,id23736
Wildlife_Feat_Simone_Denny,id23737
Wilfrido_Vargas,id23738
Wilhelm_Greef,id23739
Wilhelm_Kienzl,id23740
Wilhelm_Meyer_Lutz,id23741
Wilhelm_Nagel,id23742
Wilhelm_Stenhammar,id23743
Wilhelm_Troschel,id23744
Wili_Chirino,id23745
Wilkonsons,id23746
Will_Downing,id23747
Will_Downing___Bobby_Lyle,id23748
Will_Ferdy,id23749
Will_Mellor,id23750
Will_Smith,id23751
Will_To_Power,id23752
Will_To_Power_Feat_Donna_Allen,id23753
Will_Tura,id23754
Will_Young,id23755
Will_Young_Pop_Idol,id23756
Will_Young__Gareth_Gates,id23757
Willaert_Adrian,id23758
Willeke_Alberti,id23759
Willeke_Willem,id23760
Willem_Jan_Hanegraaf,id23761
Willem_Verkaik,id23762
William,id23763
William_Batchelder_Bradbury,id23764
William_Beale,id23765
William_Bennett,id23766
William_Bennett_Ninnis,id23767
William_Billings,id23768
William_Booth,id23769
William_Bowen_Chinner,id23770
William_Boyce,id23771
William_Byrd,id23772
William_Chatterton_Dix,id23773
William_Child,id23774
William_Cobbold,id23775
William_Corkine,id23776
William_Cornysh,id23777
William_Croft,id23778
William_Crotch,id23779
William_D_Thompson,id23780
William_Daggere,id23781
William_Daman,id23782
William_Dixon,id23783
William_Ellison,id23784
William_Evans,id23785
William_Ft_Cheryl_Cole,id23786
William_G_Fischer,id23787
William_Gardiner,id23788
William_Gifford,id23789
William_H_Doane,id23790
William_H_Jude,id23791
William_Hauser,id23792
William_Hayes,id23793
William_Henry_Bell,id23794
William_Henry_Monk,id23795
William_Horsley,id23796
William_Joseph_Westbrook,id23797
William_Kirkpatrick,id23798
William_Knapp,id23799
William_L_Dawson,id23800
William_Lawes,id23801
William_Linley,id23802
William_Marsh,id23803
William_Mason,id23804
William_Mather,id23805
William_Mcdowell,id23806
William_Moore,id23807
William_Mundy,id23808
William_Orbit,id23809
William_P_Rowlands,id23810
William_Parsons_I,id23811
William_Paxton,id23812
William_Perry,id23813
William_Savage_Pitts,id23814
William_Shield,id23815
William_Shrubsole,id23816
William_Smith,id23817
William_Steffe,id23818
William_Sterndale_Bennett,id23819
William_Stonard,id23820
William_Tansur,id23821
William_Thorn,id23822
William_Vincent_Wallace,id23823
William_Viner,id23824
William_Walker,id23825
William_Whittaker,id23826
Williams_Aaron,id23827
Williams_Spencer,id23828
Williams_William,id23829
Willie_Colon,id23830
Willie_Hunter,id23831
Willie_Hutch,id23832
Willie_Mitchell,id23833
Willie_Nelson,id23834
Willie_Nelson_And_Julio_Iglesias,id23835
Willis_Richard_Storrs,id23836
Willis_Wallis,id23837
Willy_Alberti__André_Hazes,id23838
Willy_Chirino,id23839
Willy_DeVille,id23840
Willy_Sommers,id23841
Wilma_De_Angelis,id23842
Wilma_Goich,id23843
Wilson_Del,id23844
Wilson_Phillips,id23845
Wilson_Pickett,id23846
Wilson__Llewellyn,id23847
Wim_Kersten__De_Viltjes,id23848
Wim_Soutaer,id23849
Winans,id23850
Wind,id23851
Wind_Jammer,id23852
Windir,id23853
Windjammer,id23854
Windows,id23855
Winfield_S_Weeden,id23856
Winfried_Grünewald,id23857
Winger,id23858
Wings,id23859
Winterplay,id23860
Wintersun,id23861
Wir_sind_Helden,id23862
Wirtschaftswunder,id23863
Wiseguys,id23864
Wishbone_Ash,id23865
Within_Temptation,id23866
Witte_George_Hendrik,id23867
Witthauer_Johann_Georg,id23868
Wiz_Khalifa_Ft_Charlie_Puth,id23869
Wizard_Of_Oz,id23870
Wizo,id23872
Wizzard,id23873
Wolder_David,id23874
Wolf_Hugo,id23875
Wolf_Maahn,id23876
Wolff_Heintz,id23877
Wolff_Édouard,id23878
Wolfgang_Amadeus_Mozart,id23879
Wolfgang_Figulus,id23880
Wolfgang_Petry,id23881
Wolfgang_Sauer,id23882
Wolfmother,id23883
Wolter_Kroes,id23884
Womack__Womack,id23885
Wonder_Girls,id23886
Wonder_Stevie,id23887
Wonders,id23888
Wood_Charles,id23889
Woodcock_Clement,id23890
Woods_J_H,id23891
Woolpackers,id23892
Wooster_And_Smith,id23893
World_Party,id23894
Worlds_Apart,id23895
Wot_Felix_Firmiana,id23897
Wouter,id23898
Wragg_Mary_Anne_Roper,id23899
Wrona_Artur,id23900
Wu_Tang_Clan,id23901
Wyclef_Jean,id23902
Wyclef_Jean_Feat_Cl_Otiz,id23903
Wyle__The_Wild_West_Show,id23904
Wynonna,id23905
Wynonna_Judd,id23906
Wély,id23907
Wély_Louis_James_Alfred,id23908
X,id23909
XTC,id23910
XXL_ft_Peter_Steiner,id23911
X_Ambassadors,id23912
X_Factor_Finalists_2009,id23913
X_Factor_Finalists_2011_ft_JLS__One_Direction,id23914
X_Factor_finalists_2010,id23915
X_Sense,id23916
Xandee,id23917
Xnk,id23918
Xscape,id23919
Xuxa,id23920
Xzibit,id23921
YUNG_DSA,id23922
Yachshenko_Taras,id23923
Yaco_Monti,id23924
Yael_Naim,id23925
Yamboo,id23926
Yanada_Tadashi,id23927
Yanni,id23928
Yarbrough_and_Peoples,id23929
Yardbirds,id23930
Yasmine,id23931
Yaz,id23932
Yazoo,id23933
Yazz,id23934
Years_and_Years,id23935
Yellow_Magic_Orchestra,id23936
Yellowcard,id23937
Yellowjackets,id23938
Yep_Girls,id23939
Yes,id23940
Yi_Qi_Wen,id23941
Ying_Yang_Twins,id23942
Yiruma,id23943
Ylvis,id23944
Yo,id23945
Yo_Hitoto,id23946
Yo_Neyo,id23947
Yo_Yo_Honey_Singh,id23948
Yoko_Oginome,id23949
Yolanda_Be_Cool,id23950
Yon_Pietro,id23951
York,id23952
Yoskar,id23953
Yoskar_Sarante,id23954
Yothu_Yindi,id23955
You_Hitoto,id23956
Young_Blood,id23957
Young_Deenay,id23958
Young_James_Howard,id23959
Young_Rascals,id23960
Young_William,id23961
Young__Rollins,id23962
Youngbloods,id23963
Youssou_NDour__Neneh_Cherry,id23964
Yradier_Sebastián,id23965
Yu_Yu,id23966
Yukihiro_Takahashi,id23967
Yusaku_Kiyama,id23968
Yusof_Ahmad_Aliff,id23969
Yusuf_Cat_Stevens,id23970
Yvan_Guilini,id23971
Yves_Montand,id23972
Yves_Segers,id23973
Yvonne_Elliman,id23974
Yılmaz_Hasan_Hüseyin,id23975
Z,id23976
ZAP,id23977
ZZ_Top,id23978
Z_Feat_Joanne,id23979
Zac_Brown_Band,id23980
Zac_Efron,id23981
Zac_Efron__Zendaya,id23982
Zacarias_Ferreira,id23983
Zachow_Friedrich_Wilhelm,id23984
Zager_And_Evans,id23985
Zager__Evans,id23986
Zajc_Ivan,id23988
Zakharia_Paliashvili,id23989
Zanetti_Gasparo,id23990
Zangeres_Zonder_Naam,id23991
Zangius_Nikolaus,id23992
Zapato_Veloz,id23993
Zappacoste_Dirty_Dancing,id23994
Zarah_Leander,id23995
Zascha,id23996
Zavateri_Lorenzo_Gaetano,id23997
Zayn_Malik,id23998
Zebrahead,id23999
Zecchino_dOro,id24000
Zecchino_doro_49,id24002
Zedd,id24003
Zedd_Featuring_Hayley_Williams,id24004
Zedd_ft_Hayley_Williams,id24005
Zedekiah_Sanger,id24006
Zeemacht,id24007
Zeller_Carl,id24008
Zen_Antonio,id24009
Zendaya,id24010
Zenet,id24011
Zeppe__Zikki__Urbanus,id24012
Zero_Assoluto,id24013
Zeropositivo,id24014
Zez_Confrey,id24015
Zhang_Shuwen,id24016
Zhu,id24017
Zhurbin_Lev,id24018
Zididada,id24019
Ziggy_Marley,id24020
Zillertaler_Schurzenjagr,id24021
Zimmermann_Charles_A,id24022
Zipoli_Domenico,id24023
Zoe_Birkett,id24024
Zombies,id24025
Zone,id24026
Zoot,id24027
Zorba_The_Greek,id24028
Zuccalmaglio_Anton_Wilhelm_Florentin_von,id24029
Zucchero,id24030
Zucchero_Nomadi_e_Bennato_Mix,id24031
Zucchero__Anggun,id24032
Zucchero__Randy_Crawford,id24033
Zucchero__Vanessa_Carlton,id24034
Zucchero_feat_Macy_Gray,id24035
Zucchinetti_Diego,id24036
Zucchinetti_Giovanni_Bernardo,id24037
Zundel_John,id24038
Zurawski,id24039
Zwyssig_Alberich,id24040
_Big_Tom,id24042
_Movie,id24043
_Musical,id24044
_Musical_Feat_Twiggy,id24045
_Muzyika,id24046
_SG_Arrangement,id24047
_Top,id24048
_Zone,id24049
__Miserarete,id24050
anon,id24052
canon,id24054
flaw,id24055
from_Andrew_Lloyd_Webbers_Cats,id24057
from_Aspects_of_Love_musical,id24058
from_Dumbo,id24059
from_Fiddler_On_The_Roof,id24060
from_Jungle_Book,id24061
from_Miss_Saigon_musical,id24062
from_Pinocchio,id24063
from_Snow_White,id24064
from_South_Pacific,id24065
from_The_Little_Mermaid,id24066
from_The_Phantom_of_the_Opera,id24067
from_film_Bagdad_Café,id24068
interpol,id24072
l_Kini_kini,id24075
lo,id24077
movie_themes,id24079
plendid,id24082
seasonal,id24083
standard_shot_it,id24084
treme,id24085
tv_themes,id24086
u_lookuperr,id24087
william_ft_Eva_Simons,id24089
Álex_Ubago,id24090
Álvaro_Loreto,id24091
Égide_Martini,id24092
Éric_Leroy,id24093
Étienne_Moulinié,id24094
Óscar_Manuel_Paredes_Grau,id24095
Ö_La_Palöma_Boys,id24096
Černohorský_Bohuslav_Matěj,id24097
Česlovas_Sasnauskas,id24098
Żołnowski_Maciej,id24099
